paper_id,topic_id,topic_prob
zNA7u7wtIN,18,0.3661792959396791
UAFa5ZhR85,1,1.0
FNn4zibGvw,-1,0.0
xgY4QcOiEZ,0,0.8842411535258679
mgNu8nDFwa,0,1.0
Y2VQWfi7Vc,-1,0.0
A6JDQDv7Nt,-1,0.0
NpyZkaEEun,0,0.4239892809542975
ackajXqei2,0,1.0
qVMPXrX4FR,-1,0.0
ePkLqJh5kw,1,1.0
dCYBAGQXLo,-1,0.0
JYUN0vYjh9,4,0.3107936675719211
wm5Ane9VRO,6,1.0
Nd3FennRJZ,0,0.9531012146401284
9FmolyOHi5,15,0.8440082509006938
2NUFe4TZMS,4,0.8144780172186848
dzqKAM2sKa,0,0.4431401197621054
1qFnxhdbxg,0,1.0
OzpTd2EsH1,6,1.0
Z8q7GmS89a,0,1.0
V5FNSilWiC,0,0.4560309587791058
pLsPFxqn7J,-1,0.0
uN71BdBEG8,1,1.0
m0vfXMrLwF,-1,0.0
gdVcFOvxT3,-1,0.0
L0QwnevT0F,-1,0.0
eJZ5vJEaaa,-1,0.0
L7Whl9pXd0,0,1.0
vHSQTEIFkp,7,1.0
cCYvakU5Ek,5,0.3120572165116403
tn9Dldam9L,-1,0.0
aky0dKv9ip,-1,0.0
kR21XsZeAr,0,1.0
1bTG4sJ7tN,0,1.0
LTbIUkN95h,0,1.0
TQlpqmCeMe,0,0.6040529532441686
gGl0n7Onug,-1,0.0
HlIAoCHDWW,0,0.7365650712455457
bx0SDRVDzF,-1,0.0
59D5vAGhHQ,7,0.9507588017403752
wcdF6jR0Sp,-1,0.0
Lmxo0RVNx2,2,0.7526478723203675
hwjmEZ8561,-1,0.0
XEUc1JegGt,-1,0.0
pWZ97hUQtQ,0,0.671715868284722
KFm2lZiI7n,-1,0.0
WxnrX42rnS,-1,0.0
DoE3esTIEM,0,0.4516979071032642
Ia4dmqst0Z,-1,0.0
OGQWZ3p0Zn,0,1.0
MvCq52yt9Y,16,0.9714750963535844
9Tx2znbyTm,-1,0.0
htM8yp2EwX,3,0.1842827093195843
exiXmAfuDK,0,0.9603857180480696
gUEekxYr6D,0,0.5814879333358198
Oj7Mrb4009,6,1.0
Nn0daSf6CW,-1,0.0
3NWWgB2SuF,-1,0.0
JDoA6admhv,6,1.0
xZvGrzRq17,0,1.0
I9xE1Jsjfx,-1,0.0
KTR33hMnMX,-1,0.0
TjgG4UT62W,0,0.5002174070838845
BACQLWQW8u,0,0.190856766809925
9lygTqLdWn,-1,0.0
RhE01dqo8u,12,0.2740497742146596
bv9mmH0LGF,0,1.0
aS2Yl8s5OG,6,1.0
NLFqlDeuzt,10,1.0
oFpBnt6bgC,16,1.0
quMBEd27x9,0,0.8359242903497112
sodl2c3aTM,-1,0.0
uZvG0HLkOB,0,0.3990660548600296
B3UDx1rNOy,1,1.0
NiQTy0NW1L,0,1.0
clCELP8zFb,0,0.6577204668995821
SxXN3kNTsV,-1,0.0
R8GF0EsNsI,7,0.797109520213604
IobxuwPnWt,7,0.4480524532501675
5GmTI4LNqX,2,0.8886865734876457
XRy4YQYLe0,13,1.0
pVlC0reMKq,-1,0.0
yloVae273c,0,1.0
jYIknUIgkd,3,0.3179803889543645
lRxpVfDMzz,-1,0.0
dL0GM9Wwtq,3,0.5340868013142602
PBpEb86bj7,5,0.4025399286876686
jRL6ErxMVB,-1,0.0
f7wFwPJwBe,-1,0.0
xcGhx9FdxM,6,1.0
6f320HfMeS,11,1.0
clKbFMt29V,17,1.0
wxkBdtDbmH,0,1.0
g27BggUT3L,-1,0.0
pefAAzu8an,-1,0.0
6UCMa0Qgej,0,1.0
bzs4uPLXvi,-1,0.0
GGIA1p9fDT,2,0.6077603187483877
WPdGRRJaPb,10,0.8371037900093439
sQBGVw5qH9,0,0.6302396059234825
g9gjpFOiO4,12,1.0
dR6p49RYLq,-1,0.0
f71xXsoG1v,0,0.7643476252284476
FCwF5431IY,3,1.0
3X2EbBLNsk,5,0.814885039530244
rwbzMiuFQl,-1,0.0
FwmvbuDiMk,0,1.0
0BfQT652sC,0,0.8201054423190899
Y3NjoeO4Q1,0,1.0
q9WMXjUxxT,-1,0.0
pBa70rGHlr,-1,0.0
AnFUgNC3Yc,0,1.0
Og2HCj3V1I,-1,0.0
9QsdPQlWiE,-1,0.0
b60wLlkBta,-1,0.0
gx20B4ItIw,-1,0.0
E2TJI6CKm0,-1,0.0
rN99gLCBe4,-1,0.0
DvRTU1whxF,2,0.8797893233902825
wv79UiY5U7,0,0.887736035180812
Pjky9XG8zP,0,0.7916354256508684
vzrA6uqOis,-1,0.0
u6Ibs4hTJH,0,0.5676884899129063
apFDDJOYf5,-1,0.0
dWDEBW2raJ,-1,0.0
CYCzfXn6cZ,-1,0.0
avuRopYsCg,-1,0.0
9BV9dMhRjt,-1,0.0
93NLxUojvc,16,0.7124584505278951
1IOU2329Za,0,0.8597683673222799
QzcZb3fWmW,-1,0.0
JTmO2V9Xpz,5,0.6654722054558749
INS3ltgjg7,1,1.0
M6UccKMFGl,3,0.3975815164965263
xPqINp0Eu1,0,0.8074112614939007
UzUhiKACmS,4,0.3650026088124939
7eHn64wOVy,0,0.5476234866947061
A954O4tDmU,0,0.4361632642142521
87Nu9SagB7,0,0.2070994781570493
KBMOKmX2he,0,0.664812498531721
tW2KSph9o8,-1,0.0
fpElyckKkd,-1,0.0
lV3LIGlc1w,-1,0.0
FM8thAWqiO,1,0.6326092551023036
UkAGqeWTuL,-1,0.0
THDGuhN7LA,0,0.8047530290679088
AA1xrgAP5z,0,0.4271469294214655
sIU3WujeSl,-1,0.0
6MQ5cheYDZ,0,0.9781157435625278
kJHKkRAZ0W,0,1.0
aZ44Na3l9p,-1,0.0
ij3svnPLzG,0,0.2068412266479299
mA7nTGXjD3,-1,0.0
VpCjozUOM2,-1,0.0
31zVEkOGYU,24,1.0
yC3q7vInux,-1,0.0
vcNjibzV3P,1,1.0
IoizwO1NLf,-1,0.0
deaHiTb6Cu,11,0.8893293576684037
ad3JNoR2np,-1,0.0
UOB1UgPjuG,0,0.8424580891902632
lk6KDG6qI7,11,0.6491043061077085
ifbF4WdT8f,-1,0.0
vnGcubtzR1,-1,0.0
UdrybSp67L,0,0.4910106052700169
W9pJx9sFCh,-1,0.0
CWnzWMLk3P,0,0.9311413697757138
5UwnKSgY6u,1,1.0
R45A8eKcax,-1,0.0
exg62lfHrB,-1,0.0
5cPz5hrjy6,0,1.0
9AcG3Tsyoq,0,0.6648953924535076
ECBK3TVmZl,0,1.0
vN9OBsZtYH,13,1.0
Yacmpz84TH,-1,0.0
Xj4LJiXvlX,0,0.5052908583945906
toYvRJ7Zmy,26,1.0
ZViPzk1sUI,-1,0.0
BmIW6U0rz8,-1,0.0
FskZtRvMJI,-1,0.0
7ntySBR3Ey,-1,0.0
utreNaM1VY,0,0.3844335084285128
LSYQB4CwD3,0,0.9674370579848652
05P1U0jk8r,0,1.0
0rEJx5QAxt,0,0.8967366016251386
ViFTWelHVZ,-1,0.0
6zyFgr1b8Q,0,0.4698656094435423
2NncD8AaFK,17,0.7287406997762947
kRdaTkaBwC,0,0.2070994781570493
sovxUzPzLN,0,0.5490535670248953
JpU5YmMKx7,2,1.0
OeLInnFKUK,4,1.0
haniyY7zm1,-1,0.0
9mJXDcr17V,0,1.0
ubap5FKbJs,0,0.9378079832217115
5UXXhVI08r,0,0.9439390144696048
dEySGIcDnI,0,0.9686100232185187
tECyQO1QOp,1,1.0
kR5ycmBclj,1,1.0
J8McuwS3zY,-1,0.0
GDYuzX0rwj,-1,0.0
gf5xJVQS5p,0,0.562356158654953
00EKYYu3fD,-1,0.0
xQOHOpe1Fv,0,0.4711015554451506
DI6KQhgqUr,-1,0.0
5F04bU79eK,0,1.0
UZlAjSnmvB,-1,0.0
IHR83ufYPy,-1,0.0
GYnbubCXhE,0,0.7200553545057173
4iMpwAlza1,-1,0.0
rxsCTtkqA9,-1,0.0
83LJRUzXWj,0,0.678286698156926
GEQZ52oqxa,7,0.5966412034043413
zW1uVN6Mbv,3,0.999123366250784
zGRWp7yRqd,-1,0.0
1FVmMlifl7,-1,0.0
sqkGJjIRfG,-1,0.0
vAElhFcKW6,0,0.9782869886027168
TUGoUNkccV,2,0.9988722214561152
RFE1eI0zNZ,16,0.2643689885363314
DKHEkP7Idx,0,0.8548776253004736
ZgVJvaAS2h,0,1.0
fem6BIJkdv,-1,0.0
Ozc8XVzwd4,-1,0.0
puupdGOWUp,1,1.0
cwBeRBe9hq,0,1.0
J1gBijopla,14,1.0
SjiLtmZETc,0,1.0
IKjOMA8olL,1,1.0
srJvUWZu6L,-1,0.0
rmQgQCZWiP,-1,0.0
SJw4Da8BuR,5,0.545071807441637
iajxrSgOSX,0,0.988001933927855
xo2lbfQE8I,-1,0.0
w91JqNQLwy,11,1.0
XvfEYqEbIb,0,0.6547846401685782
Xy7DoWSNZX,-1,0.0
DP2lioYIYl,0,1.0
QezJbfW01r,4,1.0
GuErIOGLie,18,1.0
etd0ebzGOG,-1,0.0
uotGmrcooz,0,0.5756944168107814
PAYXfIUKWY,-1,0.0
OmTMaTbjac,17,0.782039877089737
BHxsP5fSHv,-1,0.0
2nTpPxJ5Bs,0,1.0
50hs53Zb3w,11,1.0
4vpsQdRBlK,-1,0.0
S1KGaTSOTS,0,1.0
Nr1XSeDzpn,7,0.747850604828299
94rKFkcm56,1,1.0
uoG1fLIK2s,10,0.6790199428918052
LnySNEJAQt,-1,0.0
SFfOt1oDsX,1,1.0
ghzEUGfRMD,-1,0.0
sw2Y0sirtM,2,1.0
B6HSIgvyJ3,0,0.3285406592201015
5XshcizH9w,14,0.6325772339395109
eibTaY6qGI,17,1.0
hN4qpvGzWn,0,0.3015028272451655
zPYeYv6YYs,26,1.0
zfCNwRQ569,19,0.6481377475839931
e2MCL6hObn,0,0.7861138195065374
QRAS5wSgEy,-1,0.0
8Oukmqfek2,0,0.8674046889304291
QjI36zxjbW,-1,0.0
ZBB8EFO7ma,0,0.4285204573057084
5bWW9Eop7l,0,0.7886851952819571
gh9JNeqjzo,0,1.0
eIFZtkshgH,0,0.6599854537173897
CXPUg86A1D,0,1.0
dbVRDk2wt7,0,0.1226501114747889
BYywOFbRFz,-1,0.0
yiehppUCO2,-1,0.0
jS4DUGOtBD,0,0.9542775653353
Lr2swAfwff,0,0.7321518331889827
vvoWPYqZJA,0,0.9747079114570508
lXOoR4KYcJ,-1,0.0
vfDPA1Ft0c,0,0.5359467103587285
A4zzxu82a7,-1,0.0
Ifq8GMdqJK,0,0.8074112614939007
thbXgJ8gNK,-1,0.0
gAP52Z2dar,0,0.7089820766684296
s86M8naPSv,-1,0.0
MamHShmHiX,-1,0.0
0tEjORCGFD,0,0.6986216845262571
GJtP1ZEzua,1,1.0
zAQK5r1enm,0,0.8904342187285276
ZcuFDaMTYw,-1,0.0
PITeSdYQkv,4,1.0
0eRDQQK2TW,0,0.5970663746579258
6Odmtoek02,-1,0.0
m2WR1yJ8N9,-1,0.0
FOFJmR1oxt,0,0.4111539209880137
9EndFTDiqh,0,1.0
hCdqDkA25J,7,1.0
1g0A9kE8Id,14,1.0
MFWgLCWgUB,0,0.4172128461939834
KffE8iXAw7,1,1.0
fKVEMNmWqU,-1,0.0
x5fs7TXKDc,-1,0.0
N56hAiQvot,0,0.6580199545599832
bPJmu1PbZD,10,0.5605177028831024
GfITbjrIOd,-1,0.0
CWdxHxVAGG,24,1.0
t7lnhhi7De,0,0.7572007524544128
w6krZiUa7t,2,0.769831331967077
nArzDm353Y,-1,0.0
k6yNi6DEqK,-1,0.0
Ypbke6biDm,0,0.7305036786975884
MCj7DLkYqS,0,0.305783401931505
gMjIUZBKH8,-1,0.0
yh0OkiUk5h,-1,0.0
CXrRMfs5eY,-1,0.0
hcXDbbzgoh,0,1.0
eqyhjLG5Nr,16,0.6614705318718405
y08bkEtNBK,0,1.0
UPefaFqjNQ,2,1.0
ZfFR4d5gUM,0,0.5139154846552023
cm53OBkctM,0,0.8543432779430415
nKCUDd9GYu,0,0.440944779225368
3FJaFElIVN,-1,0.0
Al9yglQGKj,0,0.6656068192190485
qHrZszJSXj,-1,0.0
kvXcHfBghm,-1,0.0
i2H2sEiq2T,7,0.4210592062092728
HtMXRGbUMt,0,0.6820319657206795
yjWVd8Fhqt,0,0.4777284493540559
inIONNg8Sq,0,0.5214351515115838
rDiMgZulwi,2,1.0
axmY49ahVI,0,0.219743787253787
82HeVCqsfh,-1,0.0
E58gaxJN1d,0,1.0
CgJJvuLjec,-1,0.0
CbsJ53LdKc,-1,0.0
6XPPfZkhKi,0,0.8639015094690592
XzTM9gVRT4,4,1.0
EdgPb3ngR4,-1,0.0
eCgWNU2Imw,-1,0.0
pKnhUWqZTJ,0,1.0
S5wmbQc1We,-1,0.0
SzYHu7EIwZ,-1,0.0
KvPwXVcslY,2,0.8662801429160653
MziFFGjpkb,-1,0.0
EETqXXdqkI,-1,0.0
0ORqsMY6OL,-1,0.0
Lg1ODJGGiI,0,0.2070994781570493
BXQtgwA2n0,-1,0.0
tfyr2zRVoK,-1,0.0
BfQJrIiOZC,3,0.4834606231854291
HPrd17Qvbp,0,1.0
A7feCufBhL,0,0.8703466742916759
6vnwhzRinw,0,1.0
qCglMj6A4z,4,0.9852993843751228
xxfHMqNcum,-1,0.0
EgCjf1vjMB,4,0.932891956201034
hiOUySN0ub,2,1.0
OzjBohmLvE,7,0.797109520213604
zDbsSscmuj,0,1.0
PLzCXefcpE,0,0.1897282022323151
u4YXKKG5dX,9,0.5287851537783781
txPdKZrrZF,-1,0.0
fU9U7OYxfE,0,0.2686909658837465
Zi1KKzh5Aj,0,0.581270631418025
1jhmWkZGy6,-1,0.0
x9FOu3W6iy,-1,0.0
FCIj5KMn2m,2,0.919782589311361
oGxE2Nvlda,6,0.4449995096687636
Z28nPtAVxx,7,0.9444017939951976
0Tq1RGJBid,11,0.6270251073367806
q1JukwH2yP,0,1.0
ecRaDicXxw,0,1.0
gdwcoBCMVi,9,1.0
sOQBHlCmzp,12,0.2740497742146596
hz10oiVMNE,-1,0.0
LMU2RNwdh2,0,1.0
KF4LCXz8Np,-1,0.0
hHUZ5V9XFu,10,0.6183558217393771
txv7TnPvOi,0,0.3844335084285128
Y8p3ThNDmK,0,1.0
Bf6WFWNCUP,0,1.0
w7LxAZfDfv,0,0.6599854537173897
B7QRV4XXiK,-1,0.0
Yx8Sw2H5Q7,-1,0.0
gLfgyIWiWW,-1,0.0
WjDj6W872v,0,0.7391799385617984
HWNl9PAYIP,-1,0.0
wqIm0Qsgy0,2,1.0
n3XuYdvhNW,22,1.0
voG6nEW9BV,0,0.931366739282558
xBhvMu4J03,3,1.0
Kig2YJVYfq,6,1.0
KoQgA0coZ9,0,0.6089011993034946
zpVCITHknd,0,1.0
wRJqZRxDEX,0,0.8874719588931932
KsICioDlYs,-1,0.0
6vtZIoxZoJ,0,0.3997281149355376
MUwr2YVJfN,-1,0.0
gdzxWGGxWE,0,1.0
1cY5WLTN0k,0,0.6905722644352342
M4h1UAxI3b,13,1.0
vqGWslLeEw,0,1.0
SHyVaWGTO4,6,0.6445423192582047
8xTOtxinMH,-1,0.0
vM5VnNQ4n7,0,0.7069340402035857
eX6xDto3Ed,0,1.0
obCNIzeSrg,0,0.819036049842625
CQ38aC92WY,4,0.3187981906813913
Q3FXnCPZ1X,1,1.0
KTfAtro6vP,-1,0.0
1vvsIJtnnr,0,1.0
qSS9izTOpo,2,1.0
tJwyg9Zg9G,0,0.2434371962252976
eKFrXWb0sT,-1,0.0
YsYKv95jy9,-1,0.0
SCsJFNcSHQ,-1,0.0
Y6IGTNMdLT,-1,0.0
xMgO04HDOS,-1,0.0
wIlmx4bHrO,7,0.8835024340915612
8uOZ0kNji6,-1,0.0
IrjXmIKFyx,0,0.7468319177124004
bfmSc1ETT9,-1,0.0
8SUtvEZCF2,0,1.0
PzYAMXmIT3,-1,0.0
lM0xyViO90,0,1.0
rHAX0LRwk8,-1,0.0
8U31BCquNF,-1,0.0
Bj1QSgiBPP,-1,0.0
35nFSbEBks,-1,0.0
0EG6qUQ4xE,-1,0.0
ymHM1qRUeb,0,0.5634850199859414
4nSDDokpfK,19,1.0
NJPSvv0u3R,0,0.6781134732159984
YOZaej0ZC7,13,0.888153726991222
IT9mWLYNpQ,7,0.4536602972834671
F6j16Qr6Vk,7,0.7226365784914729
f56xMRb7Vt,0,0.7848292022226258
9qG6cMGUWk,0,0.8047530290679088
5Fr8Nwi5KF,0,0.5869947601591284
VPTZVVP4tm,1,1.0
t7ZowrDWVw,14,0.9472540723806624
GI4Pp01prW,0,0.4302419548865729
Ay3WvSrtpO,0,0.3811948154335229
FsQWxU5TOL,-1,0.0
Uafbv4rfJc,0,0.5619024413910968
p4PckNQR8k,-1,0.0
dikH9tdPi2,6,1.0
ginTcBUnL8,0,0.3250744697615729
nRfcVBsF9n,1,0.6768475363645504
GqtpYUCwnu,0,0.2673813147671151
zqOcW3R9rd,-1,0.0
pvSKVt3EsM,-1,0.0
X6Eapo5paw,0,0.2070994781570493
cdlmsnQkZ9,0,1.0
TczT2jiPT5,-1,0.0
PIDNxRRJ8w,20,0.5196248970839373
JCCi58IUsh,0,1.0
EldbUlZtbd,-1,0.0
fHyLsfMDIs,22,1.0
i6mMWNcTfu,-1,0.0
QoeOVgayLp,0,0.8947216289596682
7f6vH3mmhr,0,1.0
YE04aRkeZb,0,0.3861588338067043
SoLebIqHgZ,0,0.4973967319134071
99MHSB98yZ,0,0.5501629928115247
t3vPEjgNtj,6,1.0
B2DEcj4a7i,-1,0.0
KoFYzuwjCA,18,0.4647930609214236
SquMNyrk1O,0,0.6261518644267662
VhbV56AJNt,0,0.4271469294214655
0eXniewIvr,0,0.3613601667315819
pO7d6iFdnc,1,1.0
ES32O8mBK3,5,0.728114554734516
iMfPFPMsZo,-1,0.0
sTjW3JHs2V,-1,0.0
gzCS252hCO,18,1.0
2hhIDEHhkk,16,0.7216203331512836
B4tkwuzeiY,-1,0.0
nijJN0LHqM,7,0.6334108816703178
zD6lXmTPPh,0,0.8675344911769942
75v88kyyko,1,1.0
XhNlBvb4XV,1,1.0
gaXAjtHic2,0,1.0
QIBpzaDCAv,0,1.0
yjYwbZBJyl,0,1.0
m2getD1hpk,19,1.0
JK2oPrP8B3,11,0.8682508136537408
2f0dlMZlNb,6,1.0
4KV2xLeqPN,-1,0.0
kJIibP5bq2,-1,0.0
ZXbgVm3PSt,-1,0.0
uWNqy09dFW,0,1.0
Fe6fDq65aZ,-1,0.0
vZRiMjo826,22,1.0
0DpKUzl1Se,0,0.9738313034242744
X6dEqXIsEW,-1,0.0
0e4eiXoUn5,11,0.647146837112127
X9Vjq9Fuhq,7,0.5888137163728568
bbL20Oupi4,1,0.7685239217307563
UYl9IIsjq7,-1,0.0
KTZttLZekH,0,0.2012900439303157
ZIfhYAE2xg,0,0.1897282022323151
XRTxIBs2eu,5,0.7096260935123012
ox7aynitoW,-1,0.0
xx3qRKvG0T,0,0.6464861254717431
IJblKO45YU,0,1.0
3aVZhMfsyz,0,1.0
H1CQZqpgdQ,8,1.0
1h7Uh9zUXc,0,1.0
hiwF7aG1dt,0,0.977592879557746
HYo2Ao3hP8,-1,0.0
tz4ECtAu8e,0,0.8323457013755715
pb1OwZNgr2,-1,0.0
8FbuHeVU7D,4,1.0
AWpWaub6nf,0,0.9645482594477516
SOEF0i0G1z,-1,0.0
t2hEZadBBk,1,1.0
qHzEFxtheD,1,1.0
arkmhtYLL6,25,1.0
BJ1vOqh3hJ,0,0.1833871587555747
gpJw8f4tIU,0,1.0
mlxRLIy7kc,-1,0.0
BMVcW1IL9l,0,0.6427026066476401
GiUe0ZFiVe,0,0.8244047711382633
tIzbNQko3c,9,0.7391220288999326
IltQ87ZdT6,-1,0.0
8F3Lutda7R,0,0.7119263402722271
KexMPvrFgJ,0,0.8872809213477575
DVjyq5eCAD,13,1.0
Sf9goJtTCE,0,0.796909113307302
Xs6Xwc0Glj,0,0.7848292022226258
EoDpq18R30,1,1.0
u6BYyPuD29,6,0.5080340747731688
i0OmcF14Kf,-1,0.0
Tt6DrRCgJV,10,1.0
Dqn715Txgl,0,1.0
IMiGRqltQQ,0,0.8302197107736738
ZNBblMEP16,-1,0.0
XXPzBhOs4f,4,1.0
M7r2CO4tJC,0,0.6616283118671891
3gamyee9Yh,0,0.7681152856803418
090ORrOAPL,24,1.0
tLEDsaKuDh,-1,0.0
Yj3lFEyfnl,-1,0.0
y9U0IJ2uFr,-1,0.0
YLOJ4aKAka,-1,0.0
exPzwOhBgx,-1,0.0
prIwYTU9PV,-1,0.0
xbbknN9QFs,6,1.0
7eW6NzSE4g,-1,0.0
FgakGFpll1,1,1.0
6oiux75UDj,0,0.8302197107736738
WbFhFvjjKj,-1,0.0
DnVjDRLwVu,0,1.0
NBMIsOS6B7,0,1.0
TEpRn67828,7,0.4119770715687304
P1TCHxJwLB,-1,0.0
WVmus8NWE8,0,0.8685584037930588
l3HUgVHqGQ,5,0.3738884809494606
FXU4aR2uif,-1,0.0
leS8668NJm,0,0.8576313555472171
URI2aAQiQC,15,1.0
ZITOHWeAy7,1,1.0
dX9MjUtP1A,0,0.8302197107736738
Dt71xKyabn,1,1.0
hE7PG1lUZx,-1,0.0
dTj5tH94xv,0,0.8539237047705261
bRlEwWd7Vy,0,0.5322416019489953
AT6NaLPwy0,0,0.2602392747191445
7EMphtUgCI,-1,0.0
77Nq1KjmLl,10,1.0
OtU6VvXJue,24,1.0
fUZUoSLXw3,7,0.7295778172937188
fjXTcUUgaC,0,1.0
5aeyKAZr0L,0,1.0
jCPRG3FuHV,18,1.0
Xazhn0JoNx,-1,0.0
639RkUOmW8,0,0.4271469294214655
V5cQH7JbGo,8,0.847561668632033
fKwG6grp8o,0,0.9052782957913836
WPbIAdB6aQ,1,1.0
gIG8LvTLuc,-1,0.0
IEJzoOBM0z,3,0.510720755408005
3PjCt4kmRx,-1,0.0
e0pRF9tOtm,4,0.2188362899165117
loxinzXlCx,-1,0.0
PJhjkSFlbG,0,1.0
XlvsieCnAX,1,1.0
OJ0c6um1An,-1,0.0
EjMLpTgvKH,-1,0.0
f0Jj3C3Pnp,-1,0.0
81snFfE3vR,7,1.0
ekMLUoC2sq,2,1.0
cemEOP8YoC,8,1.0
shXnfALjuH,-1,0.0
zEoP4vzFKy,-1,0.0
6qLzQeFGio,0,1.0
cNObl6QQEH,-1,0.0
Xp68yXQiRk,-1,0.0
1YEF6TA8Di,0,1.0
SQouRKRIXY,0,0.9874179172126568
hElNdYMs8Z,0,1.0
497CevPdOg,0,1.0
j2EaW49Rk7,0,0.8559386347171271
UvBwXdL95b,-1,0.0
KXbAgvLi2l,0,0.3873535194002143
nI7EmXq2PL,0,1.0
8lbFwpebeu,0,1.0
OlSTwlz96r,-1,0.0
5t5u8PQa2T,-1,0.0
Pe9WxkN8Ff,5,0.7984920177310423
5yedZXV7wt,-1,0.0
2DtxPCL3T5,0,0.5959426181043643
jR2FkqW6GB,0,1.0
DD0QJvPbTD,-1,0.0
WRtlsxA5h7,1,0.2418016349101419
9XieH21Tlf,21,1.0
E8vGACczsQ,0,0.9427661380588568
MJbDy2155j,0,0.7549982385320761
hOOOvOMok5,-1,0.0
NyQwBttTnG,-1,0.0
DEC7NxDJLh,2,1.0
psXVkKO9No,0,0.8926650615726012
iWGC0Nsq9i,0,1.0
ytrhsvGP0r,-1,0.0
eozEoAtjG8,-1,0.0
ezqI5WgGvY,0,1.0
lSbbC2VyCu,0,0.6328671671919639
fmJv8Hj0yo,0,0.5047476062673737
sgCrNMOuXp,0,0.7595928314227341
zO2dAQfvHf,0,0.2854699963796281
K3JgUvDSYX,4,0.601576420173407
ylPX5D7It7,0,0.9061446494839354
BkQM8huiIc,-1,0.0
7b4oobeB4w,-1,0.0
mSDfBXr8Py,-1,0.0
D1sECc9fiG,0,0.6456761791242469
XEBzQP3e7B,24,0.4097352096725438
MCVfX7HgPO,0,0.8954556263391242
6cc69ArD3O,-1,0.0
3G2ec833mW,-1,0.0
iQhtJD1l7C,-1,0.0
9SwKSvaCiP,0,0.5431089334255251
eU6P4aUdCA,11,0.5764117577822265
sLhXMkI0kx,-1,0.0
cxazQGSsQa,17,0.8566737618253593
ETk6cfS3vk,-1,0.0
ghIBaprxsV,0,1.0
F5DYsAc7Rt,-1,0.0
blC2kbzvNC,7,0.5188684467186335
wYKU1C77sa,0,0.4777284493540559
N1feehMSG9,0,0.9418633106616564
EEtJTfvNZx,0,0.562356158654953
CJY7NEXVwC,6,1.0
Ncb0MvVqRV,-1,0.0
DGmxTUCHYs,1,1.0
XF923QPCGw,0,0.2897729188703034
w79RtqIyoM,-1,0.0
ykvvv0gc4R,-1,0.0
dsH244r9fA,-1,0.0
zIEaOZ0saA,0,0.7555961145947689
jvYXln6Gzn,-1,0.0
wiidCRA3at,0,0.5970663746579258
LWxjWoBTsr,0,0.8868462288787349
8GSCaoFot9,0,1.0
J0Pvvxspmz,0,0.8436399875201035
H15KtcyHvn,0,0.7466998212881218
Q3CRHnttxW,0,0.759794885681443
w0H2xGHlkw,0,1.0
jze2r6RDFz,0,0.6670808248863803
iFxWrxDekd,0,0.6768436730475424
XKP3mAsNHd,0,0.2673813147671151
6EaLIw3W7c,10,0.6697894972469662
UAow2kPsYP,0,0.9037412126904312
RiyH3z7oIF,0,1.0
pIXTMrBe7f,0,0.9779295984581218
QW5ouyyIgG,0,0.8471796885421696
54hYifmQZU,-1,0.0
LhVJdq4cZm,0,1.0
4IWJZjbRFj,16,0.1853540000850911
RgNXKIrWyU,-1,0.0
VvnfMeC3gQ,0,0.5739352334946656
a4kspTMV9M,22,1.0
K1Uzj8tuwd,0,0.6209085492773085
AKAMNDe2Sw,6,1.0
2ep5PXEZiw,-1,0.0
dQLsvKNwZC,-1,0.0
bOQNd7tWAp,-1,0.0
2ccH4zjKVs,11,0.8682508136537408
GYjV1M5s0D,-1,0.0
rGN3X9jnEg,2,1.0
RrdBNXBUIF,1,1.0
1wOkHN9JK8,2,1.0
dLmDPVv19z,0,1.0
ixVAXsdtJO,0,0.946837647567644
6cJKcIxPck,-1,0.0
Ah2Q8mLH96,-1,0.0
On0IDMYKw2,-1,0.0
QVpfk2C3Dm,0,1.0
qqcIM8NiiB,0,1.0
IrEYkhuxup,-1,0.0
OXhymu6MeN,0,0.4256795699580036
MdJX5wwKwx,1,1.0
cx9a4Xvb3l,-1,0.0
StD4J5ZlI5,0,0.5779364917460073
m9uHv1Pxq7,-1,0.0
ZPtzwr2SwJ,0,0.4271469294214655
fWLf8DV0fI,10,1.0
5hVXbiEGXB,-1,0.0
P9I2VQv1uC,3,0.503634188786598
4L9g1jUDtO,4,0.5980562956225125
pXtVyj4R33,-1,0.0
YkBDJWerKg,-1,0.0
rLpLjCBW4J,7,0.4320275227243662
tDAu3FPJn9,-1,0.0
dFSeZm6dTC,-1,0.0
ne6zeqLFCZ,-1,0.0
FLTg8uA5xI,-1,0.0
kMmAYbT0VL,0,0.6711078589422307
BqTv1Mtuhu,5,0.7762987437246543
t6nA7x3GAC,0,1.0
XT9mL5vxX2,-1,0.0
UDqHhbqYJV,1,1.0
z9NLqoFvZ0,-1,0.0
yhNHpLWJDl,0,1.0
QlfGOVD5PO,0,0.932839308681723
sla7V80uWA,0,0.9951948311422548
YsZTDcIQwQ,0,0.6175354004630476
RMeQjexaRj,-1,0.0
tesBViWnbx,0,0.7571159466338512
O63qgtebjH,-1,0.0
yT0f93CeTw,0,1.0
jDIlzSU8wJ,-1,0.0
rheCTpRrxI,0,1.0
7RMGI4slcb,0,1.0
87Qnneer8l,24,0.4671161716641926
sWNOvNXGLP,2,0.919782589311361
fj0ZeRtUTU,-1,0.0
rZqRu8e4uc,-1,0.0
ByDy2mlkig,-1,0.0
6fuZs3ibGA,-1,0.0
AMIJEupsNq,0,1.0
8rDbUoYc0p,1,1.0
9iafshF7s3,-1,0.0
PXsqbAjpQd,-1,0.0
RteNLuc8D9,0,0.310682438152214
Y3g1PV5R9l,0,1.0
1p6teT6F73,5,0.9158059332563764
awbWWO0nb6,0,1.0
huh0XmSdBK,21,1.0
0BwB03qA5T,-1,0.0
62zmO4mv8X,-1,0.0
v2oGdhbKxi,-1,0.0
SWU8YLlFVH,2,0.5946703468422221
BuGFwUS9B3,14,0.7341986760734265
6BZS2EAkns,0,0.6067311683895772
8ox2vrQiTF,2,1.0
UNOeQGHNaN,6,0.8413874614133056
d8j3lsBWpV,0,0.8403394085283595
dDk6URGRXP,0,0.6999272544645292
AGMVzMGcGP,0,1.0
LCnjG1IEfm,-1,0.0
3ofe0lpwQP,0,0.7861138195065374
6lnoUqFd5R,-1,0.0
tLrkjK128n,-1,0.0
xFtuNq23D5,1,1.0
9rmwPAjk9O,0,0.5970663746579258
DVm0xxaEq1,0,1.0
jcRB6xHdJ2,2,0.5401538376147526
crZlhMnfeO,0,0.6117732677396395
Qu6Ln7d9df,-1,0.0
9HJyRsgU13,0,0.8811270169506022
SLwy8UVS8Y,-1,0.0
GEtXhqKW6X,3,0.9885337869532826
D9CMRR5Lof,0,0.1897282022323151
5uIL1E8h1E,0,1.0
afKnrwJBAl,-1,0.0
CnvZ7FIyAD,-1,0.0
kmbG9iBRIb,0,1.0
ykMdzevPkJ,0,0.4322705440161182
Qv7rWR9JWa,-1,0.0
4hiJ3KPDYe,0,1.0
gYetLsNO8x,0,0.5634850199859414
SxVHyYavHy,0,0.8639015094690592
a648X9AoL4,0,0.6772916772009973
PnWakgg1RL,10,0.8371037900093439
uzOBDerK1j,-1,0.0
MV0INFAKGq,10,0.812334547254936
qcQhBli5Ho,-1,0.0
zKjSmbYFZe,13,0.8214091079947007
Ks0RSFNxPO,0,0.8796543997255402
uR8TtWCIsr,5,0.7481201914946787
GItLpB1vhK,-1,0.0
scaKiAtbI3,12,0.2451046548458544
j7x9wW3tCf,-1,0.0
bzXpQUnule,0,1.0
lYNSvp51a7,-1,0.0
QKSejqE8Vp,-1,0.0
N6FhEMnxCU,4,0.8531400811468073
J2Cso0wWZX,0,0.8576313555472171
xpjsOQtKqx,-1,0.0
vq11gurmUY,11,1.0
cUuXVaMmmv,-1,0.0
XPWEtXzlLy,0,1.0
JIKM2vS8XU,-1,0.0
3pEBW2UPAD,-1,0.0
lvvaNwnP6M,0,0.9496092247450546
CQuRzAgjg9,0,0.6322161612267202
BOP5McdqGy,-1,0.0
r9fzp8eyhZ,10,1.0
MRiitgpcUy,0,0.8074112614939007
oSYjkJKHZx,-1,0.0
1ihGy9vAIg,-1,0.0
EjiA3uWpnc,1,1.0
Ex3oJEKS53,-1,0.0
x2PH6q32LR,1,0.909890343951416
u39QQh5L8Q,2,1.0
yGLokEhdh9,19,0.4104062262075078
3iSj4l8ZGT,0,1.0
J0RD92Tmfc,1,1.0
b1JPBGJhUi,0,0.4578921398151448
uRewSnLJAa,-1,0.0
ZVRG3toCTT,-1,0.0
ganlU27uvj,-1,0.0
noMktb4ait,1,1.0
en4LGxpd9E,0,1.0
u359tNBpxF,-1,0.0
OlMKa5YZ8e,25,1.0
vF8ukt5l1R,-1,0.0
PcNpL9Q39p,-1,0.0
8qePPvL1VY,25,1.0
hCg4w8L8Dt,-1,0.0
Lkc0KjsDFv,0,0.1897282022323151
OMDgOjdqoZ,15,0.7576479610647878
XH3ArccntI,0,1.0
rfTFJvTkr2,15,1.0
AiEipk1X0c,-1,0.0
wLiMhVJ7fx,0,1.0
FtZ7lUwH99,0,1.0
yvqqkOn9Pi,-1,0.0
2yXExAl0FW,0,0.4243034533320352
SaMrN9tnxE,0,0.7445411330451663
MH7E7AME1r,7,0.6557220699252354
gJHAT79cZU,0,1.0
DOdaV0Hqdy,0,0.7310705142639604
LelK6Mfoey,0,0.8772230089719585
BQA7wR2KBF,14,0.6325772339395109
aN0llPIbdg,12,0.2934529104789958
xdQpmUPNHC,-1,0.0
h6WUKM7PCI,-1,0.0
9o6KQrklrE,10,0.672219951223449
T5h69frFF7,18,1.0
lpx9LZPVtZ,1,1.0
1h2TAUEfc4,-1,0.0
JMuKfZx2xU,0,0.8796543997255402
oaJEB5Qcia,-1,0.0
CzAFnfwbGd,0,0.9708445450225212
caUhYUVsLl,-1,0.0
QGmNMtK3pQ,-1,0.0
5TTV5IZnLL,0,0.95494576760631
liMSqUuVg9,5,1.0
CpoS56pYnU,0,0.6006840827140755
58HwnnEdtF,0,1.0
bbbbbov4Xu,0,0.7749665522634813
zJMutieTgh,6,1.0
N0m9c0FqUV,0,1.0
4UCktT9XZx,9,1.0
C6IIwFHWkF,0,0.5442312866106659
PhFVF0gwid,0,1.0
VNyKBipt91,0,1.0
tGuMwFnRZX,1,1.0
xWCp0uLcpG,0,1.0
eTMHsUp3Ii,0,1.0
OitmaxSAUu,5,0.7411029779492968
XfKnoW4Zef,0,1.0
esy7pkZmKn,0,0.3114422829617752
kAU6Cdq1gV,0,1.0
Q5Eb6qIKux,-1,0.0
qgmrC8jhCo,0,0.8503924539594181
ztDxO15N7f,1,0.8708328603497163
U6fp6IUBdr,-1,0.0
Qv6468llWS,0,0.7542145911468614
qdM260dXsa,-1,0.0
uJmsYZiu3E,0,0.4560309587791058
kjMGHTo8Cs,-1,0.0
KTRwpWCMsC,26,1.0
OIJ3VXDy6s,-1,0.0
Jkc74vn1aZ,-1,0.0
htkdwc6jDB,1,1.0
KRlG7NJUCD,-1,0.0
dHF3Im8Aic,-1,0.0
l4CZCKXoSn,-1,0.0
NYwbmCrrni,0,1.0
GsCTjmYe5v,-1,0.0
pzc6LnUxYN,0,1.0
6EDHfVHicP,0,0.8639015094690592
cpUuSV8kRw,-1,0.0
T3SstRu5fq,0,0.96144945006129
hxJu0386if,-1,0.0
KYxD9YCQBH,19,1.0
Pk9CdOZYRA,0,1.0
8XRMbNAP6Z,1,1.0
8hKCNVqrlf,-1,0.0
gThGBHhqcU,-1,0.0
gaktiSjatl,0,1.0
o16sYKHk3S,3,1.0
nX0zYBGEka,8,1.0
HvhagNdf5z,0,1.0
jown9RvYn7,-1,0.0
K3BMejPSyQ,0,1.0
tP50lLiZIo,0,0.8847278498267082
nXPqMyWUnx,13,1.0
lOCHMGO6ow,0,0.6493191820382647
c9fXCzR5fK,0,0.1897282022323151
CusNOTRkQw,0,0.8284226432747532
EkcO9tHm6S,-1,0.0
U6bhCLSPun,-1,0.0
LnZuxp3Tx7,0,0.9295323767677596
rzu41O7us0,2,1.0
3Fc9gnR0fa,-1,0.0
8d9wVXri89,-1,0.0
NU2kGsA4TT,-1,0.0
VqIWgUVsXc,1,1.0
ESEM1lNoeS,0,0.8576313555472171
H5pwAeYAun,0,0.8302197107736738
DCIsNIUCV7,0,0.4965446572042635
O06z2G18me,-1,0.0
W23ZTdsabj,-1,0.0
ZrG8kTbt70,1,1.0
0NuseeBuB4,0,1.0
UKd6dpVGdu,-1,0.0
iRiEpc7jpa,0,0.7483187171953368
V4YeOvsQfu,15,0.1164554729674857
5Gw9YkJkFF,0,0.677588409041362
mkKQr56xdB,7,0.8972996262073191
b6XvK2de99,0,1.0
VpGFHmI7e5,0,1.0
5La4Y8BnQw,0,0.8014689321227726
pcpjtYNJCH,0,0.4900080515601787
i913TUOvTK,2,1.0
pJbEXBBN88,6,1.0
28RTu9MOT6,1,1.0
XmN7ZNbUAe,-1,0.0
IZRlMABK4l,-1,0.0
kj33zJ9Vue,0,0.9075119461719052
Iq7v0sZw2H,-1,0.0
tLTtqySDFb,-1,0.0
Z6eexoCy7W,-1,0.0
xNyR7DXUzJ,0,1.0
rybsHQ4DXy,-1,0.0
5W7cXno10k,-1,0.0
RA7ND878XP,0,0.723878114793866
wjqT8OBm0y,-1,0.0
RLJ8t01p0u,-1,0.0
dcw7qRUuD8,0,0.5024728413400632
Vfp8sDST4g,1,0.8774677896603176
SqTUGq0R7j,-1,0.0
RJpAz15D0S,-1,0.0
phnGilhPH8,0,0.9336515637683936
492Hfmgejy,0,1.0
k2UVKezeWn,0,1.0
bn4qZxltsH,0,1.0
0WLMVDdvDF,0,0.4271469294214655
08hStXdT1s,0,0.695797433120081
d2WsCmoITF,22,1.0
vpMBqdt9Hl,0,1.0
b8xowIlZ7v,12,1.0
Op9z2QfXbC,-1,0.0
QwQ5HhhSNo,1,1.0
PTvxck0QDE,0,1.0
b2wSODM7iG,0,1.0
9pLaDXX8m3,-1,0.0
H2udtfMbl4,0,0.875006303633317
6IhNHKyuJO,0,0.6502048488240968
lAbCgNcxm7,10,0.7096795487149022
SA2KrosYjY,0,0.8576313555472171
oML3v2cFg2,0,0.9222317092887088
TBOfDCX4Gz,0,0.8605957686186972
54z8M7NTbJ,0,0.5631496617985179
TAIYBdRb3C,-1,0.0
iGmDQn4CRj,0,0.9037412126904312
UHIDdtxmVS,0,0.5075058101282413
NnIaEaBfXD,0,0.4596311305308062
wzg0BsV8rQ,3,0.3975815164965263
Lt3jqxsbVO,-1,0.0
3s6aE1LeiR,-1,0.0
cZVBRg59eb,0,0.6714068814822847
75Mxzfoeq7,0,1.0
xdOoCWCYaY,0,1.0
P0Avuii9iI,4,0.8113952767288728
aCOKUvqHtD,0,0.8925034526393536
Xq2s5yxzd2,-1,0.0
sC4RbbVKbu,0,1.0
IfRHdBy3wb,1,1.0
NaYAsbv2jF,0,1.0
Fdfyga5i0A,5,0.6276380667539492
RInTOCEL3l,-1,0.0
DDkl9vaJyE,2,0.9657262567825732
6kRQTPEVip,-1,0.0
E4P5kVSKlT,-1,0.0
clJTNssgn6,19,1.0
i39yXaUKuF,0,0.7922679017899047
yDvb3mlogA,0,0.5504217647772327
PHKkBbuJWM,12,0.2740497742146596
dqS1GuoG2V,-1,0.0
dwIeEhbaD0,0,1.0
S2k5dBb91q,0,0.5480685256234322
RTRS3ZTsSj,0,1.0
8ZveVHfmIE,5,0.8912991215150873
DNubFPV5Dy,0,0.9384341797318838
hI6EPhq70A,-1,0.0
UqYrYB3dp5,-1,0.0
ZqSx5vXOgC,-1,0.0
tJ88RBqupo,0,0.8269701050823499
uFlE0qgtRO,-1,0.0
RUCFAKNDb2,0,0.8370819662154552
t877958UGZ,0,0.984880545780494
vORUHrVEnH,0,0.6479107354891364
neu9JlNweE,4,0.3914831483243935
OZEfMD7axv,-1,0.0
RWcfpmjlYm,0,0.8250325422417089
NJK3aSB0z4,0,0.4881249103368438
jxhUNLoi4m,0,1.0
YSMLVffl5u,9,1.0
rbw9xCU6Ci,0,1.0
V5eG47pyVl,0,0.9844383573349472
cRzt1umRNx,-1,0.0
HvWfTrjwWa,0,0.9037412126904312
aGZp61S9Lj,15,0.3153034503593717
lzqaQRsITh,0,0.5546455990859653
ks7Mf5lzSx,-1,0.0
e2wtjx0Yqu,3,0.3755760417787219
eYCGrGdKf3,0,0.7941999460882473
xJLEQQrFia,-1,0.0
MG0mYskXN2,0,0.8317979374921476
Fp5uC6YHwe,-1,0.0
e8i7OaPj0q,4,0.3012070003210055
ZBxycYCuEL,-1,0.0
D94QKZA7UP,-1,0.0
fyLvHzEssH,0,0.7674233514762793
JhQP33aMx2,25,1.0
q8mH2d6uw2,0,0.2673813147671151
b6FeLpKKjl,11,0.5618309749237757
Yc9bqbnrbs,0,0.5634850199859414
8Kch0ILfQH,0,0.892328104997377
7WTA298wts,0,1.0
I9GNrInbdf,0,0.7880637049633031
zWxKYyW9ik,5,0.7719411265466841
VLnEFGu9V7,0,0.3829146009224765
0A9f2jZDGW,-1,0.0
Cupr2yTFSx,-1,0.0
VzLBMkc7tB,0,0.7968535768681696
2Xqvk2KVAq,3,0.3975815164965263
EdIGMCHk4l,0,0.6981994901751518
iF4gWu6QjU,0,0.8000733138405612
xr3KAzboHY,-1,0.0
DdViWdxCTs,0,1.0
KbqQMoqfLQ,5,0.7127694145274159
GGylthmehy,-1,0.0
q3fA5tTod3,2,1.0
BTRcVP7ZJn,0,0.6957241957921944
bmdnWIuypV,22,1.0
WBq6Q4ml04,0,0.9037412126904312
6jNQ1AY1Uf,0,1.0
UjtiLdXGMC,-1,0.0
sQyRQjun46,0,1.0
6e86TccKyQ,0,0.5374605889011722
Bto5a6w06l,0,0.5750140113466188
r6xGZ0XL2g,0,0.8236924116165947
a2svOXTVgO,-1,0.0
jB4wsc1DQW,0,0.4138904547314035
zCFfv49MjE,1,1.0
wMNpMe0vp3,-1,0.0
7gbjsgcN5p,15,0.477798915045395
HffQOS3mk8,-1,0.0
JOHp5SmckS,-1,0.0
paTESG8iSE,-1,0.0
25HiFHPcXg,-1,0.0
Eysb8t3MJ5,4,0.6003749826003004
6ePsuwXUwf,-1,0.0
ZULq9QV8rH,0,1.0
TStMZH3Xqx,-1,0.0
ke3RgcDmfO,0,1.0
CuHymkHRus,2,0.8978774209063272
pw5hEuEroL,4,1.0
bo5oIoL95U,-1,0.0
fTyGT5fulj,1,1.0
oAHjj0of5z,-1,0.0
yAOwkf4FyL,0,0.4864070487553772
2doqt9r0r0,-1,0.0
t3WCiGjHqd,-1,0.0
VtkGvGcGe3,-1,0.0
J6Niv3yrMq,0,1.0
9cQzO3rXgR,0,1.0
qv5UZJTNda,2,1.0
OCtv4NyahI,7,0.591280379420947
Eq9AFZlAjt,4,0.8631410765180725
QrB38MAAEP,14,0.6325772339395109
FdtdjQpAwJ,-1,0.0
paa2OU5jN8,-1,0.0
DDmH3H78iJ,-1,0.0
y50AnAbKp1,0,0.6379149992711567
9ych3krqP0,0,1.0
EUiIbwV379,4,1.0
AygwZzdCM0,3,0.1786811733936089
8BPzLxF9p5,0,0.6366963874279624
2YtdxqvdjX,0,0.9193351474212148
YJDz4F2AZu,0,0.4493365400309048
nF6X3u0FaA,-1,0.0
YeP8osxOht,0,0.7916444659991035
1kZx7JiuA2,10,0.6595674528765659
vO04AzsB49,0,1.0
Pz8xvVCLNJ,6,1.0
hgLMht2Z3L,-1,0.0
HNd4qTJxkW,-1,0.0
D0MII7rP3R,-1,0.0
1B6YKnHYBb,10,0.9535513378424256
CY1xatvEQj,0,0.4777284493540559
m21rQusNgb,0,1.0
ffOhY40Nrh,2,0.919782589311361
IpUJd3KG3c,4,1.0
wImYhdu4VF,-1,0.0
SQP1H9Jy8W,-1,0.0
4AQ4Fnemox,-1,0.0
x6cOcxRnxG,0,0.2070994781570493
Cs9ea2Gbgx,0,1.0
ZZgfS1DbmO,-1,0.0
SLtNFERsHo,-1,0.0
qgiG7WZohZ,1,1.0
utQms7PPx5,-1,0.0
oKqaWlEfjY,1,1.0
XGXL1E8Yyo,0,1.0
Z8TjsPFBSx,0,0.3844335084285128
2bRG4Hj8qd,-1,0.0
eoDNaH3pfB,4,1.0
EO1KuHoR0V,17,1.0
eVrmcOvJV4,-1,0.0
e7MK5Vq44Q,9,0.9953557813400512
waXoG35kbb,-1,0.0
ktYjrgOENR,0,0.9301848074001502
Mr4OpbZEiB,-1,0.0
4JB42GBxGs,-1,0.0
nSgMh5v5Ne,0,0.6547846401685782
JDnLXc4NOn,-1,0.0
SGlrCuwdsB,-1,0.0
8JMexYVcXB,-1,0.0
c5Inzw6giM,4,0.3319758362089277
ymBG2xs9Zf,-1,0.0
d1knqWjmNt,1,1.0
PfpAQuyZCB,-1,0.0
LUVqEs90mq,10,0.549613033842771
5loV5tVzsY,1,1.0
Psj0jHocm1,-1,0.0
qdsDy0zbn4,23,0.7770015260386766
rUFckPrzXR,0,0.2523664261691025
BxqPN7KuQS,0,1.0
90O5cvFZkZ,2,1.0
FYqqvQdXhZ,0,0.4702378160617868
7Uix1eQZ8z,-1,0.0
aG6xOP9QY7,4,1.0
SpStmVboGy,-1,0.0
FT2q2B4cKZ,-1,0.0
4xckZu4MPG,0,1.0
OFDApY678F,-1,0.0
7LSEkvEGCM,0,0.8801974828785202
fW5ZUSVTkv,0,0.8576313555472171
6AAbWSF6Qg,13,0.1243286340164822
Orp1K2dZvY,0,1.0
JMrIeKjTAe,1,1.0
2ePf1sBgLU,-1,0.0
c5WOU7p4ES,-1,0.0
dUAcAtCuKk,-1,0.0
009LK0vLcY,3,0.3975815164965263
TnTDiCppx5,0,0.9740058942898878
rUldfB4SPT,0,0.9410931683374486
5MG5C5aS6m,7,0.9145603036214864
aINqoP32cb,0,1.0
axRMkinASf,-1,0.0
Pl416tPkNv,2,0.916144478481998
FV4ngfUlY0,3,0.3975815164965263
kPfd3pcwHV,-1,0.0
ixcsBZw5pl,-1,0.0
QQidjdmyPp,-1,0.0
mayAyPrhJI,0,0.5814879333358198
z9d9DsjAPH,0,0.6076619301720548
38dQv3OwN3,13,0.2774203273019756
Ht79ZTVMsn,15,0.1589985593244454
7DZAVpOoAK,-1,0.0
ljgM3vNqfQ,19,1.0
pLwYhNNnoR,1,1.0
z2BHMLA8pM,-1,0.0
ECvtxmVP0x,-1,0.0
FTh5Rd3urw,0,0.979693195197011
BsZNWXD3a1,0,0.7848292022226258
yKCLfOOIL7,0,0.2673813147671151
NnXznLurw5,-1,0.0
yThjbzhIUP,0,0.9945983226268108
pNtG6NAmx0,-1,0.0
wbg4JEM5Jp,0,0.7717300259604976
dz5X8hnfJc,-1,0.0
qoiOpVrIEa,2,0.7671523393670456
Grz2ijKrWI,0,1.0
LV83JEihHu,-1,0.0
UuNd9A6noD,1,0.9417408146447652
fFJThJ94rY,-1,0.0
8JsbdJjRvY,0,1.0
W3cDd5xlKZ,13,1.0
GCY9C43A4L,-1,0.0
VIaw1XHb4G,-1,0.0
wHhPIv5G8Q,0,0.4476602739710543
5zipcfLC2Z,-1,0.0
kS8rIH43Zc,3,0.66108066235484
nDIrJmKPd5,4,0.3381769512593797
2BFZ8cPIf6,0,0.6749971995216268
G3aubF5Wnw,0,0.1912932709870229
4anryczeED,0,0.4666206214489714
2jUKhUrBxP,0,1.0
N4JkStI1fe,0,0.9550199461783042
aIUnoHuENG,11,0.6749173663170459
917crxqJdA,0,1.0
Tz2uONpgpy,2,0.5601524468513256
PpI7XvOXkF,0,0.7855884836681629
mHsxsrLl0y,16,0.3196593202821279
IKvxmnHjkL,4,0.6484964806501384
gevmGxsTSI,0,0.8577169767031079
g8S53BmXE6,9,0.520918259502966
q4HlFS7B7Y,-1,0.0
4SkPTD6XNP,-1,0.0
oyFyOPZUCs,0,0.7236643347537961
XpmJNP8BVA,0,1.0
G7sQlfTzmY,0,1.0
YDCpf85eXc,-1,0.0
nN8TnHB5nw,0,1.0
80g3Yqlo1a,2,0.8215655103835142
RmxP5ZcQhC,0,1.0
GcEIvidYSw,0,0.9736910716856896
zAXg8dW8ZO,-1,0.0
71P7ugOGCV,-1,0.0
Vm1zeYqwdc,-1,0.0
SVjDiiVySh,0,1.0
UPo8vlZ0wQ,0,0.4973122399276735
TwLHB8sKme,-1,0.0
lHa7gFbmvS,0,0.849762067400117
jucDLW6G9l,-1,0.0
7yjsYrajlt,4,0.6834747169476423
wLFXTAWa5V,1,1.0
xgzkuTGBTx,0,0.6288407936570601
URAZeoIC1q,-1,0.0
2vADOf3K00,0,0.6006840827140755
gmmXyAq8TI,-1,0.0
lCThtrJxoH,-1,0.0
ZFwNdsDCRL,0,1.0
vUXNNLatFv,-1,0.0
5gz7npbQ6Z,3,0.510720755408005
6ldTxwhgtP,0,0.9496092247450546
etYk6TeO2q,3,1.0
D2cS6SoYlP,0,1.0
CxzCoFDeQf,4,0.2967186295823102
ba4boN3W1n,0,0.6058718631454907
SVBR6xBaMl,-1,0.0
3Lx8vMNJZ1,0,1.0
biaOpY5gAo,-1,0.0
v8u3EFAyW9,0,0.9652243132064912
v5Aaxk4sSy,6,1.0
j4QVhftpYM,0,0.9704425283595206
DIBcdjWV7k,1,1.0
guyhQMSp2F,-1,0.0
DBlkX8Nczr,2,0.889360237150881
50I7q86igD,-1,0.0
zyZkaqNnpa,-1,0.0
BRqlkTDvvm,0,1.0
tC0r8duG9z,1,1.0
I6aOjhpcNQ,-1,0.0
l61Kp1zBwC,22,1.0
A86JTXllHa,24,1.0
9zV2OXCrVF,1,1.0
Sv5bo2StIx,-1,0.0
Ih2yL7o2Gq,11,0.5889159863690305
iSd8g75QvP,-1,0.0
2W4LxJbgec,2,0.8616654109481705
z37ki6nqAY,-1,0.0
TNLO8KNFFZ,2,1.0
xmxgMij3LY,-1,0.0
jnIBiP2di1,-1,0.0
1recIOnzOF,0,0.4702378160617868
9RUblEXVVD,-1,0.0
2NkGfA66Ne,0,0.8584016704449828
zmWNe1V6jg,13,0.1370712795349334
7WQt1J13ex,22,1.0
UXtLrsG4Rf,-1,0.0
cZS5X3PLOR,-1,0.0
tw4QaiiJex,4,0.7180495413859612
9buR1UFCDh,0,0.980105376601996
oMm1dfo3tK,0,1.0
q8SukwaEBy,-1,0.0
tp2nEZ5zfP,-1,0.0
Wjp1AYB8lH,-1,0.0
lclQ2RvWYu,0,1.0
ZwQJRXLjVm,0,1.0
InB9Loet1u,-1,0.0
dJZ3MvDw86,-1,0.0
gSyjaunurQ,2,0.919782589311361
Drrl2gcjzl,5,0.763035611028607
Cc2fjBBlBD,0,0.310875738412886
hpYb4eUinX,-1,0.0
cYkSt7jqlx,-1,0.0
jIhX7SpfCz,0,1.0
qieeNlO3C7,5,1.0
lkBygTc0SI,0,0.2918046565975207
ffFcRPpnWx,-1,0.0
0P6uJtndWu,0,1.0
QZo1cge4Tc,13,0.4099019352515822
35dOU92OJM,-1,0.0
0tnhFpyWjb,0,1.0
NP5xb00Y6a,16,1.0
ktTSji9ZIs,-1,0.0
x5aH1we8Bb,6,0.9571076454136668
9cQ6kToLnJ,0,0.9780675018076214
SLTQluG80x,0,0.7440797968624842
wkIBfnGPTA,8,0.971488184995504
bLB4vTwSbC,0,1.0
pQvAL40Cdj,-1,0.0
GrFsx4mBWF,13,0.0585635588615903
blm1pqiOXe,0,1.0
01GQK1gwe3,-1,0.0
JolrEmMim6,0,1.0
fljrZsJ2I8,0,0.6820319490403043
LziniAXEI9,5,1.0
tnRboxQIec,0,0.9366383443191724
STqaMqhtDi,2,0.6497320570823972
au9VfbABDO,0,1.0
hh6azymUaE,4,0.8926140649701215
GrElRvXnEj,0,0.7703378099900373
Y18r0xWkSh,0,0.73422829164084
ESCafo3oD5,0,1.0
XOCbdqxAR2,0,0.8598553807778682
YI4bn6aAmz,26,0.2864950973273369
IyYyKov0Aj,18,0.3503510859005488
vBHKSTgcYQ,0,1.0
NRnm5xO8Hz,11,0.6512521599142828
Z57JrmubNl,20,1.0
ZKVxABGJ6r,-1,0.0
AwzbQVuDBk,9,1.0
q0sdoFIfNg,0,1.0
2JtwuJtoa0,0,0.2070994781570493
Pk49a9snPe,-1,0.0
RBI4oAbdpm,0,1.0
iAAXq60Bw1,-1,0.0
wNpsGwixjG,0,0.7442491061945625
AOKU4nRw1W,-1,0.0
7PJ6LaIOO4,0,0.3850852864825135
gpqBGyKeKH,0,0.5510563456549086
zrCmeqV3Sz,1,1.0
4SoTUaTK8N,1,1.0
m0RbqrUM26,18,0.325625285916315
sUqG96QqZM,17,0.9017838150123476
8pOBo5NgTQ,-1,0.0
9Oi3YxIBSa,21,1.0
AkK3S2spZs,0,0.2673813147671151
2pVogxJyDA,-1,0.0
EI6BHFKA5p,1,1.0
Y44NurSDjq,23,0.7663517619712866
8HzOyg1ngp,-1,0.0
n84bzMrGUD,0,1.0
9kFQEJSyCM,0,1.0
x816mCbWpR,21,1.0
0OU1ZXXxs5,0,0.8550814073964014
F1mv2L7Rkb,19,1.0
3fd776zKmo,5,0.6054981480531101
VPrir0p5b6,0,1.0
Z7Cz9un2Fy,6,1.0
kMueEV8Eyy,-1,0.0
29WbraPk8U,0,0.6154267621157993
iATY9W5Xw7,0,0.7322344288153687
oFaLc6fHSt,0,0.8071383446661923
p1gzxzJ4Y5,-1,0.0
jt10uWlEbc,1,1.0
p8lowHbuv8,1,1.0
iohoef1bfM,-1,0.0
l6R4Go3noz,0,0.8343454209785789
GAsRl2ElHk,-1,0.0
TegmlsD8oQ,0,0.9702947992840674
0VcvYQ3uPh,0,1.0
tRKimbAk5D,2,0.919782589311361
o0ggjFD24U,-1,0.0
JvOZ4IIjwP,-1,0.0
0uARg5G04K,6,1.0
Sf3t6Bth4P,0,0.6154267621157993
T47mUw8pW4,0,0.440944779225368
KMeFZopsqP,7,0.8596596929396619
l6pYRbuHpO,0,0.8097168000636331
bH4LVNVXUo,6,1.0
0rVXQEeFEL,5,0.6742905788199228
NemifGnD2E,0,1.0
hzND3ZEFg2,-1,0.0
IkD1EWFF8c,6,1.0
V2yFumwo5B,-1,0.0
14R8QBKzFH,4,0.7917168133255379
RRUVZygUtr,1,1.0
ZcJa1R6j3v,0,0.9123385346466256
7ETbK9lQd7,4,0.7298058818979528
YWSOpYjyG4,9,1.0
EfMyf9MC3t,-1,0.0
Fe8PxP2F2p,0,0.8010050201489303
tzxP9Rx0LV,25,1.0
v1VVKaMYbk,-1,0.0
H2SuXHbFIn,-1,0.0
xrk9g5vcXR,0,1.0
vTug54Uunq,0,0.2055636842519276
DVlawv2rSI,-1,0.0
bo8q5MRcwy,0,0.9329961775624722
fX64q0SNfL,-1,0.0
dxVN2fZjx6,0,0.9364512327142188
oi45JlpSOT,0,0.6279815370120441
v0lkbp66Uw,0,1.0
BFGQQKicuu,0,0.7749822745524445
zANxvzflMl,-1,0.0
dEDdRWunxU,0,0.8797286431613454
qUlpDjYnsp,1,1.0
y8UAQQHVTX,4,0.8083392241953844
kBBsj9KRgh,1,1.0
d4X0QWS2Ln,-1,0.0
KAWaeKOEkx,-1,0.0
d47iuwOt3j,4,0.2634230754593301
bJJY9TFfe0,0,0.6779559509466583
bHS7qjLOAy,0,1.0
XNBeTgYcAq,-1,0.0
Asx5eDqFZl,-1,0.0
ch1buUOGa3,2,0.893361766023978
hkPn7M9k1W,0,0.5838373979800344
8bQc7oRnjm,0,1.0
8aDG51pxFc,1,1.0
dOanKg3jKS,17,0.5562398891262952
vKpVJxplmB,2,0.9342076470496508
2URr3mkagy,-1,0.0
iT9MOAZqsb,6,0.7115400386535002
bU9hwbsVcy,-1,0.0
Q5tuGgqJwt,0,1.0
nzkWhoXUpv,13,1.0
j2oYaFpbrB,0,0.7265742556228807
1GxKVprbwM,4,0.9175552960777404
cto6jIIbMZ,0,0.819036049842625
3GpIeVYw8X,-1,0.0
LVHEcVgEGm,-1,0.0
AGVBqJuL0T,6,1.0
nSr2epejn2,11,1.0
DmakwvCJ7l,1,1.0
e8RZwixcE4,-1,0.0
WrRG0C1Vo5,-1,0.0
qVeDwgYsho,-1,0.0
tcotyjon2a,-1,0.0
9Rhopbm4qu,3,0.510720755408005
SthlUe5xDP,0,0.440944779225368
jvEbQBxd8X,-1,0.0
Z2he2Y0MoH,0,1.0
Wp7TIOaDbb,0,1.0
W6U2xSbiE1,8,0.6679260853339016
umvV3yvo4N,22,0.4313280825865571
WqiZJGNkjn,-1,0.0
WHedsAeatp,-1,0.0
Ts0d8PvTeB,0,0.8047530290679088
IdF7VT6eEs,0,0.9837140218600682
HwhRehMr4a,-1,0.0
rnKgbKmelt,0,0.9412338203773108
GxL6PrmEUw,-1,0.0
RqjQL08UFc,0,0.5678819680141364
gpyeRyc858,-1,0.0
ydKWoqWZ3t,6,1.0
5oEVdOd6TV,-1,0.0
wEiUGpcr0M,10,1.0
qjqJL2lfkH,-1,0.0
JTKd7zYROf,0,0.4055603647414694
nvX3MiQM0G,-1,0.0
1G7CBp8o7L,-1,0.0
YZSLDEE0mw,2,1.0
7zkFc9TGKz,1,1.0
sdlh4gVOj8,-1,0.0
Rzk3GP1HN7,-1,0.0
3bdXag2rUd,0,1.0
u6Xv3FuF8N,-1,0.0
ARrwf7Ev2T,0,0.94089106913349
iM0MWWBr4W,0,0.4852132840106635
Q6zd1hr7sD,0,1.0
sqTcCXkG4P,4,0.9834650497791656
niHkj9ixUZ,6,1.0
ITw9edRDlD,-1,0.0
5SIz31OGFV,-1,0.0
GtYlxtwO74,11,0.7004424411956758
oaCDiKoJ2w,0,0.8668460476564274
hLPJ7xLbNF,-1,0.0
TXoZiUZywf,0,0.7591738366549617
HMqGYxnlpv,-1,0.0
M7hijAPA4B,14,0.6325772339395109
DqfdhM64LI,0,0.458349907891328
1WpmOipyYI,-1,0.0
stDm3S0CV7,2,1.0
CdSRFn1fVe,-1,0.0
llP6lmMiXE,0,1.0
frSfSaRGXY,3,1.0
FFdrXkm3Cz,0,0.8671364328368906
LdvVd0bNyO,0,0.8454852862502393
bM6mynsusR,0,1.0
UgomCjCWjC,-1,0.0
SdYHLTCC5J,-1,0.0
co4p15OMoc,0,0.7380558532322583
o6Dnt1uEyZ,-1,0.0
WBXYGBQXiB,-1,0.0
7Fb2lCwS76,-1,0.0
H4GsteoL0M,0,0.5507343871220179
zMNUNd9zs1,-1,0.0
n6ztJ3Lrdj,-1,0.0
0N73P8pH2l,-1,0.0
7LtzqnfuOs,0,1.0
v0GzRLvVp3,21,1.0
zEm6hF97Pz,4,0.8495883149571546
9S8oVumknA,3,0.3499242572134729
HwWkIwzzKF,0,0.816361356292412
LyAuNoZkGP,0,0.4720628442129071
aec58UfBzA,0,1.0
VFhN15Vlkj,8,1.0
q6bVqOgGxP,0,0.2810856746364378
YZ7ip645Ra,0,1.0
nwK8UkK3uB,0,0.8142261613892916
IPNg84RF1k,0,0.4933946110702547
2D7ou48q0E,0,0.3844335084285128
lLztVBaBVU,0,0.904899639152194
dmD63sv0TZ,3,1.0
g8bjq0qxOl,0,0.4833086529087927
LLETO26Ga2,-1,0.0
PMvudWa53L,3,0.3975815164965263
58XMiu8kot,0,1.0
CtXXOaxDw7,1,1.0
G6yq9v8O0U,-1,0.0
0Iw2dLh8uq,0,1.0
TPeAmxwPK2,0,1.0
Ev2XuqvJCy,15,1.0
qumBHr77ht,0,0.3096926906758639
fg7iyNK81W,-1,0.0
scG0cwftEe,-1,0.0
izNfcaHJk0,4,1.0
iQlK3VJxV7,0,1.0
a147pIS2Co,-1,0.0
vHRLS8HhK1,0,1.0
jOuPR9IH00,0,1.0
IWWWulAX7g,0,0.9510508525261846
brOMKBEGXP,0,0.621124582667083
GGbBXSkX3r,0,1.0
qS9aHF8bXz,0,1.0
gJLAfO4KUq,17,1.0
KAlSIL4tXU,-1,0.0
jzseUq55eP,0,0.6770679099457785
0jZH883i34,-1,0.0
Gtse4R6iS4,0,0.6547846401685782
XsZ5YebcCz,0,1.0
BHXsb69bSx,-1,0.0
q5FAZAIooz,17,1.0
dw6xO1Nbk5,0,1.0
elPtHcfjpH,0,0.8047530290679088
yhBFG9Y85R,0,1.0
IGTbT9P1ti,14,0.9888817698069752
gd20oaZqqF,27,1.0
LAbxkhkjbD,2,0.573924928541192
AmwgBjXqc3,13,0.6025837406181688
XeMryhpniy,0,1.0
DFaGf3O7jf,-1,0.0
doWqIXcRlq,0,0.7803100366778184
NsPbMwyxRl,4,0.8078827023354764
1kgK0r8PGg,11,0.590596110000367
BA7NHAzbpO,0,1.0
C8pvL8Qbfa,-1,0.0
f3JNQd7CHM,0,0.9427661380588568
hsZTLwE6N1,-1,0.0
Yq6GKgN3RC,0,0.4593524015996485
tgQRMrsxht,15,0.1536275438095216
cOQH8YO255,0,0.8300703212628406
XbVnNXaIQY,-1,0.0
1NY5i5fq5e,5,0.6523523946155961
j9wGUcS30B,-1,0.0
xgTV6rmH6n,0,0.8046428949721286
3DMDNwd7ND,4,0.4998011932445033
ZmSg4f16uo,-1,0.0
oScaeIibRx,0,1.0
IKQOS8rqwr,23,1.0
WO1kHC5Lfz,7,1.0
J66ptjMkAG,-1,0.0
oyV9FslE3j,0,0.5607199425718884
1mdTYi1jAW,-1,0.0
eDDZh8C4W4,0,1.0
OiatK9W6tR,23,1.0
QRWA5nTWuM,-1,0.0
FCwfZj1bQl,0,1.0
C9wlNF1Ooj,0,0.2673813147671151
o7HckkxOZH,0,1.0
rW4mNcDxpS,0,0.6189825152797057
8IvW2k5VeA,15,1.0
u8srPlinoj,0,1.0
9fb975Au9G,8,1.0
hVAla2O73O,-1,0.0
YmEDnMynuO,1,1.0
geLARFEK8O,0,0.363379573476237
3b5e2AFs7f,-1,0.0
qQnO1HLQHe,-1,0.0
m11TbsaQQI,7,1.0
TOxpAwp0VE,1,1.0
Pj6X6GqNy8,-1,0.0
kXfrlWXLwH,-1,0.0
mmmd2vp0n0,0,1.0
4hturzLcKX,0,0.967476873191718
b4Tr8NWTDt,-1,0.0
6fXzz8cvTA,9,0.8636854587677302
5otj6QKUMI,-1,0.0
1TJaITmK2Q,0,0.440944779225368
5JcKKRX2iH,23,0.1470059497296952
iif9mGCTfy,0,1.0
oqDSDKLd3S,0,0.8796543997255402
DPeBX79eNz,0,0.9685194794290596
51PLYhMFWz,2,0.7719412707596416
RJq9bVEf6N,0,1.0
shePL2nbwl,0,0.867626458704842
zXckveawHa,11,0.5464861652777733
B94G0MXWQX,6,0.8533386668987584
ce59j806df,0,0.2261442470863676
UWd4ysACo4,0,0.6741625716707158
I3k2NHt1zu,0,0.4560309587791058
e1oe8F2tjV,0,1.0
uNnPWR66b8,3,0.5360487636208281
lAEc7aIW20,0,1.0
9yQ2aaArDn,0,1.0
jfsjKBDB1z,0,0.5312269087784781
QGQsOZcQ2H,-1,0.0
wBJBLy9kBY,0,0.9625638320513032
g1dMYenhe4,0,1.0
CniUitfEY3,-1,0.0
tdyLryDebq,-1,0.0
9i8MD9btc8,0,0.9037412126904312
o4RtDFMSNL,3,1.0
4gLWjSaw4o,0,1.0
NXLjaYdgaL,0,0.8047530290679088
gAQCx61chN,-1,0.0
BvslVXlUvF,0,0.5634850199859414
o91in9tDEs,0,0.8042918138830961
xE7oH5iVGK,12,1.0
1CpVHL10fh,3,0.3975815164965263
pE3yaP0Eqg,0,0.3844335084285128
ddKCg3OhGw,0,0.6530131770437078
x5JCDCvR4b,-1,0.0
djyn8Q0anK,5,0.9219504467731404
jSuhnO9QJv,-1,0.0
aDLmRMb0K9,-1,0.0
R2rJq5OHdr,0,0.2605353014731724
uoRiO855Sj,-1,0.0
7uPnuoYqac,-1,0.0
qyixBZl8Ph,0,0.7585746329151004
eXubleMT0q,4,0.2588901918390918
5BqDSw8r5j,0,1.0
TKjX41IP7n,-1,0.0
QatZNssk7T,-1,0.0
7vqlzODS28,-1,0.0
4KZhZJSPYU,0,0.9037412126904312
GtgFo5lmOB,0,1.0
yGs9vTRjaE,-1,0.0
QGrkbaan79,-1,0.0
S4NN3OOiwP,0,1.0
qJRlz3SucN,-1,0.0
95q46MpBGZ,0,1.0
haHIji0yFt,0,0.9699138780249976
xw6Szwu4xz,0,0.8688344892758224
qBAED3u1XZ,6,1.0
RHDXkRPNQa,1,1.0
VUlYp3jiEI,0,0.7467493863097602
I50HbChk3U,-1,0.0
uFpjPJMkv6,13,1.0
gbOukzirpK,0,0.454849849971069
JtIqG47DAQ,0,0.6768436730475424
02Uc0G2Cym,6,1.0
vnTUuecp2v,0,1.0
igE3Zbxvws,1,1.0
D7LdL2SCCi,-1,0.0
6d9Yxttb3w,0,1.0
nFsbQHFmj2,0,0.9724071508274028
ZejTutd7VY,8,0.7004820623693485
dK0Ew3kkVf,12,0.5840895902187946
n3ZVdny7OH,0,0.9037412126904312
trHfuGQyyr,0,0.566689132759423
j7U4pFkCYB,0,1.0
0x2Ou3xHbH,0,1.0
DpuphOgJqh,0,1.0
B6FihisDBl,7,1.0
NfpYgGZC3B,8,0.5762054255341457
bAI21VEMvM,-1,0.0
scYa9DYUAy,-1,0.0
W5Clq1bSrR,-1,0.0
IEMLNF4gK4,-1,0.0
wYkfog48Bq,1,1.0
sXD4idbnBw,4,0.2848469446604456
fvm9jVcpBn,24,0.2473295552898185
p8gTWkFIvx,17,0.8374185348908425
Pplq1TRnma,-1,0.0
MlrFYNo1yc,0,0.5802880645523963
ez6Cb0ZGzG,21,0.3109168789279213
dKeWh6EzBB,2,1.0
vpQuCsZXz2,-1,0.0
IgDa5Ynm9l,-1,0.0
Af5GvIj3T5,-1,0.0
77i6itptQW,-1,0.0
VkhvDfY2dB,0,0.9246951142583368
qJJmu4qsLO,0,0.8871489263016819
42zI5dyNwc,-1,0.0
GEMHw2sd9S,4,1.0
3gxiOEf2D6,-1,0.0
Kvaa3DhvlZ,0,1.0
o778eWSr1S,0,0.8785276663184443
Sg3aCpWUQP,-1,0.0
WjWifKqmcG,0,1.0
5ZMBiS1uMq,-1,0.0
MbwVNEx9KS,1,1.0
WpuBEtrn0t,-1,0.0
7otRtfrRqo,2,1.0
UBUWFEwn7p,0,0.2751915107634319
0OImBCFsdf,10,1.0
cGeLeh995N,23,1.0
SIE9N5nnHg,6,1.0
27TdrEvqLD,1,1.0
cslnCXE9XA,-1,0.0
y5duN2j9s6,0,1.0
uTlKUAm68H,-1,0.0
7xlrdSOm3g,14,1.0
VfP6VTVsHc,0,1.0
Poj71ASubN,25,1.0
f39Q3JyoIi,0,0.606360336822935
w3ghbKBJg4,-1,0.0
jL2eJxPK88,-1,0.0
1EYKYJeZtR,-1,0.0
qA0uHmaVKk,0,0.6319653535097284
O0Lz8XZT2b,0,0.8431418208687724
xNUmTRYtV1,11,1.0
TRuqrVsmZK,0,0.6517817175062075
CFhpBJ8eZ5,17,1.0
X3IeHRD0zf,3,0.6663884190929678
prftZp6mDH,-1,0.0
uRHpgo6TMR,0,0.5300259928690968
G7Y145tm2F,2,1.0
GlWzQhf2lV,-1,0.0
kqBUgrkm1c,0,1.0
h3QNH3qeC3,0,1.0
Xyj46OxEhK,-1,0.0
i5sSWKbF3b,-1,0.0
2b9aY2NgXE,0,0.8047530290679088
YcmGuwdLoU,0,0.8020882867151982
XWYv4BNShP,0,0.1875509254363942
nXNsqB4Yr1,-1,0.0
uPSQv0leAu,-1,0.0
5eu00pcLWa,0,1.0
EWNtYvepJh,-1,0.0
Y2hnMZvVDm,0,0.8323457013755715
yVMlYSL1Bp,0,0.6541643311385251
DVWIA9v9Jm,0,0.784491202556116
6kINNTYQcm,4,0.8393727015750638
Y8Jfbqx0bA,4,1.0
nBFMCyEi0j,1,1.0
aW5bSuduF1,19,1.0
dZqcC1qCmB,0,1.0
zqyVjCjhYD,1,1.0
h8vJVABiBP,-1,0.0
BklIgOO76D,-1,0.0
cAhJF87GN0,2,1.0
YhAZqWhOnS,-1,0.0
Murj6wcjRw,0,0.1897282022323151
yzZbwQPkmP,15,0.9495210374002082
SVUQX1W7RL,-1,0.0
apjOYp3mOa,-1,0.0
JtF0ugNMv2,0,0.9016889778516692
BExDjNDYkN,0,1.0
uqkUguNu40,1,1.0
IacxcFpvWQ,-1,0.0
nIaNgaQvsV,-1,0.0
kdFR6IUEW6,0,1.0
fpHfRD3f4N,0,0.5134614797076492
WUott1ZvRj,-1,0.0
9MwidIH4ea,17,0.677121545061983
lXuByUeHhd,-1,0.0
v6YzxwJlQn,0,1.0
DkeeXVdQyu,-1,0.0
ZIyAHaLlsn,0,1.0
CruxS0C0LS,-1,0.0
86ADcKOHAw,0,1.0
GWIRpKF6yU,-1,0.0
fyfmHi8ay3,-1,0.0
XjOj3ZmWEl,0,1.0
Q9CNA7B7v2,0,0.9191442215342176
zq4vFneRiA,0,0.6154267621157993
KD6MFeWSAd,0,0.9327380643375892
VhLU3pStsl,-1,0.0
Rs6pzz21U4,-1,0.0
3kitbpEZZO,-1,0.0
2dtU9ZbgSN,-1,0.0
wRhLd65bDt,0,0.5453442746293469
lwg3ohkFRv,1,0.6587952531667476
YwgA3avHrP,12,0.5947641757792101
1ZzG6td0el,4,0.3235718557318132
yw1v4RqvPk,0,0.786247072468238
eUf0CaS5AP,0,1.0
iuqCXg1Gng,0,0.6591480797964085
EmxpDiPgRu,-1,0.0
FDzQQTPqEJ,-1,0.0
R4xpvDTWkV,1,1.0
dHQ2av9NzO,0,1.0
4WPhXYMK6N,-1,0.0
v30HbVOxJR,7,0.4956438558391025
zUYfbdNl1m,0,0.6081916412097906
FkpMm9avyP,0,0.3714135398092965
sxZLrBqg50,0,0.6203516154921338
IL7F4soYyg,9,1.0
xz8j3r3oUA,-1,0.0
C8JdyM7B8I,0,1.0
R9R7YDOar1,0,0.8302197107736738
d7a5TpePV7,-1,0.0
U4pFV192JQ,0,0.1951646884420499
WRGldGm5Hz,-1,0.0
Sp0yOBfelp,1,1.0
EhhPtGsVAv,-1,0.0
JX6UloWrmE,-1,0.0
4jEjq5nhg1,0,1.0
TrcpLUcYfL,0,0.4370108912418677
A57UMlUJdc,-1,0.0
N5uUTWLz0E,6,1.0
Wn82NbmvJy,0,0.9816333460911368
Ds7Vd83HlC,1,1.0
uoiwugtpCH,-1,0.0
konBXvt2iS,0,0.8792521645687235
XbInLmYLDr,-1,0.0
gVLKXT9JwG,0,0.5250445737213715
1mJQq6zYaE,0,1.0
eD534mPhAg,1,1.0
VEpU9rFaQr,-1,0.0
E2zoGTkTbW,0,0.6114864466495125
pJQu0zpKCS,-1,0.0
DNdN26m2Jk,-1,0.0
YMMlHBSQdC,-1,0.0
nUbdkXqC8R,14,1.0
CSbGXyCswu,0,0.6713984286977822
NNooZoQpP4,-1,0.0
lT9n36RH1w,0,0.3702186253997234
uiiVSVADDc,0,1.0
7anW5TWbCJ,0,0.8796543997255402
uWGH6jDTVv,14,0.6325772339395109
g49s1N5nmO,1,1.0
SHBksHKutP,7,0.797109520213604
SE73LzWNjr,0,0.5730128274414387
muVKSb8gi5,-1,0.0
wwkQUiaKbo,13,1.0
rY4sA9qYKy,0,0.6130707586085922
I8t9RKDnz2,-1,0.0
UkPeUXML7s,7,0.4668173404818522
8VTbfVfAfI,-1,0.0
TXq8PCRSoY,0,0.4235325906567294
14ZM7FfPx8,0,0.5970663746579258
HRGd5dcVfw,-1,0.0
yubwSWol6K,-1,0.0
Ydxnan4P2G,-1,0.0
c2LZyTyddi,-1,0.0
BdvCo8RVlx,-1,0.0
M7FQpIdo0X,0,0.1897282022323151
1osmdAfD4P,0,0.4271469294214655
sABYNWKcwK,-1,0.0
LCHmP68Gtj,0,0.9731659422061412
ysqlhW0v26,0,1.0
c5dRV9tA3K,0,1.0
Sxu7xlUJGx,0,1.0
TZtw5YgxTE,0,0.1897282022323151
3Cj67k38st,-1,0.0
4VAF3d5jNg,-1,0.0
K7u3RkoBP9,0,0.617251302423808
PkKpTK7hJ6,-1,0.0
A6X9y8n4sT,-1,0.0
YZGWhs1H7F,-1,0.0
VeO03T59Sh,0,0.780247676925008
8kyIChWsAG,0,1.0
CFQBcz7k8n,0,1.0
LaNeRwDrTk,0,0.9650701747660352
TW99HrZCJU,0,1.0
QkLpGxUboF,-1,0.0
LswqtKU9op,-1,0.0
cezKbXsT3V,5,0.7090002059621384
xOJUmwwlJc,-1,0.0
7blSUMwe7R,2,0.8251942522004776
7INd5Yu9ET,13,0.1333531990831755
B7QkdEnjL9,0,0.9017915607583776
7hLlZNrkt5,1,1.0
aLLuYpn83y,-1,0.0
UgSSOpqvPI,0,0.683220806808899
Z1Aj59LoZD,0,0.7688201292883398
NNtsO5L27J,-1,0.0
qs4swxtIAQ,-1,0.0
4ImZxqmT1K,-1,0.0
iB3Ew6z4WL,-1,0.0
qlJoo2y3gY,2,0.5566410987917102
PU3deePP2S,0,0.819036049842625
dAbGv5Jz5U,0,1.0
LqOQ1uJmSx,-1,0.0
yageaKlk7S,-1,0.0
K9M7XNS9BX,-1,0.0
CJWQGDwa6u,-1,0.0
BnV2M2WFaY,0,0.70107442645313
woptnU6fh1,-1,0.0
M6OmjAZ4CX,0,1.0
tJN664ZNVG,0,0.9409497137631536
IL5zJqfxAa,0,0.8439400596730174
rzDBoh1tBh,4,0.6603047763662632
PRgvdEbhdH,0,1.0
tmxjuIFSEc,0,1.0
RNVwm4BzXO,0,0.5995038625482672
rJc5Lsn5QU,-1,0.0
ISRyILhAyS,-1,0.0
WXc8O8ghLH,0,1.0
HYGnmSLBCf,-1,0.0
X0CIxqYc4Z,-1,0.0
uZjpSBTPik,0,1.0
Isy7gl1Hqc,8,1.0
Jw0KRTjsGA,0,1.0
dxPcdEeQk9,-1,0.0
E3ZUEaeFYS,-1,0.0
eP6cDDwBNC,-1,0.0
17Zkztjlgt,1,0.4424986848830687
YV1MYtj2AR,0,0.5439367105762397
3xRaWBD2YB,0,0.5392095495783016
Vbm5UCaYeh,0,0.8209229012168592
XOotfgPiUF,-1,0.0
uNmKBZrRZC,0,0.5634850199859414
B5XwENgy0T,-1,0.0
eeeqORvJbf,2,1.0
nqIIWnwe73,-1,0.0
hlkhPdhuAO,0,1.0
ygjQCOyNfh,1,1.0
mVTyeQIiE4,-1,0.0
3ZrGmenVM2,0,0.6198327979943927
nbG6zfJtIe,0,0.7704112490789453
IklhryC2up,0,0.7556030372866291
Of0GBzow8P,5,1.0
9D0fELXbrg,0,0.8055151620521611
Eu4Kkefq7p,-1,0.0
OFMPrCAMKi,0,0.5808318063000989
r44obB8FY5,-1,0.0
0zeLTZAqaJ,-1,0.0
iwp3H8uSeK,-1,0.0
biLgaNKYdB,1,0.6412761788336889
nJFJcgjnGo,1,1.0
CCVsGbhFdj,-1,0.0
GPtroppvUM,1,1.0
0K1ZTfHZ0N,-1,0.0
BRSgVw85Mc,4,0.932891956201034
MWp3SwoHmH,-1,0.0
TtCPFN5fhO,24,1.0
EhdNQiOWgQ,-1,0.0
Z2L7F0nekb,0,0.4622147282003586
xXfDB8kJUs,-1,0.0
86dXbqT5Ua,0,0.7349859130831463
1HKJ3lPz6m,0,1.0
TjJJmcHw9p,1,1.0
V8GHCGYLkf,3,0.3571141246015021
WAd5ZRdFoc,0,1.0
rqE0fEQDqs,0,0.6599854537173897
kshC3NOP6h,-1,0.0
lp9GR2t3hn,-1,0.0
2hQ7MBQApp,0,0.569537696479065
CyuhEwvSof,2,1.0
1DTCoyAFiV,0,0.8835564314195987
dVnhdm9MIg,-1,0.0
IwyymRXfzL,-1,0.0
LjWJLkSpjh,0,0.5400389912450051
A253n2EXCd,0,1.0
VkUNovXoxx,-1,0.0
hoyL1Ypjoo,-1,0.0
zdli6OxpWd,4,0.4641287418041218
uj9PxVTVqq,21,0.3166164899854216
czwZnNf60r,0,0.8843262789505971
YiRX7nQ77Q,0,0.5505007606226314
Z16jo3d6OD,0,1.0
CCq73CGMyV,0,1.0
XY6BnwIh4q,0,1.0
S75ccNdOYG,-1,0.0
pcKwgdVAlq,0,1.0
lxGFGMMSVl,0,1.0
kKXJkiniOx,0,0.6599854537173897
d86B6Mdweq,-1,0.0
kCCD8d2aEu,0,1.0
S37hOerQLB,-1,0.0
xDHzQQ4lnC,-1,0.0
ZRBGwpeewz,7,0.5583703338247875
xRfTcZdQxq,11,0.8905054100655965
SycQxJaGIR,-1,0.0
tpIUgkq0xa,-1,0.0
bprclnHNvm,-1,0.0
H9hWlfMT6O,0,0.8306344132166009
rlPUJ60bwM,-1,0.0
vNsdFwjPtL,0,0.562356158654953
26qqUHi9XF,0,1.0
JOkgEY9os2,0,0.8074112614939007
BJ0fQUU32w,16,0.7170851809711559
bpmM6SkDUy,0,1.0
6SRE9GZ9s6,-1,0.0
716PvHoDct,0,1.0
EmYWJsyad4,-1,0.0
c8nIdZ5HJJ,0,0.6157729889585332
JdhyIa0azI,0,0.6361131505793978
992vogTP1L,0,0.3319274885803764
9Ihu0VBOTq,0,0.6322603411274791
p9k5MS0JAL,0,0.9037412126904312
IYe8j7Gy8f,0,0.4867088494416569
qZjl2TKvUY,-1,0.0
zfHCKDzzC8,3,0.510720755408005
yE62KM4qsO,0,0.8302197107736738
QLllDwizVd,0,0.5059833772637946
966yOmwk6d,-1,0.0
AV3iZlDrzF,16,1.0
L74NTrzH1O,0,0.683220806808899
hXevuspQnX,-1,0.0
B01uiWhjpc,-1,0.0
bY0c46ZtXa,-1,0.0
CGj72TyGJy,-1,0.0
1DmP6ySKYq,-1,0.0
mVywRIDNIl,0,1.0
x1FgW3vSM6,0,0.9311413697757138
LUT4b9gOtS,0,1.0
pgmNZQdH7R,0,0.2311886783459164
cr99foBDPV,-1,0.0
1vzF4zWQ1E,13,0.522964427850689
VnfeOjR73Q,-1,0.0
C9cgwmJ8Pt,11,0.8049428769175635
1tviRBNxI9,0,0.440944779225368
C9wTM5xyw2,3,1.0
VCOZaczCHg,-1,0.0
QmPf29EHyI,2,0.5298132013121111
bN1ZBSOV2f,0,0.8074112614939007
OiivS2mqQf,-1,0.0
IhxD94i5ra,0,0.9986998525124546
gUTVpByfVX,-1,0.0
BHHrX3CRE1,0,1.0
c2eedxSlPJ,7,0.6007096891664908
q0RfX96un8,11,0.6697483150937777
M8CYKLHoEN,-1,0.0
oNuam8eFz2,0,0.5970663746579258
yBVLXvJ1sb,1,0.3295302286069693
hiQG8qGxso,-1,0.0
kChEBODIx9,-1,0.0
FmZVRe0gn8,-1,0.0
ZeRiLBvIps,7,1.0
pLOWV1UGF6,7,0.6109695021887499
NWEbeI2HNQ,10,1.0
bNIHdyunFC,0,1.0
K8gLHZIgVW,6,1.0
aw1vLo7TE7,-1,0.0
e5srDjF9l7,0,1.0
9VqMaSjf7U,2,1.0
4AmJVaJ78I,0,0.4960917840064973
TcmjewOAd1,0,0.4702378160617868
EqpR9Vtt13,1,1.0
vOBfqhmOoM,10,0.9162645434517752
1hZwxBgQ3G,-1,0.0
rih3hsSWx8,6,1.0
W2ZBLdfa16,-1,0.0
KoaFh16uOc,0,0.4702378160617868
zQTi3pziFp,17,0.4872901835608556
4qG2RKuZaA,0,1.0
gJewjFjfN2,0,0.1897282022323151
AG9A7Ae9r3,-1,0.0
Q25wMXsaeZ,0,0.4734904222593304
a2Yg9Za6Rb,4,0.2353182655586309
dybrsuNAB9,-1,0.0
cAPMmCl2f3,1,1.0
PqfPjS9JRX,5,0.7740697390721814
tj86aGVNb3,0,0.8674046889304291
J7VoDuzuKs,-1,0.0
SfdkS6tt81,7,1.0
ody3RBUuJS,0,0.71993454384853
U9zRgpgdFI,0,0.6599854537173897
dd3KNayGFz,1,1.0
MGPST5I9DO,0,0.5844021986376875
Ct0zPIe3xs,-1,0.0
cnpkzQZaLU,-1,0.0
jnCPN1vpSR,-1,0.0
lSLYXuLqRQ,0,1.0
l0zLcLGdcL,-1,0.0
LDhhi8HBO3,6,0.5576165905326965
rpuEARqB54,0,0.5552053862258987
VsbrdJpwpT,-1,0.0
lD8xaUWw24,2,1.0
vtLNwa6uX0,-1,0.0
NKdtztladR,0,0.740575747019222
2ZtGWNn37W,-1,0.0
oU4QHdcIWW,0,0.562356158654953
7ntI4kcoqG,2,0.9100779052857916
qptO6YDZEP,11,1.0
tBib2fWr3r,4,0.2726595199097849
JVzeOYEx6d,0,0.7501267478689678
8SCz56sUGP,-1,0.0
GRHZiTbDDI,-1,0.0
YiwMpyMdPX,-1,0.0
ikkdTD3hQJ,0,1.0
BEHlPdBZ2e,-1,0.0
X4mmXQ4Nxw,2,0.8307444929888721
7aoVQkNmQ6,11,0.6749173663170459
N0KwVdaaaJ,0,0.4701664127546566
mZ3hnyL9bS,-1,0.0
Cxn1FpnNvG,2,0.8673139717906869
HV85SiyrsV,0,0.9559453766640088
jEQRoJzDx8,-1,0.0
zsOOqjaj2z,0,0.7972098438340464
Zyzluw0hC4,10,0.9162645434517752
AfC8PVQZ9z,0,0.7285380972106883
JvYSSPtQyk,18,1.0
xx3QgKyghS,-1,0.0
OveBaTtUAT,-1,0.0
gMS6FVZvmF,0,0.3180816354492786
NWrN6cMG2x,0,1.0
bISkJSa5Td,0,0.6176265788912432
8OTPepXzeh,0,0.6846977798827181
p53QDxSIc5,-1,0.0
fxNQJVMwK2,-1,0.0
ArRycLMoUg,-1,0.0
3Wrolscjbx,-1,0.0
j5BuTrEj35,-1,0.0
PmlNxZoXr4,-1,0.0
B4TAPfHa7g,-1,0.0
IQRc3FrYOG,0,1.0
9OqezkNxnX,0,0.2673813147671151
QSJKrO1Qpy,-1,0.0
s97ezbqoDZ,2,1.0
IvEWhB1P90,-1,0.0
yPkbdJxQ0o,-1,0.0
Fqg9vGWy4k,4,0.2452078391489256
Uc5yyiytR1,3,0.5089614478570068
Itorzn4Kwf,0,1.0
tAwjG5bM7H,-1,0.0
fAdMly4ki5,0,0.8234931870089082
oOXZ5JEjPb,0,0.7030034099969747
hSkEcIFi3o,6,1.0
xBqjoG0NxM,0,1.0
SGKbHXoLCI,0,0.2783586125119585
BRpi8YAfac,3,0.3755760417787219
nq4OhifyEe,19,0.8299481800119847
jgIrJeHHlz,-1,0.0
97E3YXvcFM,0,1.0
2BrHBj1Puu,0,1.0
umHruATvCD,0,0.8074112614939007
sXMQPKbLXf,9,0.424597482782625
DNHGKeOhLl,-1,0.0
8SDsff42Lj,21,1.0
BL9Pc7xsdX,-1,0.0
WwP2JaXAtB,0,0.8883219177554605
eZbqD9BoXe,1,1.0
H57w5EOj6O,1,1.0
M1dTz6QmuM,0,1.0
YVMc3KiWBQ,4,0.8185350680218028
Wa1GGPqjUn,-1,0.0
aMjaEkkXJx,5,0.4738983274629573
Kd5W4JRsfV,1,1.0
QUkYZNhfc6,-1,0.0
iy4Of0w8ML,-1,0.0
OaUT4hX40s,0,0.3417541084338119
G560qr59Gi,0,0.9336177730672705
fcYObrixSS,0,1.0
gYWjI7wLhc,-1,0.0
cAyLnMxiTl,15,0.6665188949336937
xfBeVGJwyL,23,1.0
0hwq2vOHT4,0,0.8576313555472171
8xx0pyMOW1,-1,0.0
OvPnc5kVsb,0,0.2683760432528178
EEVpt3dJQj,13,1.0
mmTy1iyU5G,0,1.0
TcG8jhOPdv,6,0.7824003257301468
7962B4nXX7,-1,0.0
jUdZCcoOu3,0,0.6562540533848172
ZOKhtz2Z9X,-1,0.0
4aIpgq1nuI,23,1.0
iqezE0EyXq,-1,0.0
i28zCSsQIc,-1,0.0
z4vKRmq7UO,-1,0.0
LGqIAn2OaZ,-1,0.0
zMeemcUeXL,-1,0.0
sLr1sohnmo,11,0.6749173663170459
4mPiqh4pLb,-1,0.0
2EiqizElGO,-1,0.0
43ruO2fMjq,-1,0.0
2Cmdh5z6ph,0,1.0
6JJq5TW9Mc,0,1.0
Ph65E1bE6A,21,1.0
qPUbKxKvXq,0,1.0
C6fvJ2RfsL,0,0.3527358466453851
snY3FOnlQi,17,1.0
5ytypAqAsR,-1,0.0
3Da0eESvN1,0,1.0
Ecv1GMiXSk,18,1.0
593fc38lhN,0,1.0
hV52oj0Sik,9,1.0
Akslsk891N,-1,0.0
SaII5qMgKH,0,0.8576313555472171
h0RVoZuUl6,0,1.0
3AreDQZ8eO,5,0.4681794931717285
Cyn1PvuZsB,-1,0.0
KfOUAlraMP,6,1.0
QpZubU4yD9,-1,0.0
3CJOaJugMG,0,1.0
NuoIThPPag,-1,0.0
p4SjKPchJy,7,0.4057412804259096
DAKAkMhjSR,4,0.4556927444583919
wPqEvmwFEh,-1,0.0
Cs74qIBfiq,0,0.8047530290679088
xkkBFePoFn,-1,0.0
Wff6DWFY2W,12,0.3110875117312024
lSZXSDwvGv,-1,0.0
T6iiOqsGOh,-1,0.0
ebMPmx5mr7,0,1.0
XAyPlfmWpu,0,1.0
h1FhXVM0cB,7,0.8940796943645153
LIsJHQHi4z,-1,0.0
tEKBU5XOTw,-1,0.0
jl5a3t78Uh,-1,0.0
LGKxz9clGG,-1,0.0
1zo4iioUEs,-1,0.0
zuXyQsXVLF,6,0.5419425834553633
J3taqrzyyA,0,0.4036281881080742
9fWKExmKa0,0,1.0
VgQw8zXrH8,0,0.7514456890812407
NEawU0TgKG,0,0.1897282022323151
fShubymWrc,0,1.0
uhKtQMn21D,-1,0.0
qyEm4tF2p1,0,0.4501103810717776
XXagS1RQH0,0,0.9572092629990258
2gUCMr6fDY,0,0.2588600295046911
8QGukmdAbh,-1,0.0
805CW5w2CY,0,1.0
yVWBv0N1xC,-1,0.0
TRbklCR2ZW,0,1.0
eTp4RetK74,-1,0.0
LJ4CYEagg3,-1,0.0
EcmqyXekuP,0,0.4061731569521313
eR7PrfJe9o,-1,0.0
NsVEjx6YPd,0,0.3073787377958179
LROEcjVkv5,0,0.5466446869754671
R4ivHjNi8V,-1,0.0
zyhxRc9bew,0,1.0
bETvUctiTR,-1,0.0
eT1tMdAUoc,9,0.8689643784856006
7ym1abRTF3,0,1.0
JeKXmYb4kd,4,0.2729984438896294
9WSxQZ9mG7,-1,0.0
MfiK69Ga6p,9,0.4932827168895269
pLcSrn8NpJ,0,0.2859353505964214
SAzaC8f3cM,19,1.0
vz7SdRqWGM,2,1.0
Pvgxecj5aS,-1,0.0
lds9D17HRd,-1,0.0
ZvDmna23r3,-1,0.0
t9Swbo82dB,-1,0.0
CDTifMbUNc,0,0.3294432437952213
TKXMPtCniG,-1,0.0
td6xbEOPLr,13,0.1946031191194909
xtADRDRsM2,1,1.0
gO60SSGOMy,6,1.0
NIrTSCiIZ7,0,1.0
cNb5hkTfGC,0,0.7438494634982162
FBNyccPfAu,-1,0.0
LkTbLQDo4I,9,1.0
OUIFPHEgJU,0,0.7996877225917673
2Ibp83esmb,0,1.0
PXUHrqIL9O,-1,0.0
hNpedVWwoe,11,0.6269367123416626
maSAKOKXTi,0,0.425195930153412
k8U8ZijXHh,-1,0.0
IcIQbCWoFj,-1,0.0
RW7rZ8Y3Bp,1,1.0
waDF0oACu2,-1,0.0
gySmwdmVDF,-1,0.0
dYeUvLUxBQ,3,0.7791171935961786
ql6LVyi2Dg,-1,0.0
RuxBLfiEqI,24,1.0
DzaCE00jGV,9,1.0
dFtpRphNb3,16,1.0
yoAmURKDJi,0,1.0
CLjBBd8u2j,0,0.7848292022226258
Z1W0u3Cr74,0,0.7951837221003707
sqqASmpA2R,-1,0.0
6Qx7G1xrAk,18,1.0
d85pPNBHLt,-1,0.0
1q0feiJ2i4,0,1.0
gZiLCwFT61,-1,0.0
Ehzj9F2Kmj,0,0.7353214316294191
9QEVJ9qm46,-1,0.0
37cADkATD0,0,1.0
FFOYWUpBca,3,0.3738787653131443
9ieV1hnuva,0,1.0
nA9Fh3HFHJ,0,1.0
N6YNe4KxDc,0,0.4271469294214655
OLk3F64eSg,0,0.5634850199859414
d1wjMBYbP1,19,1.0
dnGEPkmnzO,1,1.0
t1jLRFvBqm,-1,0.0
K30wTdIIYc,0,0.8312429340319366
ytTfonl9Wd,1,1.0
2C2WZfCfo9,18,0.4526074784054368
VAC7aB6qSG,0,0.7850124531063383
g2ROKOASiv,0,0.2673813147671151
5UOYGfobhC,0,0.584418961031074
ARJG1kr8A7,0,0.5690032320469413
G14N38AjpU,5,0.4103317797666861
Znpz1sv4IP,-1,0.0
Se71ks7Mfz,0,0.7694409122149193
VqclD6Nfaj,-1,0.0
AtHJ7TLheF,1,1.0
Rp4PA0ez0m,0,0.6173397034405611
mvSDs51eqQ,11,0.6135784130235931
MCkUS1P3Sh,0,0.8337641335737154
X6mwdEVYvc,0,0.5970663746579258
s1jQ91yFAb,-1,0.0
EfTMRQn00d,0,0.5376838690250617
Xxllzjt6T5,7,0.4299990826337149
Y1sJJW3pID,0,0.4765271391298969
5NxJuc0T1P,0,1.0
iyweRIXAeH,11,0.595129793870645
R6wXP7txer,3,0.1755439979586267
gq4xkwQZ1l,0,0.9791705118771196
dnEFueMZ43,0,1.0
8vuDHCxrmy,0,0.8359715622955812
Ca78M3awPw,0,0.5693187140089033
mlbes5TAAg,4,0.9852993843751228
45RBLZBJid,-1,0.0
EjG2G1PT2v,-1,0.0
rG1M3kOVba,-1,0.0
yIcCkMUCtL,-1,0.0
nQ84YY9Iut,0,1.0
rcXXNFVlEn,-1,0.0
fze7P9oy6l,0,1.0
w7TyuWhGZP,-1,0.0
PSngfm5B9q,-1,0.0
yBoVwpGa5E,6,1.0
3xSwxlB0fd,0,1.0
6RiqluMFNz,0,1.0
oss2jXD1Zs,-1,0.0
AesN5bYnJr,0,0.288815265502828
Ntd6X7uWYF,0,0.6130399275244668
gsglrhvQxX,-1,0.0
vA0vj1mY77,-1,0.0
BI031mw7iS,0,1.0
TNAGFUcSP7,0,0.9916837155737716
fsCcGr8YFR,0,1.0
S8DFqgmEbe,3,1.0
1MUxtSBUox,0,1.0
BopG5dhH7L,0,0.6573027954178662
Mxhb2lCOKL,0,1.0
xF89MjFbWp,0,0.70107442645313
9qlJGjO7bA,-1,0.0
9cF6RUwMe7,0,0.531531028661492
vEzcRdiTkP,1,1.0
Ny3GcHLyzj,0,0.7308347032964398
yEfmhgwslQ,0,0.3213443188308071
sUFGPYS25Q,3,0.3755760417787219
MDxZYFR5Me,0,0.9037412126904312
Rvk1wdwz1L,-1,0.0
s8QsYV1VZ2,-1,0.0
bGs1qWQ1Fx,1,1.0
O453PHSthc,2,1.0
bRyduWAAVT,0,0.6350068980763346
e0tt2G8hqf,0,0.6547846401685782
mumEBl0arj,-1,0.0
du0hvEpgj8,0,1.0
U4WTG06Yu3,0,1.0
0vdEHDwamk,1,1.0
rfcak9EV99,0,0.7535115399931335
crNAh1EZKo,0,0.3508644416276839
3IyL2XWDkG,0,0.7991082930456854
78yDLKi95p,0,0.9459203127156948
K10zWxlEGI,2,0.7632173000124386
mYz6ApeU4J,26,1.0
ppJuFSOAnM,-1,0.0
kyXMU3H7RB,0,0.801834626130894
lRG11M91dx,10,0.858845592270863
VNjJAWjuEU,1,0.7690560412024933
bGcdjXrU2w,24,0.9842496576291168
tScBQRNgjk,0,0.6750979858572084
1vyAG6j9PE,0,0.8302197107736738
hrkmlPhp1u,0,1.0
FujJO3dsNj,2,1.0
IjZa2fQ8tL,-1,0.0
3qHlPqzjM1,0,0.7371799614205776
eMR57voMz1,-1,0.0
VGLXjbTSYa,0,0.2673813147671151
SGerL9HMrp,0,0.8656771836048885
A9mHph8GJk,-1,0.0
CzkOzKWpMa,0,0.972061607422549
3tbTw2ga8K,-1,0.0
5R9bZlpZKj,-1,0.0
559NJBfN20,-1,0.0
NTSbj2otOA,0,1.0
sbusw6LD41,5,0.6456642751042573
Pya0kCEpDk,4,0.6388410240504783
4ULTSBBY4U,0,0.7521187780920695
n8JWIzYPRz,1,1.0
B6qZdrGRpm,-1,0.0
nCLdsEzZBV,0,1.0
kjkLJ7NJJZ,0,0.880738800351954
fPAAgjISu0,0,0.819036049842625
nafgeYknRT,0,1.0
fwvfxDbUFw,0,0.9496092247450546
Xu8aG5Q8M3,0,0.4777284493540559
O1lYncfVOO,0,1.0
sOOg1xJADA,7,0.8633291402014988
mIm0hsUUt1,0,1.0
DEqiM9CmmZ,0,0.9730858473691228
md68e8iZK1,0,0.7060531835719158
wNxyDofh74,25,1.0
uOEeui0rL7,0,1.0
QlbZabgMdK,-1,0.0
KUBFYAPdqN,0,0.4983398793117989
4L3RfWnDzL,-1,0.0
u2RJ0I3o3j,1,1.0
6wBkT2ndDu,-1,0.0
pvPujuvjQd,0,1.0
tFeaLw9AWn,7,0.94833931174594
X5MH7iut9K,6,0.7208018077779955
qSCziWQBPD,6,0.736331048448706
8WvYAycmDJ,5,0.5246541600135197
q131tA7HCT,3,0.9188645876994854
5B1ZK60jWn,-1,0.0
LmmjiTwYm0,1,1.0
mm9svgvwvk,3,1.0
8aunGrXdkl,7,0.8289142436886302
XqcXf7ix5q,-1,0.0
EGfYnTyEGv,0,1.0
Tj0eXVPnRX,0,1.0
jOuxQGRVoQ,0,1.0
gmVoaAxB1R,-1,0.0
Tb7np0MInj,-1,0.0
B4xF1wfQnF,-1,0.0
ErAP8kF4tG,0,0.5405427962318263
9dp35y5C0p,-1,0.0
vO6ZdPWaHc,0,0.8978794239168627
pQF9kbM8Ea,0,1.0
G8nal7MpIQ,0,0.5463996109998666
eGoE9CVRPc,-1,0.0
Fy1S3v4UAk,2,0.8612594540788762
h2lkx9SQCD,4,0.4579517468907064
ubp5s2tgXq,0,1.0
DnO6LTQ77U,0,1.0
9wrYfqdrwk,-1,0.0
ZPj7ey5fXa,0,1.0
HFQFAyNucq,-1,0.0
DAdfU1ASLb,3,0.3975815164965263
ZZWg9jJQ1j,6,1.0
zaQ7wV9NOg,0,1.0
MljeRycu9s,-1,0.0
nkfSodI4ow,-1,0.0
IyTArtpuCK,3,1.0
orh4e0AO9R,0,0.7169431000329937
nZ0jnXizyR,0,0.58546690165326
aZ9hvpnp0k,-1,0.0
l9MbuqzlZt,-1,0.0
ER0bcYXvvo,0,0.714885306707672
9tUjsRLjf2,0,0.418812148320266
V6IgkYKD8P,0,1.0
27CRbwewyb,-1,0.0
znudaK78u8,-1,0.0
QwvaqV48fB,-1,0.0
v54eUIayFh,0,0.4655903941227601
9UxUTGCteW,0,1.0
jkPDRHff3s,-1,0.0
uz7JaQgAJb,0,0.2070994781570493
ECRgBK6sk1,-1,0.0
wX8GuzDSJR,0,1.0
YvO5yTVv5Y,-1,0.0
AYiRHZirD2,4,0.8260349772617064
WYYpxVsKpR,0,1.0
tBwRbgsol1,0,0.9704847129139168
zTSlm4nmlH,0,1.0
R7lDPUgpaA,0,0.844752446402735
PL4WWjvm9D,-1,0.0
5VQFAvUHcd,1,1.0
VMz5GhfxgV,-1,0.0
JTwxylP6U9,6,0.7179329368603427
Gij638d76O,-1,0.0
sxao2udWXi,1,1.0
OjlZqQzw51,0,0.7890570697594137
exGOXqxR0L,0,0.8047530290679088
SHVwG9yOEk,1,1.0
XSCYxDp3yE,-1,0.0
uJ3qNIsDGF,6,0.8158266050009736
P3n4wFJGs5,-1,0.0
Mv96iC6TMX,1,0.862669662709422
ihlT8yvQ2I,1,1.0
h4r00NGkjR,0,0.872720115297805
2XT3UpOv48,0,0.8420830879544774
xGz0wAIJrS,-1,0.0
2MRz5bSnan,0,0.562356158654953
FdsS51iif3,0,0.8751764346109107
6OOgw4boZI,1,1.0
LCwToX315b,-1,0.0
DrIZZwEZtM,-1,0.0
2RQhgx1WLA,-1,0.0
YFSrf8aciU,0,0.8926650615726012
gsi9lJ3994,-1,0.0
v9yC7sSXf3,0,0.6347030977196034
xtaX3WyCj1,0,1.0
P5vzRpoOj2,8,0.67832959836067
1ZvEtnrHS1,-1,0.0
dAJrxQz1lk,1,1.0
aRBa0lSxEB,0,1.0
Ce0dDt9tUT,-1,0.0
MIYBTjCVjR,-1,0.0
gPylY8sCbw,11,0.9921607214650005
GhNCFtLSsy,-1,0.0
lArwl3y9x6,0,0.6154267621157993
t0fkjO4aZj,0,0.8796543997255402
Eb74zfBkWa,9,0.4739883691121435
dOxm4FnMFu,-1,0.0
OQQoD8Vc3B,6,0.8842707682247262
MOAHXRzHhm,6,0.9846750838029844
RkRrPp7GKO,-1,0.0
lDI3ZuyzM9,1,1.0
RPFd3D3P3L,-1,0.0
FiClXlUqA7,0,1.0
TyLjNSbSOe,0,0.8074112614939007
K9xHDD6mic,1,1.0
swNtr6vGqg,11,0.5539926340239684
GjJRbEZ1dc,-1,0.0
46x3zvYCyQ,-1,0.0
o8FCeFpipg,1,1.0
WaLI8slhLw,2,1.0
kS7ED7eE74,1,1.0
NapL36HSBT,0,1.0
ouLe91yibj,-1,0.0
jh3UNSQK0l,0,1.0
898RcRYWCg,0,1.0
ZD65F3x1jU,0,1.0
eWKqr1zcRv,0,0.6165564706893877
vIGNYQ4Alv,7,0.5987430622274631
gQ4h6WvME0,-1,0.0
BryMFPQ4L6,-1,0.0
VQ1heZKSLQ,6,1.0
luyXPdkNSN,0,0.8074112614939007
1CJ8D7P8RZ,9,1.0
7FitZnnnu8,22,0.415055596959007
LloZFVwWvj,-1,0.0
k4ZCORSFEd,1,1.0
HtqnVSCj3q,0,0.6243672446021218
UdaTyy0BNB,-1,0.0
rUf0GV5CuU,-1,0.0
9KtX12YmA7,0,0.8302197107736738
8YN62t19AW,-1,0.0
hLoanbRrjM,-1,0.0
ZuaVKlWdD2,9,0.3826030802614701
JV8Ff0lgVV,-1,0.0
ZBzYWP2Gpl,-1,0.0
loixpHDZKj,0,0.3076693434317991
GTYaYNsFyv,0,1.0
9B57dEeP3O,-1,0.0
FIv84qGPFT,0,1.0
NN60HKTur2,0,1.0
2BpoGPSDCR,-1,0.0
eNhW9UnlGG,0,0.2114298641434142
TfbzX6I14i,0,0.6914780909315925
UJ9o8wbB5U,-1,0.0
ZQzm0Z47jz,-1,0.0
kDQwossJuI,1,1.0
5Fgdk3hZpb,0,0.1897282022323151
VbYdaK8ek0,-1,0.0
HrL1oblm1a,-1,0.0
AQyqxXctsN,0,0.5597246635766179
MXxZ0Z5MNz,0,1.0
o50nH0sV9x,1,1.0
VzmpXQAn6E,-1,0.0
919tWtJPXe,-1,0.0
q3fCWoC9l0,-1,0.0
aMTiwdK3y8,0,0.8639015094690592
aIpGtPwXny,-1,0.0
CEk6JK71Mb,0,0.921574676260672
nO5i1XdUS0,4,0.3145591279450869
pZ2Ww45GkL,-1,0.0
k9zSU3pdi4,0,0.6345810871540253
6gcY0MGNhj,23,1.0
No52399wXA,-1,0.0
DEiNSfh1k7,-1,0.0
CAF4CnUblx,-1,0.0
3H9QH1v6U9,0,0.4883647779656224
2OcNWFHFpk,-1,0.0
roGYQvarnC,-1,0.0
QDByreuQyk,4,0.3312210830666104
BVN9Kgvwzv,0,0.8751059705293173
ZdxGmJGKOo,-1,0.0
jooPcatnVF,-1,0.0
bA3iR0jQO9,-1,0.0
S8hg5LpFvz,0,0.6547846401685782
1WMdoiVMov,-1,0.0
DjX2Nr15kY,1,1.0
l2VKZkolT7,-1,0.0
cQdc9Dyk4i,1,0.47237335456169
dSRyKIYRnP,2,0.986858467993794
v6jIxRRDyD,0,0.5634850199859414
kJmYu3Ti2z,1,1.0
UKtjq3dIs0,0,1.0
PnJaA0A8Lr,0,0.7553564926514635
X25L5AjHig,21,1.0
DQgTewaKzt,-1,0.0
Dx99y3okbL,0,1.0
ce9B2x3zQa,0,0.8796543997255402
HUuEMMM8Ik,3,0.4978521447855167
KKxO6wwx8p,0,1.0
KOVWXcrFIK,0,1.0
RFgv7cfMUy,0,0.9385436058245572
x5ZruOa4ax,0,0.2967657330166909
d6LShzSTOP,0,1.0
yCBqKTvYe9,-1,0.0
OAOt75zsdP,-1,0.0
l3yxZS3QdT,8,1.0
9eneYFIGKq,-1,0.0
hVVp8TXIPs,-1,0.0
6JrckqCxtl,-1,0.0
xq1QvViDdW,0,1.0
Mlo2kM11ZB,0,0.4114914240751955
K9dmkfZcMu,2,1.0
ogPBujRhiN,-1,0.0
Ge8Mhggq0z,10,0.5513533333180437
BC1IJdsuYB,0,0.583579974171531
7sjLvCkEwq,0,0.3307144643779297
lJDoPAjkCV,0,0.683220806808899
xrK3QA9mLo,-1,0.0
4mwORQjAim,0,0.440944779225368
4iTAUsyisM,0,0.4271469294214655
tEmFyqjaJh,2,1.0
7WeCyYy9TL,2,0.614758479606081
Q0ntwxVtcy,0,1.0
Srt1hhQgqa,-1,0.0
JzQlGqBm8d,0,0.7450613077360024
1h92PmnKov,-1,0.0
WIrZh2XxLT,-1,0.0
csdEeUn0ve,0,0.9253357546474884
CQqBt46FUD,-1,0.0
IYnsTEVTIb,0,0.6801986813490262
hExFOGZTSt,4,0.804486747153055
7GyYpomkEa,9,0.7389771266924621
alLs7EtRJP,14,0.6674579684456092
DkKHSsmVuA,0,1.0
4Sn2vUs0zA,-1,0.0
YEtstXIpP3,-1,0.0
Yvpenkym8A,-1,0.0
tQYGjnxPOm,0,0.5693187140089033
XddoUFpjkP,0,1.0
e1WgjvFGWp,0,1.0
8fLatmFQgF,7,0.7400372667003828
PARMyW6xX0,-1,0.0
jZYf1GxH1V,-1,0.0
2izFpGERjU,22,1.0
fmYmXNPmhv,0,0.7769165848199013
I5rsM4CY2z,0,1.0
RI6HFZFu3B,1,1.0
1mAYtdoYw6,1,1.0
nYgs0qZJ97,0,1.0
XvGQ6F3sG8,1,1.0
UdByCgCNdr,-1,0.0
NibgkUin5n,0,0.3844335084285128
wbbTqsiKzl,0,0.6756579022775258
BbIxB4xnbq,0,0.8300640855069039
chlTA9Cegc,-1,0.0
6EqUpqMnwl,-1,0.0
ywrPcBEXdC,13,0.7861636775124089
MYfqIVcQrp,1,1.0
6gWpJ0IExE,0,1.0
jcJVgIFY2r,-1,0.0
VhcsIxVEd9,-1,0.0
Oc1SIKxwdV,-1,0.0
R6KJN1AUAR,-1,0.0
FM81CI68Iz,0,1.0
bTidcHIK2t,-1,0.0
MvoMDD6emT,-1,0.0
f6a9XVFYIo,0,1.0
uAyElhYKxg,0,0.5985669345831178
EcReRm7q9p,3,0.3922037677740652
wv3bHyQbX7,0,0.7848292022226258
NvcVXzJvhX,1,1.0
FxRfAIj4s2,-1,0.0
CBBtMnlTGq,15,0.1276569121679835
j0U6XJubbP,0,1.0
sq0m11cUMV,0,0.8164304006213279
GgdFLb94Ld,10,1.0
r8snfquzs3,-1,0.0
IyAHCbMq3a,0,1.0
1JlAV2paGu,6,0.8759947482655948
z3HACY5CMa,1,1.0
zrLxHYvIFL,-1,0.0
os2BdbiGwX,0,1.0
EcN3l6Xmnx,2,1.0
1moStpWGUj,2,0.8459774616847612
MWQjqtV1z4,0,0.6162190772341152
ZZS9WEWYbD,21,1.0
n18MhTsSGb,-1,0.0
qxF8Pge6vM,0,0.9829388850730052
2ioRi2uwLR,-1,0.0
dnB71DMyDD,-1,0.0
FLFasCFJNo,2,1.0
IwnINorSZ5,-1,0.0
69dAz94zPv,23,0.2291749696606647
ZHMYXfk4b1,1,1.0
36DxONZ9bA,0,0.6703903792279138
X8dbFcAox2,-1,0.0
6lgugutkin,0,0.5787771126853516
WpGLxnOWhn,-1,0.0
I18BXotQ7j,0,1.0
ubzNoJjOKj,9,0.8524808031682296
oaGdsgB18L,-1,0.0
PbMBfRpVgU,-1,0.0
wiv21EJ0Vd,-1,0.0
1qvx610Cu7,0,1.0
TW3ipYdDQG,11,1.0
wUNPmdE273,1,1.0
LZ4WgwmrUJ,0,0.6070149938676829
D8oHQ2qSTj,0,0.9427661380588568
3S9Oiu6gMf,-1,0.0
1uirUsR9E7,2,0.919782589311361
A383wMho4h,7,0.9318855201983398
bNNIf8F9OU,6,0.755543657753949
Hpt1i5j6wh,-1,0.0
PYEgC56flW,0,0.4628140341120683
nCwStXFDQu,-1,0.0
pH4Fv7C3yC,3,1.0
WsmBcJarWW,0,0.9037412126904312
q6X038vKgU,0,0.1206768291333067
yEewbkBNzi,0,0.5504217647772327
GzlDKZlwie,4,1.0
cwjh8lqmOL,-1,0.0
1PnSOKQKvq,2,1.0
6rabAZhCRS,-1,0.0
nrQif5tH7O,14,0.6576062179863752
ldulVsMDDk,-1,0.0
iPTF2hON1C,0,0.5564570552410336
L9nTuSbAws,24,1.0
2gn9WFlqJ4,0,0.3421278047251519
UHBrWeFWlL,0,0.8069290302457648
CzAAbKOHQW,-1,0.0
Ds8iLujo3p,-1,0.0
0kz5RmHxmE,1,1.0
taQ64d2KBX,-1,0.0
8niGwlkLAX,0,0.2715419699438338
eT1QOsssRB,-1,0.0
BHZsJ2sTkG,0,1.0
Kg65qieiuB,1,1.0
FkAwlqBuyO,0,0.6864546045645816
4RoD1o7yq6,0,0.8424431993578907
ca2QmdOlIh,11,0.5664707194257816
PdZhf6PiAb,-1,0.0
67MTWzhEOn,0,0.1897282022323151
URrUpcp6Qh,-1,0.0
7nXaoclHed,1,1.0
pjSzKhSrfs,23,0.2487073943260015
hCUG1MCFk5,0,1.0
NnMEadcdyD,0,1.0
Uczck6TlSZ,0,1.0
nMB41QjLDY,0,1.0
7ZQiucQu2u,4,1.0
PjBEUTVzoe,0,0.6768436730475424
YdfcKb4Wif,-1,0.0
JG4BshgCas,-1,0.0
Ai40Gvt2wj,0,0.8560168117944033
LClyG4vZmS,0,0.7177928751650283
XmpthbaJql,-1,0.0
PYASzxr2OP,-1,0.0
Re2NHYoZ5l,0,1.0
qL3zPoWJda,21,1.0
Ki6DqBXss4,0,0.2229133029540353
8S9Fbee743,-1,0.0
x2xQEszznV,-1,0.0
k1Xy5zCNOJ,-1,0.0
HWGWeaN76q,-1,0.0
e2aCgjtjMR,13,1.0
ZARAiV25CW,0,1.0
hIGZujtOQv,1,1.0
6ljXBlojde,0,0.5988693768600718
fY7dShbtmo,-1,0.0
1aQivXgZKj,0,0.3323330317776575
YPQg2RTFD8,0,0.2387486258357385
jA235JGM09,8,1.0
IN3hQx1BrC,-1,0.0
JZfg6wGi6g,27,1.0
QvIvWMaQdX,1,1.0
QIFoCI7ca1,3,0.789698781462824
UHwmoJYwSV,-1,0.0
qO9VagA7kF,-1,0.0
yHdTscY6Ci,-1,0.0
aa8KsqfTPa,-1,0.0
67o9UQgTD0,-1,0.0
UpN2wfrLec,0,0.9351239240480406
aig7sgdRfI,0,0.819036049842625
ftPoVcm821,-1,0.0
3H37XciUEv,-1,0.0
PcKHQFsvel,0,0.5949205605773024
qHrADgAdYu,-1,0.0
MLIs5iRq4w,-1,0.0
h3kuB4z2G9,3,1.0
gI1SOgW3kw,-1,0.0
PR5znB6BZ2,-1,0.0
Rcit6V3vus,0,0.6117732677396395
f2U4HCY8bg,-1,0.0
wFH5hZAwYz,0,0.8477977402033942
MmCtXvW6GO,-1,0.0
ubgdInLSF9,0,0.6526009990407652
2tfG9QaFA7,6,0.8426102493653502
Kv8GJkV19S,0,1.0
ZED5wdGous,2,0.9944963251143152
ChGGbmTNgE,-1,0.0
2CRaOpEKWh,6,1.0
S6ajVZy6FA,8,1.0
Fkckkr3ya8,5,0.7982120316901424
lENeWLXn4W,4,0.5575888410491441
0QpwcDPiHT,0,1.0
zQ4yraDiRe,0,1.0
9yhYcjsdab,1,1.0
IyWpP2e0bF,-1,0.0
QxYzmYmQQe,13,0.4176007917551445
strvrjSi3C,-1,0.0
mQPNcBWjGc,0,0.7427900633082293
UBBeUjTja8,0,0.8051603778776311
CA8tMQiscx,0,0.8084125576865632
T2lM4ohRwb,6,0.7487803281647878
xdtBFMAPD2,0,0.9037412126904312
awIpKpwTwF,-1,0.0
7JuReDmGSL,-1,0.0
oDtyJt5JLk,0,0.6516761109152086
kfWzpZvEUh,-1,0.0
B4G87Bq5wA,1,1.0
HZQZli6amV,24,1.0
bpzwUfX1UP,0,1.0
Dkmpa6wCIx,0,0.6154267621157993
4iV26fZPUD,-1,0.0
2dx5MNs2Ip,0,0.5203749743457411
WK8LQzzHwW,19,1.0
VacSQpbI0U,0,0.4061731569521313
7LZ4tZrYlx,4,0.2761682597524443
hSTaTBIUCj,0,0.4777284493540559
39cFjnRpYm,0,0.6601137980530687
UlJcZoawgU,1,1.0
WjlCQxpuxU,-1,0.0
KIPAIy329j,0,0.6837321737354748
LAGxc2ybuH,0,0.4831543763937758
0gvtoxhvMY,1,1.0
qjnl1QUnFA,17,0.7442379410673536
LTdfYIvbHc,0,0.7831113824078604
Ou1VRZ4j4y,0,1.0
hDajsofjRM,-1,0.0
C4rRqkXFyC,-1,0.0
8jg8z3ASiw,0,0.5634850199859414
xW0ayZxPWs,1,1.0
w2F8Fm6Sg3,-1,0.0
fKQEmHoLb6,0,1.0
r7g9nFsulw,-1,0.0
lmXNcKhj4c,0,1.0
19AgWnmyoV,-1,0.0
dyXNh5HLq3,0,0.433522631317314
M03sZkmJXN,9,1.0
rzlqOVExUA,1,1.0
V4hqq2NGTW,-1,0.0
mLe63bAYc7,-1,0.0
2lWh1G1W1I,-1,0.0
L9ZTvJ5jVx,-1,0.0
cd5D1DD923,0,1.0
eBXM62SqKY,-1,0.0
mbaN0Y0QTw,15,1.0
MJJQRUFzeX,7,1.0
cLQCCtVDuW,-1,0.0
4ZaPpVDjGQ,4,0.9435749190505556
RSGNGiB1q4,1,1.0
EY7Hpj8Ok6,0,1.0
hn1oJO7lg6,11,0.5715512470222675
NrG1fURihk,-1,0.0
KBXcDAaZE7,-1,0.0
cBS5CU96Jq,0,0.7848292022226258
2FMJtNDLeE,0,1.0
UK8mA3DRnb,1,1.0
xPLaXSuSvQ,-1,0.0
IaoovD6nDx,3,0.2306051428150498
40L3viVWQN,0,0.6750709536852002
v7WWesSiOu,0,0.8920712424368646
9Muli2zoFn,0,0.8571846253832921
r8LYNleLf9,0,0.6496124437578298
FtNruwFEs3,-1,0.0
og9V7NgOrQ,-1,0.0
ir6WWkFR80,-1,0.0
sZNBYvunEr,-1,0.0
jU9qiRMDtR,-1,0.0
hz33V7Tb2O,21,1.0
znW5jNIOED,1,0.9371338991811844
pCucay08Co,23,1.0
EF56cv8B3b,0,0.4777284493540559
F5FVsfCxt8,4,0.7927951838494249
4L2OlXhiTM,0,1.0
6H8Md75kAw,-1,0.0
HGFcM3UU50,0,0.9937352860060964
XyAP8ScqLV,1,1.0
E0Gw1uz7lU,7,1.0
IOuuLBrGJR,6,0.5954402538960396
uvdJgFFzby,-1,0.0
5yZiP9fZNv,0,0.2070994781570493
ajnThDhuq6,6,0.7686210278853572
oef30oScVB,1,1.0
3YDukx2cpr,1,1.0
CxjmYRP9Ji,0,0.5634850199859414
BtAz4a5xDg,-1,0.0
cGdGh3Mp2W,-1,0.0
OwpaO4w6K7,-1,0.0
QlHosp050r,0,1.0
73XPopmbXH,-1,0.0
t7ozN4AXd0,2,1.0
tUyW68cRqr,1,1.0
oO1IreC6Sd,-1,0.0
MUzdCW2hC6,0,1.0
dwfHbm8g66,-1,0.0
vBx0yNQmik,0,0.8120487679640035
cay8LnKSro,-1,0.0
7UdVPRmpif,-1,0.0
SouroWC5Un,0,1.0
09bZyE9tfp,0,1.0
zkfyOkBVpz,-1,0.0
HPuSIXJaa9,0,0.922220922884307
3n8PNUdvSg,8,1.0
NLpXRrjpa6,0,1.0
IzlRh5qwmG,-1,0.0
KakzVASqul,21,0.6692390493838376
XUu2GloTXb,14,0.6325772339395109
nrbR2F29vU,3,0.2656068717977345
b1BhHjBxsx,11,1.0
AALLvnv95q,0,1.0
KtvPdGb31Z,0,1.0
A6EquH0enk,0,1.0
IXWaWPkGke,-1,0.0
yN6NHZOXkg,1,0.2418016349101419
RiwPYAMLur,-1,0.0
cRGINXQWem,0,1.0
sPLTQSf6GI,3,1.0
b5R8mbqo9Q,-1,0.0
wg3d2FKAm8,-1,0.0
YQA28p7qNz,0,1.0
Cb3clCaZG4,1,1.0
tSEeRl7ACo,-1,0.0
r9eZH6WNm2,10,0.8092981325734275
wFuemocyHZ,0,0.8857775589125989
08zf7kTOoh,-1,0.0
m6dRQJw280,0,1.0
frVo9MzRuU,-1,0.0
BDno5qWEFh,-1,0.0
hE5RWzQyvf,-1,0.0
I5SM5y57k2,0,0.182336907280404
xUyBP16Q5J,16,0.2191414480259498
WcoX8eJJjI,2,0.904379593179529
A18PgVSUgf,10,1.0
Izt7rDD7jN,-1,0.0
jcnvDO96N5,-1,0.0
s7xWeJQACI,0,0.8514934831459756
JCN9YsZiwB,-1,0.0
GfZGdJHj27,0,1.0
B5LpWAaBVA,-1,0.0
xTgM7XLN9P,0,1.0
h3CGHf7457,-1,0.0
UINHuKeWUa,0,0.5735944650622341
0LmWBhIYLi,1,1.0
2EDqbSCnmF,17,0.9051501909924342
9B9J8X23LK,0,0.583438452321403
0FhKURbTyF,0,1.0
XkcufOcgUc,1,1.0
N7tw0QXx3z,0,1.0
g78QqvhnDU,-1,0.0
RZGtK2nDDJ,-1,0.0
bNXVRJjmOl,-1,0.0
ypOiXjdfnU,-1,0.0
YPHIrNKI0d,-1,0.0
4yXnnCK3r9,0,1.0
VAQp2EnZeW,0,0.8539237047705261
cMUBkkTrMo,0,1.0
YoghyvSG0H,-1,0.0
rhIfzCZoXG,-1,0.0
pT8DIhsJCw,-1,0.0
icWwBKyVMs,1,1.0
A6PRwRjI8V,0,0.3844335084285128
tt7bQnTdRm,-1,0.0
Mgy6sgslPY,-1,0.0
A5yMv7XPuA,-1,0.0
PYSfn5xXEe,0,1.0
fpzA8uRA95,6,1.0
ZmeAoWQqe0,-1,0.0
pirH9ycaNg,0,0.1934976479795853
s1FjXzJ0jy,-1,0.0
LZzsn51DPr,0,0.6895163833223181
wzPcffMZ3b,7,0.5599493798709855
Cu3T82cegI,-1,0.0
uY4rqdLls9,0,1.0
v6VpqGcGAR,0,1.0
Sf17j2pkCU,-1,0.0
d0IEd3VgBh,6,1.0
NGiq8qCQNk,0,1.0
mOVEJletyD,-1,0.0
3XStpETaO8,0,1.0
3o4jU8fWVj,5,0.4541017450508113
mWMJN0vbDF,-1,0.0
uDV4lA0gZ6,0,0.6826177880434068
hHv3UuffXV,7,1.0
fezV91IJIo,3,1.0
rsrfEIdawr,-1,0.0
qd9qcbVAwQ,-1,0.0
8JCZe7QrPy,0,0.8139381434038725
D8nAMRRCLS,-1,0.0
IQ6GI7fM2z,-1,0.0
FAZ3i0hvm0,4,0.8533578094686383
XcQzXeF7fX,0,1.0
STrXsSIEiq,0,1.0
bt7pQ7o7zG,0,1.0
1SAzP7W43j,-1,0.0
nFEQNYsjQO,0,0.6987433223965627
GiiOpKinGm,0,1.0
Od6CHhPM7I,-1,0.0
FQGRkwmRzm,11,1.0
Iq0DvhB4Kf,-1,0.0
gwvwbsnTps,1,0.708000306916333
w116w62fxH,0,1.0
7p5YWe8GqG,1,1.0
KQyXyIAfK8,0,0.7507856402751187
GEWzHeHpLr,-1,0.0
zjpjsJeVJZ,-1,0.0
46gYakmj4e,9,0.3430737685646444
89ia77nZ8u,-1,0.0
vwr4bHHsRT,0,0.4223969466885172
zn5ihqknGj,7,0.797109520213604
4sDHLxKb1L,-1,0.0
COPzNA10hZ,0,0.762736737075104
Bw82hwg5Q3,-1,0.0
OWELckerm6,-1,0.0
EmOIP3t9nk,-1,0.0
KFj0Q1EXvU,-1,0.0
e4XidX6AHd,-1,0.0
h3lTrt4Ftb,0,1.0
ofa1U5BJVJ,0,0.6052201267959736
kuxu4lCRr5,0,1.0
J8Ajf9WfXP,0,1.0
oDcWnfZyZW,0,1.0
7w4RGjzd81,20,0.7118008321132976
IiwTFcGGTq,6,0.7826138769595711
sL4pJBXkxu,0,1.0
h3MShWMxNt,0,1.0
Enzew8XujO,-1,0.0
lRu0dN7BY6,-1,0.0
4e0NJbkkd8,0,1.0
adq0oXb9KM,0,0.4995056668249816
nMH5cUaSj8,0,0.1168821309442074
irRHgjePdR,-1,0.0
eLH2NFOO1B,-1,0.0
7qfkImn0dL,-1,0.0
bUgqyyNo8j,-1,0.0
lnTpBUge5G,7,0.5625156043534691
1M8nDkUU9b,1,1.0
mcx8IGneYw,0,1.0
FmpH0CYWiX,-1,0.0
BKAFLUcpBS,1,1.0
V87gZeSOL4,3,0.9720829410429624
dB4lvScPIj,0,1.0
1A4ZqTmnye,0,0.3873535194002143
8Xn3D9OtqI,-1,0.0
QNUs3Ramad,6,1.0
pTCZWSDltG,-1,0.0
kVfHQV668B,-1,0.0
p40XRfBX96,0,0.6453462278525622
eW233GDOpm,-1,0.0
f38EY21lBw,4,0.9122215612914524
K5e5tFZuur,-1,0.0
Dxhv8Oja2V,0,1.0
Ya8WzNF8oQ,-1,0.0
fifeeUmV4Z,0,1.0
5r3e27I9Gy,0,0.6236224234724828
yYUdgbmhh9,0,1.0
tF7W8ai8J3,0,0.9037412126904312
9STYRIVx6u,0,0.5441844715850269
JIYdbHDonF,1,1.0
LftAvFt54C,-1,0.0
JXvszuOqY3,-1,0.0
1zKRwh5Rl2,3,1.0
LlERoXEKjh,0,1.0
GqXbfVmEPW,8,0.9097084489955214
SlXKgBPMPn,1,1.0
NbkjMn7X8H,6,1.0
8GuEVzAUQS,0,1.0
d0VItRE2ZH,24,1.0
A7ESFTMJWs,0,0.819036049842625
AlTyimRsLf,0,0.1897282022323151
UvIN8oQ4uI,-1,0.0
ZQMlfNijY5,0,1.0
Lqv7VS1iBF,0,0.5693187140089033
kupNhxLc6k,0,0.968344915165667
gLwjBDsE3G,0,1.0
lkEiOZlmPm,1,1.0
twmHKU3Ds4,18,1.0
HoBbZ1vPAh,-1,0.0
kXOXrVnwbb,0,1.0
JKhyQHpx7B,0,0.8576313555472171
x7q7w07r6Y,16,1.0
cANkPsVtsw,3,1.0
Xasl21tSOf,1,1.0
yQSb1n56lE,9,0.3523231509409638
3ZICE99e6n,-1,0.0
n3fPDW87is,0,1.0
xzmaFfw6oh,10,1.0
EE1Uiu3Ryb,0,0.5910366348563454
XfYpIaKDb6,0,0.4271469294214655
qy07OHsJT5,22,0.3967676640263773
CswEebv5Hn,0,1.0
KgqucdSwIe,0,1.0
30o4ARmfC3,15,0.7502050617381713
XetXfkYZ6i,-1,0.0
EqnZqrbFrc,-1,0.0
BGP5Vjt93A,9,1.0
VMAgvbBBts,0,0.8284226432747532
FasIQqsJhe,-1,0.0
0ycX03sMAT,7,0.8444121835698877
Y17N9B0vXn,0,0.9024177264974346
b2WpR0Fymj,0,0.5338360934060237
ooXpTZYwXa,0,0.6599854537173897
4vGVQVz5KG,-1,0.0
OfjVAKx44G,-1,0.0
S0xrBMFihS,0,0.819036049842625
G5RwHpBUv0,-1,0.0
AuXd54odxm,2,0.8431795566294864
xax5eWeObb,0,0.9232605878291203
sW8yGZ4uVJ,-1,0.0
P3Z59Okb5I,0,0.8385405678655128
1SF2tiopYJ,0,0.4777284493540559
thPI8hrA4V,0,0.6847903062218815
25vRtG56YH,0,0.8796543997255402
vf77fTbgG3,-1,0.0
XKBFdYwfRo,0,1.0
hyPUZX03Ks,2,0.919782589311361
zOCIKYVaF5,-1,0.0
2rq4LwwjfE,-1,0.0
bsNslV3Ahe,-1,0.0
oRn953uhFq,0,0.6214963201298515
jX49iKr6vb,-1,0.0
FUnEkOkodU,25,1.0
3Py8A1j5N3,4,0.8212877928980036
ztqf6bzuqQ,-1,0.0
QB7ot7p6j7,6,0.3685150465348129
JDw50IX4TY,0,1.0
wS3PPBUDX8,6,1.0
wwmKVO8bsR,0,0.9645482594477516
vybQs1Gbuk,0,0.567323687914229
f6rQJ83ycb,-1,0.0
65aDEXIhih,0,0.7871178315206842
7irm2VJARb,0,0.9294171215038758
zrUEHZ6s9C,0,1.0
e1l4ZYprQH,-1,0.0
sJDkwMVqb9,1,1.0
8S6ZeKB8tu,-1,0.0
cB0BImqSS9,-1,0.0
9NzC3PjpAt,-1,0.0
tFsxtqGmkn,0,1.0
2SScUiWUbn,-1,0.0
eTF3VDH2b6,15,1.0
sx0xpaO0za,0,0.9427661380588568
ORmVvN94B9,-1,0.0
QFcE9QGP5I,7,1.0
4mXYJzoPhf,0,1.0
RiSMijlsLT,14,1.0
7rm3OcASkg,-1,0.0
Vtqymej1tA,5,0.8291995125514846
YbYQ0JEQ80,0,0.6006840827140755
TiFMYdQiqp,2,0.5204638402743031
FAGY52HbyV,-1,0.0
z06npyCwDq,5,0.7709294408677946
iWWLgcUTZU,-1,0.0
XKeSauhUdJ,0,0.808182430933416
2EVTB1idyR,-1,0.0
gbhixjg2dX,3,0.4418349240085245
qlnlamFQEa,12,0.401902567264806
8muKbaAgsh,8,1.0
m7PIJWOdlY,1,1.0
KmdlUP23qh,-1,0.0
y0OlQSZsyp,3,0.5901565225609898
RgD92idA32,0,0.4344251469768478
cx8lw7WXY4,0,1.0
SuvDnzrKCo,4,1.0
iKarSI2a73,-1,0.0
o7W0Zet6p3,1,1.0
Dbaxm9ujq6,0,0.493822184050472
7h1YaSGaHS,-1,0.0
pcuC65JWAa,-1,0.0
CrpL8mGa0Q,16,0.4113554024951489
K4FK7I8Jnl,1,1.0
4PkBhz18in,3,0.510720755408005
HszLRiHyfO,3,0.8941444806699745
d4f40zJJIS,0,1.0
YWsPN0EMZr,0,1.0
BqZ70BEtuW,19,1.0
dCAk9VlegR,-1,0.0
iv2sTQtbst,0,1.0
UZTpkfw0aC,-1,0.0
DS4rKySlYC,3,0.3755760417787219
KMxRQO7P98,0,0.977415950802143
JkmvrheMe7,0,0.6151005039712067
kLIieSS2P3,0,0.6006840827140755
sFGkL5BsPi,0,1.0
qPyvuFT0U9,0,0.8074112614939007
MirclT6zpv,-1,0.0
iAcEmyhwk2,3,0.510720755408005
fbpTObq6TW,-1,0.0
kKFDMtpeDW,3,1.0
RRSltzPc7w,20,0.0894627995610256
4zWEyYGGfI,8,1.0
qY7UqLoora,1,1.0
mkve1raJUc,11,0.5903121242597024
X6TBBsz9qi,-1,0.0
2z8noau98f,-1,0.0
xSEhb2j3TK,-1,0.0
xEhKwsqxMa,-1,0.0
cBIPcZKFdw,0,0.9698847025678872
U1Kr8FTyhQ,12,0.2101721945495888
suzMI2P1rT,0,1.0
4R2Y5B12jm,20,0.2279725924075322
mookk2nLO9,0,1.0
vlDbqzwczj,1,0.2418016349101419
YSFQRVkkl0,7,0.3997591589909551
bTL5SNOpfa,-1,0.0
bKqrWLCMrX,-1,0.0
ZGElmTRk3w,-1,0.0
ohKbQp0jIY,0,1.0
8Ba7VJ7xiM,0,0.9964304829107752
UFW67uduJd,19,1.0
bXvmnpCMmq,0,0.4663252864196958
5HahZRA0fy,-1,0.0
YifKp5b15e,0,0.8796543997255402
fHsBNNDroC,-1,0.0
vtoY8qJjTR,0,1.0
rQI3FOzo1f,1,1.0
HMhEFKDQ6J,0,0.5655215777501057
VUvLSnMZdX,0,0.15904979504393
szFqlNRxeS,0,0.3321954237887312
YFW6MVGVTn,-1,0.0
SLx7paoaTU,1,0.924368678428686
FviF8vuz5B,4,0.6234719720746393
VKbEO2eh5w,14,0.6325772339395109
tkenkPYkxj,0,1.0
iVYInarGXg,0,0.819036049842625
hWPNYWkYPN,1,1.0
uEJfW3OtUm,-1,0.0
OZ7aImD4uQ,-1,0.0
7cnMLZvTy9,13,0.7953936912319988
ayZpFoAu5c,1,1.0
lM1UnEssuX,-1,0.0
toEGuA9Qfn,-1,0.0
TDS3kqRteY,0,0.8901403313109478
enfx8HM4Rp,1,1.0
5Xc1ecxO1h,0,1.0
Pbpk9jUzAi,6,0.6725913098237766
iImnbUVhok,-1,0.0
yyLFUPNEiT,8,1.0
5q8xovQF7r,3,0.4234382911081229
Zt9RzHjSEy,4,0.3129466585634923
noyleECBam,0,0.7297351700877991
SfXjt1FtMQ,1,1.0
zGdH4tKtOW,3,0.510720755408005
PxcWJqO3qj,0,0.8796543997255402
Nh5dp6Uuvx,-1,0.0
7R8noSP4vL,0,0.7886567324056957
xtQ9IGRzIW,7,1.0
0CbmvZPBGB,0,1.0
5AMa9fiyJq,-1,0.0
nRfClnMhVX,-1,0.0
H1a7bVVnPK,-1,0.0
dlDFakG6kJ,-1,0.0
NG4DaApavi,-1,0.0
TqW5PL1Poi,0,0.5929912033658509
6XC5iKqRVm,0,1.0
3b9sqxCW1x,21,0.513860063746437
jhs8F63xI6,0,1.0
lBhRTO2uWf,-1,0.0
KtHquQuyA5,0,0.8676394576267302
6iouUxI45W,-1,0.0
UlHueVjAKr,18,1.0
vBwSACOB3x,0,0.5767323395054881
xOzlW2vUYc,0,0.8091240455165165
OoPLRGBKjM,-1,0.0
AYLlZMmUbo,-1,0.0
4Ks8RPcXd9,-1,0.0
yaJ4vZPnHX,-1,0.0
j5AoleAIru,0,0.7848292022226258
5sV53leJCv,0,0.5343661383616042
cgiP4cMBP9,0,1.0
66XhNDahk6,0,1.0
tbbId8u7nP,5,0.7984920177310423
c4Xc0uTLXW,0,0.3944718802931306
eE5L1RkxW0,-1,0.0
3WAnGWLpSQ,0,0.6154267621157993
BW6nZf7TnK,0,1.0
BGvkwZEGt7,0,0.9404245314180592
frHPeRedHo,-1,0.0
zQOYGDc9pu,3,0.4924022427249468
ia4AL3QnOv,-1,0.0
znY173SCxu,7,0.9865796452031615
qP0Drg2HuH,-1,0.0
MWxsYPVmLS,-1,0.0
Gh67ZZ6zkS,0,0.2967657330166909
JSVXZKqfLU,-1,0.0
uv3ge0goPa,-1,0.0
tGPx7HdBr4,-1,0.0
cczH4Xl7Zo,-1,0.0
WmqYhqvz5i,0,0.6402843363193048
f8zIs2IB6Q,2,0.8147375888762426
BT03V9Re9a,25,1.0
ONwL9ucoYG,6,0.3779456040173021
4JCVw8oMlf,0,1.0
l6ypbj6Nv5,0,1.0
KQ25VgEvOJ,0,0.7813185902915953
2cYxNWNzk3,8,0.655852893083648
qYAp31KwU2,16,0.1659658163286383
Vota6rFhBQ,0,0.6526933066652141
zR6V9fPRBn,12,0.2740497742146596
4W9FVg1j6I,-1,0.0
PaSpImjKm2,0,1.0
PnbCA4ylIc,-1,0.0
wpfsnu5syT,0,1.0
yft4JlxsRf,2,1.0
qgv56R2YJ7,0,0.4919501085669122
XFE6zpevLc,7,0.4602919360341256
gjBk6IQofa,-1,0.0
1pWNhmbllE,0,0.8683429209654476
vZHk1QlBQW,0,1.0
V5Oh7Aqfft,-1,0.0
Psnph85KYc,1,1.0
S3Y0VvegGm,0,0.6451466606645815
Z764QxwETf,0,0.4777284493540559
JwNXeBdkeo,0,0.8878437819762716
WjgCRrOgip,-1,0.0
EY4OHikuBm,0,1.0
hJzEoQHfCe,-1,0.0
8NAxGDdf7H,-1,0.0
WfsWy59bX2,4,0.7180495413859612
CxUuCydMDU,1,1.0
9v6gpFTfCM,0,0.3873535194002143
gORnZ5qIsa,2,0.5365468248713459
3jAsfo8x8k,1,1.0
lJWUJWLCJo,5,0.7908421786395005
l9BsCh8ikK,0,0.7759342681619185
eTHawKFT4h,0,0.9713499781403924
38o372YoYt,0,0.8049119904366666
VOstHxDdsN,0,0.7848292022226258
JzQ7QClAdF,-1,0.0
TSuq3debnD,-1,0.0
3ucmcMzCXD,-1,0.0
Vx1JadlOIt,0,0.9186731783829752
QG4nJBNEar,1,1.0
IOSaJ7ukgf,9,1.0
3HlULdiKFM,0,0.8558478785504082
yoZTVn0T50,0,0.5808933972521866
GIlsH0T4b2,0,1.0
TVD3wNVH9A,0,0.8302197107736738
g6We1SwaY9,0,1.0
dpdbbN7AKr,-1,0.0
4hYIxI8ds0,0,0.2009348903438769
HF6bnhfSqH,23,1.0
mSNfjOcDUv,-1,0.0
R6qMmdl4qP,-1,0.0
DeZst6dKyi,0,0.446774448114747
0Wp3VHX0Gm,0,0.6047877532265037
THfl8hdVxH,5,0.3816699424841199
HKueO74ZTB,-1,0.0
cAaTbLa3ad,-1,0.0
Uzi22WryyX,-1,0.0
Eewh7sl0Xj,0,0.4719429644877408
xINPCvgULc,0,0.4312801803388451
sq4o3tjWaj,-1,0.0
bBIHqoZ3OR,0,0.535594247370508
muFvu66v7u,4,0.3424543441885645
PmqBJ02V1p,3,0.3975815164965263
ezCsMOy1w9,-1,0.0
phnN1eu5AX,0,1.0
xHNzWHbklj,1,1.0
Deb1yP1zMN,-1,0.0
Bkrmr9LjeI,0,1.0
KipjqOPaZ0,0,0.8796543997255402
1xPsn2gCOe,-1,0.0
oxj8mx4Sv2,-1,0.0
TTkklyFv7e,0,0.8732160695018875
XrqqPDAsRE,4,1.0
rwrblCYb2A,2,1.0
gUlcyeHzw1,0,0.8623883549578267
PHbqznMa1i,11,0.5436656141514954
RACcp8Zbr9,0,0.9355532026713602
nG35q8pNL9,0,1.0
o6yTKfdnbA,-1,0.0
MtekhXRP4h,0,1.0
APGXBNkt6h,5,1.0
jtiQ26sCJi,17,0.7350262186150888
aW9BqtRQkh,-1,0.0
DBz9E5aZey,0,0.5856824113638112
mSHs6C7Nfa,-1,0.0
ntlFREw59A,0,0.851461810826005
ZViYPzh9Wq,0,1.0
y8HUXkwAOg,0,0.230845462350002
lG1VEQJvUH,1,1.0
3LZHatxUa9,1,1.0
g0G8DQSBcj,-1,0.0
Q74JVgKCP6,0,0.8765695878399234
ynJr0RW6FR,0,0.4574244848334163
7UyBKTFrtd,0,1.0
KvAaIJhqhI,0,0.1853782602901084
Tsb4dVtCHx,6,0.6857069651429657
ogk236hsJM,0,0.5381675582798938
oAmHzy8btj,1,1.0
25Ioxw576r,27,1.0
14hLJr6kZ3,-1,0.0
rLJisJmMKw,-1,0.0
dGQtja9X2C,0,1.0
M75dBr10dZ,17,0.5447034348504799
pgQCsyKdpN,-1,0.0
kRwQCAIA7z,4,0.708862866628884
uyqjpycMbU,12,1.0
OdJKB9jSa5,0,0.5099038431959272
WRd9LCbvxN,-1,0.0
R0bnWrpIeN,-1,0.0
MDdOQayWTA,0,0.5671035023804748
jz5ZMeN9He,-1,0.0
lV1wGHKd5x,17,0.7764102595380488
JPtobPtxKT,0,1.0
ykQnxko1cJ,-1,0.0
AH5KwUSsln,-1,0.0
9uMJeCUeKk,6,1.0
ZRYFftR4xn,0,0.7881820935177403
SLnsoaY4u1,0,1.0
LSqDcfX3xU,1,0.8161771062541411
0C3bLHwjsY,0,0.4313654061259683
uRnTYPkF3V,-1,0.0
qf1ncViBr5,-1,0.0
wcX04Wn34u,0,1.0
aXS1pwMa8I,0,0.6547846401685782
JK728xy8G7,-1,0.0
lxuXvJSOcP,-1,0.0
NhyDfZXjQX,13,0.1935943768835068
JxlQ2pbyzS,-1,0.0
V8HVsyTSu6,-1,0.0
4cU9ZvOkBz,23,1.0
BAfKBkr8IP,0,0.7932145221471152
aFB97F8QSF,0,0.2585173973886563
tsIKrvexBd,12,1.0
AWFryOJaGi,-1,0.0
GQrk0WGNiC,-1,0.0
nRp0XhTf61,0,1.0
bFrNPlWchg,0,0.6006840827140755
ojLIEQ0j9T,2,1.0
aX9z2eT6ul,3,0.8893652217455102
rajRJ6WKj2,0,0.4777284493540559
RYQ0KuZvkL,-1,0.0
U4KldRgoph,1,1.0
lT3oc04mDp,-1,0.0
bCMpdaQCNW,-1,0.0
Xa3dVaolKo,1,1.0
WcmqdY2AKu,1,1.0
9cFyqhjEHC,1,1.0
H3at5y8VFW,-1,0.0
6Wm4202Wvc,4,0.2512634356096434
0ZZMUjZJYF,-1,0.0
yVzWlFhpRW,0,0.9818834665027248
7arAADUK6D,-1,0.0
Twqa0GFMGX,-1,0.0
yxjWAJzUyV,-1,0.0
XF1jpo5k6l,2,0.9671341463293616
FYLcH4HAZr,-1,0.0
xW6ga9i4eA,0,1.0
5lLb7aXRN9,2,1.0
AYDBFxNon4,-1,0.0
JNDcFOczOf,-1,0.0
OCQbC0eDJJ,0,0.3602916880596873
kMAXN7HF6d,0,0.3216952881940569
6gIcnPvw2x,3,1.0
J42SwBemEA,0,1.0
aYWtfsf3uP,-1,0.0
F9NDzHQtOl,0,1.0
QgaGs7peYe,-1,0.0
cw5mgd71jW,8,1.0
y6qhVtFG77,2,1.0
9Q9UiAyV40,0,1.0
IjHrALdQNP,0,0.5808933972521866
n9xVaQMJNK,6,1.0
yppcLFeZgy,9,1.0
RY3rDQV0tQ,0,1.0
hE6ZxU0N3c,0,1.0
LlcygqLdwO,-1,0.0
XHWkHFWi3k,0,1.0
1M67AdMBbg,-1,0.0
dQ9ji8e9qQ,-1,0.0
XgwTH95kCl,14,0.8499419130120008
aGqldlOxxY,0,0.9232649328800182
B29BlRe26Z,7,0.6114472293142544
wIE991zhXH,0,0.8579632580119443
cuO0DenqMl,-1,0.0
nLQeE8QGGe,2,0.6007501520155833
jLUbLxa4XV,6,0.3656971490471147
B74mb0tEY6,0,0.372032279303314
nvYDPF4LJK,0,0.9817339615423152
YRemB4naKK,0,1.0
R46HGlIjcG,0,0.2952679887466535
MDgn9aazo0,0,1.0
V0JvwCQlJe,13,0.0907721044043616
UPxmISfNCO,0,0.9685194794290596
7Tir0u0ukg,0,1.0
5BwWgyvgwR,-1,0.0
iiYadgKHwo,0,0.5963171792949261
52r4XJYzjg,0,0.821409476679443
4TENzBftZR,0,0.9131293763265862
2nisrxMMQR,0,0.8047530290679088
YXQW4qQe2U,0,0.5634850199859414
qEpi8uWX3N,0,0.8888260512232348
p32gjG4yqw,0,0.6059899051010957
2vywag2lVC,0,0.7651596915986503
gHCFduRo7o,-1,0.0
8puv3c9CPg,0,0.9642660031927424
XsNA2b8GPz,0,0.819036049842625
ihEHCbqZEx,14,1.0
7O6KtaAr8n,-1,0.0
0rl5vWOzRU,0,1.0
RHQbxlhzhm,-1,0.0
k29Iv0XrBF,-1,0.0
ZsS0megTsh,17,0.8150984942037366
hkEwwAqmCk,-1,0.0
3vJbgcjgvd,3,0.510720755408005
anxYEohntP,-1,0.0
CAC74VuMWX,5,0.4596506955059778
BptJGaPn9C,3,0.2631535535817793
ferj6WqShv,-1,0.0
FJlrSZBMCD,5,0.5611320761352635
8abNCVJs2j,0,0.5454387469950741
5Hdg5IK18B,23,0.3916744436353465
3XnBVK9sD6,0,0.6847341956980414
OiVxYf9trg,-1,0.0
YrAxxscKM2,0,0.4461872567710329
eOx0SMRUv7,-1,0.0
eowkjKVPoH,0,0.5498542454852579
6qJKrOulTr,5,0.7984920177310423
hD9TUV4xdz,0,0.5814879333358198
LEzx6QRkRH,-1,0.0
Oo7dlLgqQX,-1,0.0
hgsS4onO4s,-1,0.0
jIh4W7r0rn,0,0.5499383286849902
DKSI3bULiZ,0,1.0
YYY5lzE547,-1,0.0
iSjqTQ5S1f,-1,0.0
S98OzJD3jn,0,1.0
HwO1mNluoL,-1,0.0
iYzyTmd3Jd,-1,0.0
Lc8gemv97Y,-1,0.0
nfq3GKfb4h,0,1.0
EjKNSErSMJ,0,1.0
G9OJUgKo4B,-1,0.0
qInb7EUmxz,21,0.7292770421291944
RlZgnEZsOH,-1,0.0
hilGwNabqB,4,0.8604334341892524
3iOefhez5e,-1,0.0
3LKuC8rbyV,4,0.3424543441885645
ZyR0sRQrDd,0,1.0
iC869BBmc5,0,0.4777284493540559
OF0YsxoRai,0,0.7983109490187895
bZpZMdY1sj,-1,0.0
i8LoWBJf7j,5,0.3906867211069259
diYnEYUbIU,0,1.0
LvAy07mCxU,-1,0.0
mP084aMFsd,3,1.0
nv2Qt5cj1a,-1,0.0
UmW9BYj761,0,0.984812115784477
974ojuN0jU,0,0.9625697743891396
glfYOAzh2f,-1,0.0
Iq2IAWozNr,3,0.3943555088805411
7X5zu6GIuW,-1,0.0
2gtNa14V45,0,0.7848292022226258
ybiUVIxJth,-1,0.0
tyPcIETPWM,3,0.3975815164965263
VpINEEVLX0,1,1.0
RNeb41ybNL,-1,0.0
4A5IQEjG8c,15,0.3333315284703299
mY0ZnS2s9u,0,0.5622641934563941
4UvMOnZMam,-1,0.0
MPJ3oXtTZl,1,1.0
oXCmwwkQTZ,0,0.5896265680878875
D6MQrw9HFu,0,0.6937713023639219
Zb2ixT19VF,-1,0.0
AKBTFQhCjm,0,0.7603945834705382
Tw032H2onS,26,1.0
IRXyPm9IPW,0,0.9519102529552153
ZpVTRQVX5b,18,1.0
KppBAWJbry,-1,0.0
IIoH8bf5BA,0,1.0
8ohsbxw7q8,-1,0.0
HbV5vRJMOY,-1,0.0
nJKfNiEBvq,3,0.3596225398979803
eKHQbgvL3G,-1,0.0
7zzOcyT0hd,-1,0.0
Thou1rKdpZ,5,0.7362915196871561
rGEDFS3emy,0,1.0
ZK1CZXKgG5,0,0.9872249763287176
Ke40kfOT2E,-1,0.0
O0nBMRlkc8,0,0.9123385346466256
cMwSoXLCVi,12,1.0
aBpxukZS37,0,0.6655082346055873
jfHkAEgKwH,0,0.8461858719477722
luQiVmnviX,0,0.641029024330467
otZPBS0un6,-1,0.0
dtvJF1Vy2i,-1,0.0
wzof7Y66xs,-1,0.0
PuXYI4HOQU,0,0.5504217647772327
0m19blQT6y,0,0.869568003836151
r3c0WGCXgt,0,1.0
MbbTN9rPzC,-1,0.0
jWGGEDYORs,2,1.0
6KDZHgrDhG,-1,0.0
LPyPRS2XcF,0,0.4271469294214655
kS9dciADtY,0,0.8268405256589936
NhqZpst42I,0,0.5182850893145309
VFqzxhINFU,-1,0.0
F738WY1Xm4,0,0.6768436730475424
hLoiXOzoly,9,0.8358779354224659
tCf7S75xFa,0,0.2805113057195904
HyxjSi3SzF,-1,0.0
h6nSE8AWCT,-1,0.0
gipFTlvfF1,10,0.8101377715063518
M5D5rMwLjj,0,0.5548147579999205
ceIO1w0PmT,0,0.7703659742732731
AH1mFs3c7o,-1,0.0
WEf2LT8NtY,6,1.0
xeviQPXTMU,20,1.0
RkOT8rAmRR,-1,0.0
EFrgBP9au6,-1,0.0
KY07A73F3Y,-1,0.0
gZWYdJ3c26,0,1.0
61YYSy078Z,0,0.6759871823782776
1PmsSugB87,16,1.0
NKpPnb3YNg,0,1.0
fNakQltI1N,0,0.2070994781570493
k9SH68MvJs,0,1.0
ZulWEWQOp9,0,0.8029914442788
cCL92OPlDz,0,1.0
ATSPPGEmAA,0,0.5634850199859414
mirkQqx6po,-1,0.0
7CUUtpDeqN,2,0.8513271069738859
HCTikT7LS4,-1,0.0
I29aiMdm4u,0,0.535767704795341
pzJjlnMvk5,0,0.5693187140089033
b1ggjW00NI,-1,0.0
7RwKMRMNrc,-1,0.0
ww62xltEfB,0,0.8071681104866578
18RdkSv9h9,18,0.6055251268151346
qAP6RyYIJc,-1,0.0
p43ObIwJFW,-1,0.0
GmdGEF8xxU,1,1.0
lA48H7pW3q,14,0.6303944705832573
SiALFXa0NN,-1,0.0
XHdwlbNSVb,9,0.4463848615796983
jfkid2HwNr,-1,0.0
WCc440cUhX,5,0.7984920177310423
KxjGi1krBi,1,0.914686739659283
hQJksiskaa,0,1.0
w3JCTBRduf,11,0.6922578936143613
kVL5rvkqGG,-1,0.0
HFS800reZK,1,1.0
DHucngOEe3,-1,0.0
rC0OM4Jm4v,-1,0.0
E3HDagVPNG,0,0.4895180770879986
DC28Fpk76s,3,1.0
aC9mB1PqYJ,3,0.8309066317530546
DAtNDZHbqj,-1,0.0
h5zYGF68KH,0,1.0
88TzdGyPT6,0,1.0
JyWAFGCJPl,16,0.8451458390665954
pGeAcYhnN5,-1,0.0
gCCMzedgbo,-1,0.0
e0SQ6wsHjv,0,1.0
VDPZe0NbpE,0,0.934764180573049
0HRRNEAQFp,0,0.8576313555472171
rPKCrzdqJx,0,0.4271469294214655
Q4QUCN2ioc,-1,0.0
DNGfCVBOnU,0,0.4276239628221549
ebBnKVxMcZ,-1,0.0
57C9mszjj3,5,0.5671123683501377
cg1vwt5Xou,0,0.4331439967356137
9m87e9Keq1,-1,0.0
SvmJJJS0q1,3,1.0
0oUutV92YF,9,0.4367199228712147
nXYedmTf1T,0,1.0
oEVsxVdush,-1,0.0
7eIaqYrpcs,-1,0.0
hXgLvYsG2c,0,0.6425233100199979
Hgqs1b4ECy,0,0.6547846401685782
mXpq6ut8J3,0,1.0
7rrJQ9iWoX,0,0.6579404125690067
nXXwYsARXB,0,0.562356158654953
JBAUg7o8Yv,0,1.0
QEmsZoQ45M,-1,0.0
cgiOX8lfwG,-1,0.0
YjZ6fQAvT7,0,0.5440364409073274
hpvJwmzEHX,10,1.0
dg0hO4M11K,1,1.0
RA6rzOJ2zI,-1,0.0
9VnevS2YoR,-1,0.0
GQNvvQquO0,4,0.4657141019041105
IMlDpZmLnL,11,0.6749173663170459
VLQYtVMTYz,24,1.0
xRdpCOdghl,0,0.3844335084285128
x4Kk4FxLs3,1,1.0
x69O84Df2G,0,0.7406161305474807
3ivnixHy16,0,0.8222607068122088
oUXiNX5KRm,0,0.6649606536631169
vJMMdFfL0A,14,1.0
wdGvRud1LS,2,0.9512287697476912
4VL5QWQFBV,20,1.0
suYAAOI5bd,-1,0.0
iYcY7KAkSy,15,1.0
HpN4xeDJQF,-1,0.0
IVjs67Xa44,0,0.4329249902387739
7uWzoGn4kv,0,0.9287583541244628
njvPjG0BfK,-1,0.0
T0e4Nw09XX,0,1.0
RfsfRn9OFd,2,1.0
jY4PhQibmg,-1,0.0
LyAFfdx8YF,-1,0.0
1po4j1Tv7O,0,1.0
cARFM6KKlE,0,1.0
0d50Il6enG,-1,0.0
0DE1dLMW2b,23,1.0
pPSWHsgqRp,-1,0.0
52PTSrAQQM,-1,0.0
kamAXSJxGV,4,0.8285698757155362
MbZuh8L0Xg,-1,0.0
6pTlXqrO0p,-1,0.0
lOV9kSX3Uo,-1,0.0
ZYrZ5V84ZI,-1,0.0
2RS0fL7Eet,-1,0.0
Yq2dYPkfRU,7,0.7093873235014976
On5WIN7xyD,-1,0.0
WftaVkL6G2,0,0.9226707308337286
DylSyAfmWs,-1,0.0
NIcIdhyfQX,0,1.0
ZNcJtNN3e8,1,0.7674195603641798
WeoNd6PRqS,-1,0.0
CVpuVe1N22,-1,0.0
Pf7kdIjHRf,0,0.9408797732450552
MB0DD5qAz8,-1,0.0
QAbhLBF72K,-1,0.0
YPqHSTSoFs,0,0.9190605429807202
Ai76ATrb2y,4,0.9213705531138944
VRRvJnxgQe,0,0.3082370898852674
4vp0edVY4o,21,1.0
xO9GHdmK76,0,0.6290339003810219
pOXgdFEB7q,0,0.5076791255042344
dHIKahbV6G,0,0.8576313555472171
MN4nt01TeO,6,1.0
VHva3d836i,0,1.0
LvNDqNJKlD,7,0.7828247289750999
OOiRS6fiM7,-1,0.0
SgODU2mx9T,-1,0.0
ZeihWodDVh,-1,0.0
RH7tfqhiZY,0,0.4777284493540559
z0I2SbjN0R,0,0.9973490444612484
UVjuYBSbCN,-1,0.0
aetbfmCcwg,0,0.8400422140651326
0nzKznCjFG,4,1.0
BSYn7ah4KX,0,0.798477619508136
edOZifvwMi,-1,0.0
7hy5fy2OC6,20,1.0
UahrHR5HQh,0,1.0
TIhiFqGOYC,0,1.0
u6XxyuD3Ro,0,0.384957032812849
Ujo8V7iXmR,0,0.4065798265709145
tnQbciDjVf,0,1.0
RxQoIekEa2,0,0.4158726878779661
hVGAGU4TKk,0,0.5798777424168966
ENlubvb262,0,0.8796543997255402
t7SGOv5W5z,-1,0.0
zFHJUSTZka,0,0.7364097332741015
WpEaUIBIWH,19,1.0
7Mo1NOosNT,3,0.3755760417787219
CluvZBfrjj,-1,0.0
L6ICzOxAfi,0,1.0
4t3ox9hj3z,-1,0.0
bPuYxFBHyI,0,1.0
lHcvjsQFQq,0,0.9880228530624274
nyp59a31Ju,0,0.9058189107147636
mtOPyMkSRk,0,0.683220806808899
GvQU54uA7u,0,0.3155804277110777
JInTfcxH3Q,0,0.1459539289645491
3qUks3wrnH,0,1.0
vjAORqq71s,-1,0.0
lhlIUxD5eE,-1,0.0
b1XPHC7MQB,0,0.7567242597407533
V6w7keoTqn,-1,0.0
lIH6oCdppg,0,0.7520775223839721
sVZBJoxwk9,11,1.0
LdZ0u1FuXb,25,1.0
dJ9KzkQ0oH,-1,0.0
p3hNrpeWMe,-1,0.0
7VNvM9SnRE,0,0.4121036880832643
ftqjwZQz10,-1,0.0
VazkRbCGxt,0,1.0
eKSRTlzRWG,0,1.0
qZSwlcLMCS,0,0.5437295685401017
twpPD9UMUN,17,1.0
woRFmNJiLp,0,0.7367906460529923
J2wI2rCG2u,0,0.4226089982560791
tb1MlJCY5g,0,1.0
xNncVKbwwS,0,0.2943505723132701
jzngdJQ2lY,-1,0.0
D80tRH9CXF,11,0.5806936235236616
lNCsyA5uS1,0,0.7578575049640025
bzGAELYOyL,-1,0.0
HBj86RMdZ8,0,1.0
GN2GXjPyN8,9,1.0
792txRlKit,-1,0.0
bKuxygBW2Y,-1,0.0
LUsx0chTsL,-1,0.0
b7hmPlOqr8,0,0.7504222904366988
go4zzXBWVs,-1,0.0
gPCesxD4B4,0,1.0
h3BdT2UMWQ,16,1.0
Gqou8PRgWq,-1,0.0
Jf40H5pRW0,4,0.2956582998345723
yaYJlpidX1,21,1.0
PXGY9Fz8vC,-1,0.0
RxkcroC8qP,2,1.0
Wl2optQcng,0,1.0
64V40K2fDv,10,1.0
3ilqQHBWTf,-1,0.0
Cb1Md0RvqF,-1,0.0
Pox8jNQOo5,2,1.0
sp8wHIsnu9,-1,0.0
LOH6qzI7T6,-1,0.0
NU3tE3lIqf,0,1.0
KSyTvgoSrX,-1,0.0
7PORYhql4V,-1,0.0
Dn68qdfTry,1,1.0
pqYceEa87j,-1,0.0
LxRmdXf72k,0,1.0
8ihVBYpMV4,-1,0.0
GCmmy4At6i,0,0.6031883475421537
5kthqxbK7r,-1,0.0
gcpeEg88R3,0,1.0
iEeiZlTbts,0,1.0
pqD7ckR8AF,6,1.0
2V5LTfhcfd,22,0.8218783283296051
wDirCeTIoz,-1,0.0
iN43sJoib7,0,0.4954339164353882
zNiJZUAlxg,19,1.0
ahvOhPkkMx,0,0.8400422140651326
YNx7ai4zTs,0,0.8567911976994548
1ELFGSNBGC,-1,0.0
fqjeKsHOVR,0,1.0
O23XfTnhWR,1,1.0
FVgCwcwpJw,0,1.0
2AIwiIkE0s,-1,0.0
R8mfn3rHd5,0,0.7395787487775335
7XkwzaPMvX,-1,0.0
exATQD4HSv,2,0.6049999329178116
rniiAVjHi5,7,0.8946042345460503
oTZYhOAMhX,16,1.0
ucxQrked0d,-1,0.0
pqi4vqBYXW,0,1.0
PnSTlFUfcd,-1,0.0
15Jm9v7wCo,0,0.4122853211122341
ZGN8dOhpi6,11,1.0
V6qdb1AgsM,4,0.5667534171754727
PH7sdEanXP,0,0.4544355680850368
CAdBTYBlOv,-1,0.0
XlpipUGygX,-1,0.0
RNbrIQ0se8,0,1.0
EC9Hfi9V3k,1,1.0
EwWpAPzcay,0,1.0
63VajkIDEu,0,1.0
G99BSV9pt5,1,0.948824545499619
ohi00YhT3T,2,1.0
jURBh4V9N4,0,1.0
JvQnJWIj6m,-1,0.0
hCOuip5Ona,1,1.0
co7DsOwcop,0,1.0
FeCWZviCeP,-1,0.0
9lGJrkqJUw,10,0.91348728975853
RnxJc4vTVi,0,0.9442681914207254
nRdST1qifJ,8,0.9870070515130396
5qPmQtfvhy,-1,0.0
z4duW3KzlD,-1,0.0
RDsDvSHGkA,0,1.0
uBVCPAMDGk,-1,0.0
Aj0Zf28l6o,10,0.9162645434517752
Uymv9ThB50,-1,0.0
yxOrSmS5wR,17,1.0
REVdYKGcfb,-1,0.0
RsawwSBCs7,0,0.8047530290679088
8VKxTlnejE,19,1.0
qd8blc0o0F,1,1.0
ZjgcYMkCmX,-1,0.0
E2BYPreuU8,5,1.0
JAhNsZ9dvG,-1,0.0
JHg9eNuw6p,0,0.4777284493540559
DT7n4F2bbP,-1,0.0
MwFeh4RqvA,0,0.4777284493540559
SOxxGATGsl,0,0.7304239659257137
OYmms5Mv9H,-1,0.0
ZJjuNF0olj,0,1.0
zDaD8zv8tG,-1,0.0
RbS7RWxw3r,0,1.0
47loYmzxep,0,0.9030641077159426
KIrZmlTA92,-1,0.0
8aA3DHLK5h,0,0.9194185091305288
GxvDsFArxY,9,0.5309449756364892
axX62CQJpa,0,0.6865187644685742
xtpY1kQmW9,0,0.8526486994550347
UvbpbEhGaw,-1,0.0
aBP01akha9,0,0.2967657330166909
G5lMFOtFHa,-1,0.0
CscowTrOP9,0,1.0
GqrWhROxrG,0,1.0
TuspoNzIdB,-1,0.0
ZJ2ONmSgCS,6,0.6225177178822296
S4ZqnMywcM,15,0.5789913069533689
gLoe70Tn8V,16,0.2339208996357419
Q4NWfStqVf,0,0.9556787915784204
s5917zor6V,-1,0.0
GYqs5Z4joA,15,0.1511295708068082
DONsOc7rY1,2,1.0
2fiYzs3YkH,0,0.9669675829642712
aNHEqFMS0N,-1,0.0
UqvEHAnCJC,-1,0.0
rblaF2euXQ,0,1.0
cCDMXXiamP,4,0.9125101283539984
CMgxAaRqZh,-1,0.0
qcPlGtzwW9,7,0.5225482368738629
clqX9cVDKV,10,0.9369133938210136
MelYGfpy4x,11,0.5519148615266265
40pE5pFhWl,10,0.6160312190630962
89AUi5L1uA,0,1.0
Jm2aK3sDJD,-1,0.0
CeOwahuQic,-1,0.0
VajjTXRj6J,0,1.0
jsgYYXaSiS,0,0.8284226432747532
2NfBBpbN9x,-1,0.0
yfQwyxiSJ7,-1,0.0
IoRT7EhFap,-1,0.0
0l9yGPTHAU,0,1.0
kW30LbNwdV,6,0.8322312487468868
aIeXn5103e,12,1.0
w2L3Ll1jbV,6,1.0
O6YRAOfHGt,-1,0.0
2xTkeyJFJb,-1,0.0
hsgNvC5YM9,0,0.8184610756184648
Y7HPB7pL1f,1,0.2418016349101419
z7h7zMgyPJ,0,1.0
dA7hUm4css,0,1.0
WxLVYZbIew,-1,0.0
SpcEwP6EYt,15,1.0
c78U5zi4eA,16,0.7724325107100719
lcALCNF2qe,0,0.5693187140089033
Gi00NVru6n,0,1.0
v4dXL3LsGX,-1,0.0
FcUyz33OED,6,0.8894152864681331
U3Rgdb4li9,3,0.4281174929758681
Y1edWJH9qB,1,1.0
bHP9hX4SvI,0,0.5814879333358198
DG2f1rVEM5,0,0.9479332704295864
i4gqCM1r3z,-1,0.0
06Vt6f2js7,0,1.0
HPvIf4w5Dd,0,1.0
Aj8RKCGwjE,0,0.4406802649480512
6292sp7HiE,0,0.3401832268436297
3ADBiWNUBb,1,1.0
vwgWbCxeAQ,0,1.0
2n1Ysn1EDl,-1,0.0
6AeIDnrTN2,0,1.0
VUWvVvNi6r,-1,0.0
W5U3XB1C11,-1,0.0
E8wDxddIqU,-1,0.0
dIVb5C0QFf,0,0.7367906460529923
CrADAX7h23,-1,0.0
4NQ24cHnOi,4,0.3340844334703322
snxWD0Q4EI,0,0.4307854470939614
YNRYWZHmKY,0,0.4579599530305487
kMnoh7CXrq,5,0.6447382908532349
FZW7Ctyjm3,0,0.9940039086563712
nw4TWuEPGx,2,1.0
cFqAANINgW,0,1.0
pG380vLYRU,7,0.7139129941465973
CIcMZGLyZW,-1,0.0
EY2agT920S,0,1.0
UCSt4gk6iX,0,1.0
2INcTKPBy4,7,0.998609234459743
SadbRPoG2k,-1,0.0
HhnpPISAUH,0,1.0
vS5NC7jtCI,24,0.3608584150348742
NC0Bjl4uTf,-1,0.0
TrXV4dMDcG,-1,0.0
F8DWffLkYG,9,1.0
Tpx9gcZVBf,-1,0.0
4oAt5L4lYe,27,1.0
JZHFRLoqDq,0,1.0
recsheQ7e8,0,0.6082111748549208
juJl2uSq4D,0,1.0
eyfYC19gOd,0,1.0
Y58T1MQhh6,0,0.3341513859960663
uS9RZH6K65,0,0.951083372636872
m8MElyzuwp,0,0.683220806808899
O3nPufVaee,0,0.651586443754698
uDxhMgjVJB,22,0.8120190455898998
tKuLgnDWWN,18,1.0
iNS3SC949v,-1,0.0
QKp3nhPU41,0,0.8189949893596323
2cQ3lPhkeO,0,0.9386401623068747
dIHXwKjXRE,0,0.4843946697422372
pWowK7jqok,-1,0.0
kZpNDbZrzy,-1,0.0
w50ICQC6QJ,3,0.3755760417787219
qzwAG8qxI1,1,1.0
QJr02BTM7J,-1,0.0
ccQ4fmwLDb,0,1.0
WhE4C4fLbE,-1,0.0
B1Iq1EOiVU,0,0.2905405693167751
zJNSbgl4UA,0,1.0
V42zfM2GXw,1,1.0
UfLH4T676K,0,0.827650399420626
woENr7FJaI,0,0.3636115466509301
bNVvcgfEwD,0,0.5504217647772327
aIPwlkdOut,0,0.3588469043913367
8CBcdDQFDQ,0,0.2899047772916741
XY2qrq7cXM,1,1.0
RxXdokK2qz,7,0.6791728004777684
H7SaaqfCUi,0,0.7322411410032479
LmjLRHVCMG,0,0.5286881277951336
6YKMBUiIsG,20,0.9772678268049492
BZh05P2EoN,-1,0.0
5pnhGedG98,-1,0.0
0lBx844upd,0,1.0
5k9XeHIK3L,0,0.5693187140089033
XZp1uP0hh2,11,1.0
28bFUt6rUY,-1,0.0
WPxa6OcIdg,0,1.0
JDAQwysFOc,1,1.0
Grd7yzFm5V,-1,0.0
nJvkQSu9Z5,-1,0.0
iMEAHXDiNP,0,1.0
LpXV29Ggl3,-1,0.0
QMaLS4VeY3,17,1.0
esVleaqkRc,7,0.6436499282215556
2aGcshccuV,0,0.9066589887778876
mcY221BgKi,0,0.7414707971321146
7WoOphIZ8u,7,0.687085181867592
fpxRpPbF1t,17,1.0
bSv0MBDBF2,0,1.0
tN0xnYPLt6,-1,0.0
TY9VoSZZIA,0,0.6047826929574186
GhqdnLZMAz,-1,0.0
xojbzSYIVS,16,1.0
TFZlFRl9Ks,-1,0.0
4fN2REs0Ma,5,0.6551330549368893
HShs7q1Njh,-1,0.0
up0qqbdeQu,0,0.8086683593253147
gUEBXGV8JM,0,1.0
aCAb1qNXI0,0,0.8359991233299396
0AwMciNShl,0,0.7310052134144998
K1EG2ABzNE,0,0.6100414736830537
FTpOwIaWUz,-1,0.0
fOLNl52Q5U,-1,0.0
NaCXcUKihH,0,1.0
rhCgizNupi,-1,0.0
Ln8ogihZ2S,-1,0.0
gITGmIEinf,11,1.0
FZQYfmsmX9,0,0.4849387987355435
eAqcVZx30k,-1,0.0
KLL70pTQ17,0,0.8350462216237149
hF6vatntqc,5,0.6328508438758242
SKhR5CuiqQ,0,0.9225557190319712
QvqLdeSLWA,-1,0.0
Dzk2cRUFMt,1,1.0
nxumYwxJPB,6,0.821994696629454
zxSWIdyW3A,0,0.9630190556958912
RzlCqnncQv,-1,0.0
B7S4jJGlvl,-1,0.0
KI5TANE02e,-1,0.0
jCMYIUwprx,0,0.9067479880065384
739jAzUXk7,0,1.0
yBrxziByeG,0,1.0
ZizwgYErtQ,0,0.4896727581567967
168NLzTpw8,0,0.8696463495191399
dDDc3iNZA7,0,1.0
97OvPgmjRN,-1,0.0
Mi853QaJx6,-1,0.0
XYw051ZmUn,0,1.0
aJDGfynRw7,0,0.8990495828479644
iM5i289eqt,-1,0.0
BJndYScO6o,-1,0.0
AB6XpMzvqH,0,0.8047530290679088
JRSyMBBJi6,-1,0.0
TeBKVfhP2M,0,1.0
muYhNDlxWc,0,1.0
5IRtAcVbiC,-1,0.0
V2MBWYXp63,1,1.0
B2cTLakrhV,-1,0.0
50nEnmVLRb,0,0.3338423458415495
59DmXSBG6S,-1,0.0
cpklMJqZDE,0,0.6708732053752533
Ddak3nSqQM,-1,0.0
vCIc9BXzze,-1,0.0
wpGJ2AX6SZ,-1,0.0
7nbAots3f8,0,0.6547846401685782
PvoxbjcRPT,0,1.0
4XTvXMSZPO,-1,0.0
e2R4WNHHGQ,13,1.0
oTv6Qa12G0,-1,0.0
YfQA78gEFA,0,0.8663185637924782
RtMyTzIW6l,0,0.8515768873264402
S1fc92uemC,-1,0.0
rYjYwuM6yH,-1,0.0
nBhfIcDnRP,1,1.0
qrlguvKu7a,-1,0.0
6qr3932RWe,0,1.0
tnh4LK72yj,-1,0.0
JL2eMCfDW8,0,1.0
pMaCRgu8GV,-1,0.0
MLhZ8ZNOEk,-1,0.0
mlm3nUwOeQ,0,1.0
rM3FFH1mqk,22,1.0
5BXXoJh0Vr,3,0.2381318170682966
81YIt63TTn,0,1.0
ds6xMV3yVV,-1,0.0
s5Y3M5l1qg,6,1.0
QVtwpT5Dmg,0,0.6747391549868049
0bFXbEMz8e,-1,0.0
dwYekpbmYG,12,1.0
GqefKjw1OR,0,0.486255156032757
36tMV15dPO,0,0.6117732677396395
ASqdVeifn7,0,0.7108536440140225
Vw1V9AgPXW,0,0.2504271379956242
Ejg4d4FVrs,-1,0.0
7g8WSOHJtP,1,1.0
cIBSsXowMr,0,0.9685194794290596
JXKbf1d4ib,-1,0.0
yMS7ansbr6,-1,0.0
f8MrWxlnRz,0,0.6820319490403043
boGxvYWZEq,-1,0.0
RRRyQMn6dv,-1,0.0
BQEOJZ0aSD,24,1.0
pgUQFIJ6BE,-1,0.0
G7L65B2P0y,3,0.3975815164965263
0uGlKYS7a2,0,0.3360789379000968
SdLOs1FR4h,1,1.0
TJiw1oLAcD,0,1.0
oCGkSH7ys2,-1,0.0
HUxtJcQpDS,12,0.7989980223232848
iSfCWhvEGA,0,0.8123304062292609
hNlk9cIGo9,4,0.8582119670694547
tz83Nyb71l,-1,0.0
DUHX779C5q,-1,0.0
ocxVXe5XN1,0,0.8796543997255402
7qBkADV4zD,-1,0.0
orxQccN8Fm,0,0.473295853802366
rzvVm0LsyK,0,0.5504217647772327
TUwWBLjFk9,3,0.5680042205030333
eNeqGc9AgR,0,0.5693187140089033
bMTn8KKrbq,-1,0.0
JFUhBY34SC,-1,0.0
ChnJ3W4HFG,0,0.9541044466887612
uoJQ9qadjY,-1,0.0
wgpmDyJgsg,-1,0.0
AVrGtVrx10,0,0.1897282022323151
mZHbkbYWTp,-1,0.0
He2GCHeRML,10,1.0
O2UwxfhY1P,14,0.6131659258136344
8mZc259r8X,0,0.562356158654953
faj2EBhdHC,1,1.0
jb5qN3212b,1,1.0
IdEaeCbhUW,2,0.5497010156540142
AUg9D2VjcF,-1,0.0
yRhrVaDOWE,0,1.0
4jegYnUMHb,0,0.8087721649645901
YfLzYczAo3,0,0.4243271125607027
4sueqIwb4o,0,0.9638893856157246
Vq2kzpig8v,-1,0.0
yDo1ynArjj,0,0.8641222488523601
CovjSQmNOD,-1,0.0
9wtlfRKwZS,5,1.0
nd8Q4a8aWl,0,1.0
iQUxHrCna0,25,1.0
Cb3kcwYBgw,1,1.0
ypFgcT147Z,-1,0.0
FFW6rPz48Z,-1,0.0
Qk3IBHyv6z,-1,0.0
UQflshLbZv,-1,0.0
lpXDZKiAnt,8,0.7004820623693485
9SpWvX9ykp,0,1.0
1sLdprsbmk,0,0.8578969737609908
Qtf6Xz4VvE,0,1.0
uuQQwrjMzb,0,0.2268473270621855
fE3RqiF4Nx,0,1.0
bHgkT0sUy6,-1,0.0
NLmAGkN6nn,-1,0.0
2oZea6pKhl,0,0.6182012056298789
cdTTTJfJe3,-1,0.0
GP30inajOt,-1,0.0
CiuH7zOBCQ,11,1.0
9uolDxbYLm,-1,0.0
kTtK65vKvD,-1,0.0
KEe4IUp20I,-1,0.0
BrPZMOQiSN,0,0.7783372332038166
7Swrtm9Qsp,0,1.0
RGnjY6l2HT,0,0.8774620550029592
E2odGznGim,8,1.0
Cr2jEHJB9q,0,0.3565308408774119
F9i1avQTla,-1,0.0
ujwIlTNrAP,0,1.0
h1iMVi2iEM,0,1.0
x7usmidzxj,0,0.5504217647772327
qp5VbGTaM0,16,1.0
dIktpSgK4F,-1,0.0
y9zIRxshzj,3,0.836413227360431
TS09IypR3r,0,1.0
RZk2rxJT55,-1,0.0
G24fOpC3JE,-1,0.0
dpvqBkEp1f,0,0.2550984592842449
kpo6ZCgVZH,0,0.5970663746579258
itztwTAcN6,0,1.0
TWfNFCOPaK,-1,0.0
VKt0K3iOmO,15,0.5803189780016098
pNQB78UDp4,-1,0.0
R6FOuWv5MD,-1,0.0
wBtmN8SZ2B,-1,0.0
fzlMza6dRZ,1,1.0
fYa6ezMxD5,-1,0.0
W89fKKP2AO,0,0.7381509371326952
bO5bUxvH6m,3,0.7455336052729821
8iytZCnXIu,-1,0.0
E8b4yOLGZ5,-1,0.0
B9qg3wo75g,0,1.0
ogaeChzbKu,20,1.0
gJxEiRcnao,2,0.887980273623187
MSsQDWUWpd,1,1.0
eNCYpTCGhr,7,0.797109520213604
Vtxy8wFpTj,0,0.4560309587791058
3XLQp2Xx3J,20,0.2326902124725843
gVM2AZ5xA6,0,1.0
abuQMKDVkW,-1,0.0
2LuSHTFWzK,1,1.0
cS63YtJ49A,0,0.9287572250087276
uLGyoBn7hm,3,0.9087795868137944
9utMGIbHBt,0,1.0
b7REKaNUTv,-1,0.0
kqmucDKVcU,0,1.0
6PMfJT2O7G,0,0.650243775627929
g8pyTkxyIV,0,0.9433672695228884
Tcft2V63Vd,0,0.5705032375029164
sKEhebkEdz,0,0.4026458219532458
8ugOlbjJpp,7,0.4969029474039754
cEb305kE1V,-1,0.0
kuCY0mW4Q3,0,0.8888260512232348
MdmzAezNHq,4,1.0
sZ7jj9kqAy,-1,0.0
wWyumwEYV8,-1,0.0
mtBmKqyqGS,0,0.868010360674298
m0jZUvlKl7,19,0.9015742873139556
iRHxp1ibFj,0,0.7849642510785142
fA3RMMl8ii,0,0.4702378160617868
32Z3nfCnwa,0,0.540551455364681
6HUJoD3wTj,5,0.7249276993026335
nEnazjpwOx,0,0.70107442645313
6jOScqwdHU,0,1.0
tuiqq1G8I5,-1,0.0
EbSSBvwUWw,0,0.5882089386982268
5ClpGA0u9K,-1,0.0
mfTvNzhsht,0,0.4306216397869367
1PcJ5Evta7,8,0.6797156743160977
Y841BRW9rY,8,0.7004820623693485
HQgHCVZiHw,-1,0.0
fEvUEBbEjb,6,1.0
MXze4H7opg,0,0.5748154403329799
TxffvJMnBy,0,0.4271469294214655
ujE83r50tR,0,1.0
kCabCEhQWv,-1,0.0
i8JaxY7tDI,-1,0.0
AvWB40qXZh,-1,0.0
iEsyRsg6t1,3,0.8661681309846496
BROvXhmzYK,0,1.0
Ad3PzTuqIq,0,0.5693187140089033
clAFYReaYE,0,1.0
OP3sNTIE1O,0,0.3064577248844605
plH8gW7tPQ,5,0.7984920177310423
QXQY58xU25,-1,0.0
HbIBqn3grD,2,1.0
5cIRdGM1uG,5,0.7984920177310423
7flSQgZ4RT,1,1.0
sy2SmstDOB,0,0.5528130448354138
UdXE5V2d0O,-1,0.0
90IpKvVdXd,0,0.8587242559679946
Ioabr42B44,0,0.8885063113568028
JjQl8hXJAS,-1,0.0
zBMKodNgKX,1,0.6274039368923058
udZKVMPf3S,0,0.672089329259845
APBq3KAmFa,0,1.0
oEKFPSOWpp,-1,0.0
h1grUs6CjN,6,1.0
7qJFkuZdYo,-1,0.0
uOvrwVW1yA,0,0.5455100360218836
kngLs5H6l1,0,1.0
mmSFfib6pI,0,0.2967657330166909
PI0CDY6nmo,0,0.5947694145309901
GN2qbxZlni,-1,0.0
N2wYPMpifA,5,0.3385087928628493
JhqyeppMiD,8,0.9081359645422484
nLSLbJgL7f,14,0.8717131406490352
HtlfNbyfOn,-1,0.0
ncqauwSyl5,10,0.6692011421984104
dB99jjwx3h,3,1.0
Pwl9n4zlf5,0,1.0
Sj8G020ADl,7,0.7808012974241054
lEDuaGGiCV,-1,0.0
NGIIHlAEBt,-1,0.0
oe7MfqFK1M,0,0.8639015094690592
jgkKroLxeC,1,1.0
aq3I5B6GLG,0,0.7693070669013434
7Lv8zHQWwS,0,1.0
KP7EUORJYI,-1,0.0
clTa4JFBML,0,0.4629695727664662
B1FOes6cyq,-1,0.0
7lMN6xoBjb,-1,0.0
Ss7l98DVvD,0,0.893262017775676
nfK0ZXFFSn,0,1.0
Dokew2u49m,21,1.0
JzKFN5fWOk,-1,0.0
zZVqZRXSao,-1,0.0
Eyyt3ZmNV6,20,1.0
XHTl2k1LYk,9,1.0
lbLC5OV9GY,0,1.0
NQCkNM6TES,-1,0.0
zlgfRk2CQa,-1,0.0
yCh1z6Dcto,-1,0.0
cV4fcjcwmz,10,1.0
xjXYgdFM5M,-1,0.0
v1kpc060aC,0,0.9311413697757138
qK4iS49KDm,0,0.4924819996320315
W0okTgsPvM,0,0.8820266888762412
NKPXHzYusG,0,0.6006840827140755
yiXZZC5qDI,-1,0.0
eWiGn0Fcdx,-1,0.0
XAKALzI3Gw,14,1.0
WoEXVQcHFw,0,1.0
HAocQ9dSAX,0,1.0
satH8Evs2y,6,1.0
7txPaUpUnc,-1,0.0
7L2tCirpwB,0,1.0
QhRemVrZbG,-1,0.0
G2dYZJO4BE,-1,0.0
M2QREVHK1V,13,1.0
TwrnhZfD6a,-1,0.0
fvOCJAAYLx,10,0.593707491848059
3dn1hINA6o,-1,0.0
65htepluYE,0,0.6603496912358091
4neqdBz8eG,-1,0.0
G8aS48B9bm,0,0.9311413697757138
8koaqRdRYH,-1,0.0
nu2Sqrsnr7,0,0.5093767891531781
FOTMgW8w5t,3,0.3975815164965263
1c9XHlHTs7,-1,0.0
UVAq3uJ0gc,7,0.9939510138372404
pXFiHHySEw,0,1.0
yltJAlwtW9,0,0.8796543997255402
IHjoPnNZb9,-1,0.0
QDprhde3jb,0,0.4976406361329388
fkuseU0nJs,0,1.0
VVd3iOKPMJ,-1,0.0
32g9BWTndc,1,1.0
MeCC0Is5hs,0,0.6115608359688076
y7oxY5pq4j,0,1.0
Lzl8qJYXv5,0,0.9430798598394962
VaXnxQ3UKo,0,0.6070349672703244
CwNevJONgq,-1,0.0
NLUYZ4ZqNq,0,0.8497984321993161
hYJOfWfw1P,0,1.0
Kzno1r3Xef,1,1.0
BJv1t4XNJW,-1,0.0
OONojmx3wH,0,0.9752761143344983
wduRaBDRBS,0,0.6006840827140755
fDiZJ7mmOV,-1,0.0
QeWibaTmnn,0,0.9496092247450546
UHDCbIrCFL,-1,0.0
lxhoVDf1Sw,2,1.0
w6vbfSC1y0,24,0.683707596720647
xUoNgR1Byy,0,0.6000414153795397
7CMNSqsZJt,-1,0.0
93ktalFvnJ,0,0.6666829267146629
8iPobEKUUA,0,1.0
n60xBFZWrk,-1,0.0
wT2TIfHKp8,16,0.2826799782420013
2TXDHUqyrQ,0,1.0
m1PVjNHvtP,0,0.4419534926626035
yWq89o19wf,16,1.0
TusuJSbRxm,0,1.0
VUuOsBrqaw,1,1.0
rafVvthuxD,0,1.0
chnJT8Nj8X,5,0.6587615665061625
FXJDcriMYH,-1,0.0
IAse6CAG26,0,0.8204571244728711
fkbMlfDBxm,-1,0.0
xaqPAkJnAS,1,1.0
Bj2CpB9Dey,3,0.5775991158924862
UTrIEHobXI,20,0.8127835550250706
hiwHaqFXGi,1,1.0
xbuaSTqAEz,1,0.2418016349101419
v1BIm8wESL,0,0.8532491676355709
c4ElkpA0kh,-1,0.0
BtCrHwiBHP,0,0.4271469294214655
5GCgNFZSyo,0,0.8302197107736738
WPPC7FHtaM,-1,0.0
U3hQoqgQDJ,-1,0.0
vKwf15M5EE,2,1.0
6aJrEC28hR,1,1.0
CehOqpvOxG,13,0.7724795109890971
qWi33pPecC,-1,0.0
ks0FrTSCnK,0,0.4982517166500015
wkwGedn19x,0,1.0
FjssnGuHih,-1,0.0
mp8u2Pcmqz,0,1.0
Nq8enbbaP2,0,1.0
nRRJsDahEg,2,1.0
eSes1Mic9d,8,0.9102320166496424
clDGHpx2la,5,0.4545570157359655
Tt2xJaxDc4,0,1.0
tacb2bFZcm,-1,0.0
sxZlp9ZoHD,-1,0.0
QZtJ22aOV4,-1,0.0
zeaBrGv7Ll,0,1.0
8KPyJm4gt5,0,1.0
grrefkWEES,0,1.0
T5Cerv7PT2,-1,0.0
aou5yrBqKy,-1,0.0
m5106RRLgx,-1,0.0
ANO1i9JPtb,0,1.0
KcDcaVOW1S,26,1.0
ejIzdt50ek,7,0.4430485839997117
bOYVESX7PK,0,0.7778349492860017
0XeNkkENuI,-1,0.0
haUnEiXgQ7,-1,0.0
wGP1tBCP1E,6,0.8522248353548291
4BWlUJF0E9,1,1.0
ZfBuhzE556,0,1.0
266nH7kLSV,1,1.0
p3tSEFMwpG,0,0.8293971243333687
nmUkwoOHFO,0,0.9427661380588568
Bh0LLUp8OA,-1,0.0
s2hA6Bz3LE,-1,0.0
SoTK84ewb7,-1,0.0
qIkYlfDZaI,-1,0.0
hbOWLtJNMK,1,1.0
BmG3NgH5xu,-1,0.0
BiikUm6pLu,-1,0.0
PnlCHQrM69,0,0.9160240774240288
TA5zPfH8iI,-1,0.0
iD18l6prA7,0,1.0
kJkp2ECJT7,-1,0.0
xxY8d4rnSb,0,1.0
drpJ7KOr3F,14,0.9381038363277656
PlBUSoSUJG,-1,0.0
ZvQ4Bn75kN,0,0.9012734677513023
87AXdbkRyd,-1,0.0
T826pwZLci,4,0.8811527508882595
0bINeW40u4,-1,0.0
qaC4sSztlF,-1,0.0
rcch4UsMBi,-1,0.0
Ur00BNk1v2,-1,0.0
YYnP3Xpv3y,-1,0.0
GruuYVTGXV,0,1.0
XNGsx3WCU9,-1,0.0
4Lkzghiep1,0,0.229400034597257
L1jajNWON5,-1,0.0
9c3IiAWeiN,-1,0.0
dbnEf790Kv,0,0.9673396694824614
H6C4p8Dir7,-1,0.0
L3RYBqzRmF,2,0.5546239724657114
mGz3Jux9wS,0,0.1897282022323151
444LAH3MhG,-1,0.0
ffeUBoTcdS,0,1.0
U6oQEzSp8z,17,0.649497499458136
6KThdqFgmA,-1,0.0
8JauriwDeH,7,0.6999456749901449
W4pIBQ7bAI,12,0.2223543499287255
crlvDzDPgM,10,0.6773824623798725
w6q46IslSR,5,0.6313462917261459
REIK4SZMJt,2,0.92907682613623
AcBLtTKK5q,8,1.0
AthZ2g6VE2,-1,0.0
piOzFx9whU,-1,0.0
pwKkNSuuEs,0,0.3332313810047166
zMNd0JuceF,8,1.0
WqNfihAcu5,0,0.5616218070382796
cVbd7uTvD8,0,0.5258470857131671
09RKw0vXjR,-1,0.0
swp3lPDmZe,-1,0.0
u7JRmrGutT,1,1.0
E1nBLrEaJo,4,0.3487485704747735
UekHycx0lz,0,1.0
I90ypQpLgL,0,1.0
WpPNVPAEyv,-1,0.0
S7THlpvH8i,5,0.3516810870512741
gKLgY3m9zj,26,1.0
N8YbGX98vc,0,0.8969390173468231
2cFUYnNL1m,-1,0.0
gDpWYpocE1,6,1.0
dOJ6CqWDf1,0,0.634515389114295
XUL75cvHL5,7,0.6489872741625434
f829mkQMUg,-1,0.0
5jt0ZSA6Co,0,0.6388899244568927
i4MutM2TZb,-1,0.0
Mktgayam7U,-1,0.0
8rcFOqEud5,0,1.0
67K3Xlvw8L,0,0.7367906460529923
itbKmreqUZ,-1,0.0
gvlOQC6oP1,0,0.6903047651725512
yWSxjlFsmX,-1,0.0
GEbnPxD9EF,3,0.3295059764994788
5S5NVpd6PV,3,0.510720755408005
QHRLFdhkLu,-1,0.0
ISa7mMe7Vg,8,0.7004820623693485
nAnEStxyfy,10,0.5305832111055626
x9eFgahVBI,-1,0.0
Ehsd856Ltb,-1,0.0
4php6bGL2W,-1,0.0
jL0EsbfbAV,2,1.0
YIB7REL8UC,5,1.0
lCj0Rvr4D6,-1,0.0
bUi2xECa7w,1,1.0
6zOKbzjBO4,0,0.9029647960574976
hc9GkYw9kR,-1,0.0
nv7ox1vd3q,0,0.7556030372866291
oW6s6zFYj9,15,1.0
4NGlu45uyt,1,1.0
8LbJfEjIrT,0,1.0
tNhwg9U767,1,1.0
bbGPoL1NLo,1,1.0
0sJBW05a2W,0,0.6599854537173897
aVh9KRZdRk,-1,0.0
Mmcy1p15Hc,-1,0.0
ykACV1IhjD,0,0.4710971167120488
mlmTxJwVsb,2,1.0
pMPBxMf8T3,-1,0.0
UuiZEOVtHx,0,1.0
KHcB1drMRX,0,1.0
3l2HnZXNou,0,1.0
rbtnRsiXSN,0,1.0
g6nn2AijDp,0,1.0
lbSI1j8m6p,12,0.2740497742146596
7EQx56YSB2,0,0.4461872567710329
hUGD1aNMrp,0,0.7829602615915001
93HCE8vTye,5,0.9664807450335547
AhjTu2aiiW,0,1.0
e5Mv7iWfVW,-1,0.0
Prw98p1nV0,-1,0.0
8HeUvbImKT,24,1.0
LX1lwP90kt,2,0.99881206741421
4syq5cgwA2,-1,0.0
XdCJAYYiTP,-1,0.0
GnaFrZRHPf,0,0.9445308332969198
49hXkwpWKA,24,0.2279342741694416
M1PRU0x1Iz,0,1.0
gojL67CfS8,-1,0.0
uFXGsiYkkX,0,0.4663180754349496
clQdPtooRD,11,1.0
LDzrQB4X5w,0,0.5473230309325356
oQc7TOCk5G,4,0.6333992954904265
lwpfH9wVkO,-1,0.0
wsGzvhnoaX,23,0.5508181566210396
A969ouPqEs,-1,0.0
PtD4aZPzcR,-1,0.0
R1Rrb2d5BH,0,0.8576313555472171
5sm8YDnWvC,-1,0.0
IdIVfzjPK4,19,1.0
9XDYEEBRV6,-1,0.0
rVSc3HIZS4,0,0.9825573735143278
ypaqE8UwsC,0,0.984349024646666
wJAF8TGVUG,10,0.9620353175760472
CwCUEr6wO5,0,0.8416958116877672
SKY1ScUTwA,1,1.0
PLbFid00aU,0,0.7443635044448687
twYE75Mnkt,0,1.0
v3y785TN7B,0,1.0
C1hiRbzEH9,24,1.0
eFD9N5zdFC,0,0.8276182348391716
mYEjc7qGRA,14,0.8717131406490352
esDvZi2Cf3,0,0.9456298934501036
Gcks157FI3,0,0.5693187140089033
rog0J435OO,0,0.5043405353635723
veMnGKXvTx,0,0.7848292022226258
FOvZztnp1H,0,0.8127074304254043
ZC0PSk6Mc6,-1,0.0
C3tEX45hJX,0,1.0
Ouc1F0Sfb7,0,0.8302197107736738
YSs1z5udBY,21,1.0
eHzIwAhj06,-1,0.0
TMlGQw7EbC,-1,0.0
4U18ZoRXTD,17,1.0
IUKff7nYmW,-1,0.0
eGIzeTmAtE,8,1.0
tDvFa5OJyS,0,0.8477977402033942
Ur9f4hNIpN,-1,0.0
dyZ8GJZjtX,-1,0.0
AiMs8GPP5q,2,0.919782589311361
J2wOOtkBx0,0,1.0
uXJlgkWdcI,-1,0.0
B3rZZRALhk,0,0.684197684931321
vAOgaPvgYr,0,0.9827723222189754
OrtN9hPP7V,-1,0.0
n01yLUy7Mj,0,1.0
aNQWRHyh15,0,0.9431718051604294
2wfd3pti8v,0,0.2560045349928978
l6xVqzm72i,-1,0.0
NidGPsP0Qq,-1,0.0
tvQ3XCKWbB,3,0.3755760417787219
Sk2duBGvrK,0,1.0
GrMczQGTlA,-1,0.0
K3h2kZFz8h,-1,0.0
v7vYVvmfru,7,0.797109520213604
463TE4N8VJ,0,1.0
79q206xswc,0,1.0
nrcFNxF57E,-1,0.0
D6nlm2AYHi,0,1.0
rk2L9YGDi2,-1,0.0
SSCtCq2MH2,0,0.9147212092593549
d99yCfOnwK,0,1.0
6gMnj9oc6d,4,0.4103454029140941
9Y8zUO11EQ,0,1.0
MocRdX0n7B,-1,0.0
2uy3LZHNIG,0,1.0
dQmEIwRw16,0,1.0
INAeUQ04lT,0,0.921747337945017
A7wC1CTkYl,0,1.0
dLnduWGTB4,0,1.0
YyMiO0DWmI,0,1.0
vBlzen37i0,0,0.6349308923343526
cuWsR25bbI,-1,0.0
UTNZKl5BUc,-1,0.0
BOrut7M2X7,0,1.0
HcqnhqoXS3,-1,0.0
GnF9tavqgc,10,1.0
PQt6Vg2X5u,-1,0.0
8moTQjfqAV,2,1.0
ZYNYhh3ocW,-1,0.0
Yz3wBKoK0K,-1,0.0
jXxvSkb9HD,-1,0.0
lzfzjYuWgY,-1,0.0
HS0faHRhWD,0,0.761233571613099
pGOBEYcXzs,0,1.0
D19UyP4HYk,0,0.7183313174516178
nqWaya7hiX,0,1.0
mwN1bbD5DQ,-1,0.0
fpOnUMjLiO,0,0.7720075886073414
eezCLKwx6T,0,1.0
1Du3mMP5YN,24,1.0
qqQFOcUEqM,0,0.8576313555472171
OtYCp1yfbX,1,1.0
1ptdkwZbMG,0,0.85094980131237
TeQvz5AlI8,6,1.0
preo49P1VY,-1,0.0
GlXUxNI6TN,0,0.7143512410643373
qrfp4eeZ47,-1,0.0
SjQ1iIqpfU,-1,0.0
dqT9MC5NQl,0,1.0
kZ4Kc5GhGB,0,0.7846739321970435
VNBIF0gmkb,0,1.0
gsott1UXlq,0,0.6209005812021028
RbU10yvkk6,-1,0.0
QtYg4g3Deu,1,1.0
FIs87Iro9j,-1,0.0
D2VK206HaJ,-1,0.0
jS34QpqdWs,11,0.908725756961172
hW5QWiCctl,-1,0.0
HvCppnDykt,11,0.538402795579751
1WtEqReCyS,0,0.9579998365037448
5atraF1tbg,4,0.7967675772094701
nExI4FuKWD,0,1.0
vU1SiBb57j,0,0.740183577731902
JiRGxrqHh0,-1,0.0
MPidsCd9e7,6,1.0
NtNTfRTjE8,-1,0.0
W3Dx1TGW3f,0,0.854866657257445
l6iICoILGB,-1,0.0
IGCaTQ4n1R,-1,0.0
MzNjnbgcPN,-1,0.0
Shwtw8uV8l,-1,0.0
MJgMMqMDu4,-1,0.0
0sycTGl4In,0,1.0
bMbteQRhDI,0,0.879755268114768
yRRCH1OsGW,10,0.5786939906318178
OEWBkLrRZu,9,0.8258247115886861
wGjSbaMsop,16,1.0
v8RRFNbJ43,-1,0.0
zBG7WogAvm,0,0.6492975877135563
qyaz3XP0FN,0,0.2065710739387087
7aFRgCC8Q7,0,1.0
9sP4oejtjB,2,1.0
QhUXU2ilIG,-1,0.0
LR1nnsD7H0,2,1.0
PKcCHncbzg,0,1.0
Ok6jSSxzfj,0,1.0
RTaSjoxmw9,11,0.7721540253265635
WOBhJs9gqU,0,0.2070994781570493
OIsUWQSvkD,3,1.0
nw8cXoNvep,0,1.0
9U0nLnNMJ7,0,1.0
QGJSXMhVaL,-1,0.0
bmoS6Ggw4j,1,0.960949702759935
zaXuMqOAF4,-1,0.0
EQZlEfjrkV,3,0.8596407067839512
QEaHE4TUgc,-1,0.0
AfzbDw6DSp,1,1.0
mTAbl8kUzq,0,0.8797149032545319
QzvWyggrYB,-1,0.0
erwatqQ4p8,21,0.793745640517225
UDi51I8K1p,2,0.7584526652901631
348hfcprUs,-1,0.0
shYQXpnBLB,0,0.8576313555472171
kQ9LgM2JQT,-1,0.0
R3ruv1gF8R,11,0.6749173663170459
X3Aljulsw5,0,1.0
qo7NtGMr2u,0,1.0
X64IJvdftR,-1,0.0
4mxzxYhMuN,0,0.8020882867151982
LKGuc2rY5v,-1,0.0
YbhHz0X2j5,0,0.9811286553254576
7Dep87TMJs,0,1.0
nge5deRsEH,-1,0.0
Yhd0yzC8yD,0,0.9183172689433832
j6kJSS9O6I,0,0.9909100190185658
UIOjGTKHQG,-1,0.0
BFWdIPPLgZ,0,1.0
VXxj3XZ1X8,2,0.7885705307048017
ZZoW4Z3le4,1,1.0
aXApeuAYkg,18,1.0
m4ZcDrVvid,0,1.0
UiQkFXLfbu,-1,0.0
arHJlYiY2J,0,1.0
BJrBaLoDRJ,0,0.5912743854583615
Hd2EOwKItm,0,1.0
qpeAtfUWOQ,-1,0.0
UJ9k3j93MD,0,1.0
cA9gLXFaRo,0,1.0
bg6fVPVs3s,0,0.9959233377710855
jFWl9EWZ7z,-1,0.0
P6nVDZRZRB,0,1.0
AqcPvWwktK,0,0.7244134975566456
tk0uaRynhH,22,1.0
a2ccaXTb4I,0,1.0
RSs4o7CSqe,0,1.0
hBCxxVQDBw,-1,0.0
P3v3x7HnV0,-1,0.0
Woiqqi5bYV,-1,0.0
AprsVxrwXT,-1,0.0
VwUTz2pOnD,0,0.2059043615790311
Ao0FiZqrXa,0,1.0
DUFD6vsyF8,-1,0.0
za9Jx8yqUA,-1,0.0
1vPqOmqSfO,0,0.8074112614939007
y8P633E5HQ,1,1.0
oyl2Fnzune,12,0.3110875117312024
pHiTmEsAfZ,0,0.5633888352260386
aUHSwmHRVb,0,0.572658184987986
nU4lvlMwrt,0,1.0
lPDxPVS6ix,-1,0.0
HYwfZEhyK4,0,1.0
74B6qX62vW,4,0.7135235615622465
C0EhyoPpTN,2,1.0
8W5ADJOKcv,11,0.5787446394929894
I2gVmVRgNk,0,0.1792366939313775
96gXvFYWSE,0,0.4818200257476716
HfQF8LoLhs,0,1.0
Kc37srXvan,0,0.6599854537173897
qCJ1dq5M7N,-1,0.0
UMPedMhKWm,6,0.7867347691212854
Tnl2K6Iz9j,0,1.0
kXKrLsR4aJ,-1,0.0
zWuHSIALBh,0,0.601675868342058
FqWyzyErVT,4,0.2250523788568003
seAuMedrm5,18,1.0
6vNPPtWH1Q,1,1.0
SFk7AMpyhx,0,1.0
4I2aEav51N,4,0.887369513931885
3O5YCEWETq,0,0.2623236716406034
bqGAheAeQY,-1,0.0
FTPDBQuT4G,0,0.7711062045952143
IdtoJVWVnX,-1,0.0
gwd3MQufGP,0,0.984812115784477
eYNYnYle41,-1,0.0
3mzFmBPFIX,-1,0.0
lsd27JUJ8v,0,1.0
0G0VpMjKyV,-1,0.0
U9MzoDOKZu,-1,0.0
HC6iqpPt3L,0,1.0
7gf6oGdKPU,-1,0.0
eGJnB3tUgv,13,1.0
OFmclNhp0y,0,0.8551456559375344
Mrs9a1XQAp,-1,0.0
OoOCoZFVK3,-1,0.0
ZtDARpmbun,0,1.0
UPxFYvHsyN,0,0.8625334960347415
8jpSenKvoS,0,0.3873535194002143
l5wEQPcDab,-1,0.0
e49QqJxCwq,0,0.9469096311999736
8B3sAX889P,12,0.2740497742146596
Eok6HbcSRI,1,1.0
IHjKpKljyH,0,1.0
dxxj4S06YL,13,0.0323644888845487
dCgbyvmlwL,0,0.562356158654953
haSKMlrbX5,0,0.7716121710157318
egGFHCFPiU,-1,0.0
atIE6Npr5A,0,0.513349030798958
GOgKhunkfw,0,0.3003764137984024
TGmwp9jJXl,-1,0.0
8lcW9ltJx9,0,0.8170364989373051
LI5KmimXbM,-1,0.0
5p57uCUH8k,-1,0.0
ygDl8q02gA,1,1.0
zWnW4zqkuM,1,1.0
PSMBefUZa2,-1,0.0
tRRWoa9e80,0,0.4737957755156052
bN5PA3HHo8,8,1.0
lZY9u0ijP7,-1,0.0
eU87jJyEK5,1,1.0
KKrj1vCQaG,0,1.0
AM1znjeo9l,0,0.4499391550486732
wWiAR5mqXq,0,0.8951173215490423
5IFeCNA7zR,-1,0.0
wZigMVFURk,0,0.8818630924769895
HB6KaCFiMN,0,0.8236906500155443
bKOZYBJE4Z,3,0.510720755408005
FYm8coxdiR,0,1.0
ZX6CEo1Wtv,-1,0.0
M2UzLRoqic,-1,0.0
6Kg26g1quR,0,1.0
mSaqxZVZW8,-1,0.0
uNKlTQ8mBD,-1,0.0
hS1jvV3Dk3,-1,0.0
HSJOt2hyDf,-1,0.0
0o9E8AsFgW,6,1.0
NGrINZyZKk,17,1.0
pCVxYw6FKg,0,0.6359198719116363
zuWgB7GerW,0,0.7414775612236423
wFzIMbTsY7,-1,0.0
m5CAnUui0Z,0,0.619612601149775
RaNct2xkyI,6,1.0
d5cKDHCrFJ,-1,0.0
GHqw3xLAvd,23,1.0
lS9e36lkxG,-1,0.0
hK7XTpCtBi,0,1.0
N4quRxE19p,0,0.9909100190185658
B3jt0Ran2t,0,0.3998020220998421
up4tWnwRol,-1,0.0
ObUjBHBx8O,0,0.2746755263284014
M0ncNVuGYN,0,0.7915296508266486
JD3NYpeQ3R,26,1.0
EehS4erXWB,5,0.4169559343091953
4GP7S7U0lJ,0,0.5561799304969266
483IPG0HWL,-1,0.0
V0oJaLqY4E,0,1.0
MTMShU5QaC,0,0.5599138193951078
Cqr6E81iB7,4,0.9556187491395453
VTcGX5HO19,0,0.8302197107736738
LnNfwc2Ah1,0,1.0
udTwwF7tks,1,1.0
QCINh3O9q6,-1,0.0
zTu0QEpvtZ,0,0.7885595539640778
Mdd3f8Cui8,-1,0.0
B9FPPdNmyk,24,1.0
ehfCxpDsrw,0,0.6105625549637634
V4tzn87DtN,7,1.0
dJUb9XRoZI,0,0.7542150111643052
lckAdnVzsT,-1,0.0
MU27zjHBcW,9,1.0
47CdPNiWUB,0,0.3106449835823847
nF34qXcY0b,-1,0.0
H1NklRKPYi,0,0.6599854537173897
Llu9nJal7b,0,1.0
FsA0OSsdzJ,3,0.5641727272558124
NKGuLthW80,0,0.7853834452040616
vBGMbFgvsX,0,0.8831269734131602
SF2GlFhVsS,0,1.0
92vVuJVLVW,0,1.0
GTDKo3Sv9p,0,0.5646012194591059
9hCn01VAdC,1,1.0
7V62sQ5Jra,0,0.8560853803023443
0dtA21q83C,-1,0.0
ZCygNDMIII,-1,0.0
zw2K6LfFI9,-1,0.0
ibKpPabHVn,6,0.466438003542351
VywZsAGhp0,1,1.0
6EqFoqkLSW,3,0.8092663377157285
dGaMSMeeF8,0,0.5078514931307068
bFoQXD7Uls,0,0.773774261388538
om2Aa0gUha,0,0.8968233237814247
QAiKLaCrKj,0,0.8168725729684322
wlqfOvlTQz,-1,0.0
WyQW4G57Zd,0,1.0
AbTpJl7vN6,2,1.0
HeJ1cBAgiV,-1,0.0
FOfU3qhcIG,-1,0.0
DRC9pZwBwR,0,0.9620429222465956
pNnvzQsS4P,0,0.4993276601795552
zLU21oQjD5,0,0.7124088644083332
glGeXu1zG4,5,0.5849353850670248
A3jHvChR8K,1,1.0
k8AYft5ED1,6,0.9407421134350042
OGaZVSS0Cx,-1,0.0
H5z0XqEX57,0,0.9363393516766824
GVlJVX3iiq,1,0.2418016349101419
TJJ4gZtkS4,-1,0.0
WcIeEtY3AG,15,1.0
gL5nT4y8fn,0,1.0
m5dyKArVn8,-1,0.0
1qfdCAXn6K,25,1.0
WH5blx5tZ1,-1,0.0
q9RLsvYOB3,-1,0.0
7t6aq0Fa9D,-1,0.0
ml01XyP698,0,1.0
7Hb03vGcJk,0,0.9411990929141554
v5Un2QqnRf,0,1.0
lYdjzx3DYu,0,1.0
5WoYFypPv0,-1,0.0
3Odq2tGSpp,0,0.8423620265343079
8oSY3rA9jY,-1,0.0
OtvNLTWYww,0,0.4614762926400992
kYio3xH6eb,0,0.5087483486323316
B4q98aAZwt,-1,0.0
GxpkSJjbQR,19,0.4452669380342234
bJddXCyosA,0,0.9729444317524591
CFez7MFUFd,-1,0.0
vBKoEZ1PG3,0,0.566689132759423
2TktDpGqNM,-1,0.0
ry0RXTJwjy,-1,0.0
7v0UyO0B6q,0,0.3780154154014822
ZJZqO4grws,-1,0.0
oLoqHRbXYE,18,1.0
H0qu4moFly,1,0.5497459044921718
C1d3VVfdVG,-1,0.0
w28i9oe9Xr,-1,0.0
RQQGbBqvbL,0,0.8838983870105733
NAcHv7vtL2,0,0.8400422140651326
pnmUiVAGnv,12,1.0
6SSzMq3WTn,0,0.70107442645313
jeWZStUavo,-1,0.0
eOonmxzzno,0,1.0
hjspWd7jvg,9,0.899508092344686
c37x7CXZ2Y,3,0.3975815164965263
zV2GDsZb5a,0,1.0
S2P6KPLtm8,3,0.6292087379909782
KNDUBpWV9b,0,0.4440591828060976
VD3lb3XWqa,-1,0.0
fMWrTAe5Iy,0,0.7782943518407179
7WvwzuYkUq,22,1.0
eV5YIrJPdy,5,0.315424455739353
qDfPSWXSLt,0,1.0
yeFx5NQmr7,0,1.0
4pCu9c8leX,0,0.6599854537173897
dE1bTyyC9A,0,0.5415687071838167
cFTi3gLJ1X,0,1.0
LBXSP79oCd,0,1.0
jYypS5VIPj,0,0.6581622344136644
lKnl4CLhhS,4,0.5800629517765133
omyzrkacme,-1,0.0
yXpfrLMIr2,0,0.735600799644307
vUrOuc6NR3,-1,0.0
4KeSvAvNMr,-1,0.0
pK2qGRY2Hv,-1,0.0
AoEeBqP8AD,19,0.5356267073148081
yVu5dnPlqA,-1,0.0
7NrYnCN2be,-1,0.0
3uDEmsf3Jf,-1,0.0
N0xNf9Qqmc,0,0.6609071553630762
IGAN7RldcF,16,0.3717345953079157
L8h6cozcbn,5,1.0
VcPtU8e6yK,0,0.4777284493540559
p1ft33Mu3J,5,1.0
RcPAJAnpnm,21,0.504456916841398
VMiLdBkCJM,-1,0.0
7Jb4NJS8Yk,-1,0.0
tj8nsfxi5r,0,1.0
0KseSacluJ,0,0.5693187140089033
4VWnC5unAV,-1,0.0
VOVyeOzZx0,0,1.0
VIlyDguGEz,0,0.9601501292758896
SOsiObSdU2,-1,0.0
xNlQjS0dtO,0,0.7367906460529923
6emETARnWi,0,1.0
bhSfbjS6j9,0,1.0
r7mj17BKzw,23,1.0
aeGSA8UoXF,-1,0.0
lkx3OpcqSZ,0,0.476063911219184
EVw8Jh5Et9,-1,0.0
lvcWA24dxB,0,0.836879661207766
QBCxWpOt5w,-1,0.0
VqFz7iTGcl,-1,0.0
zApFYcLg6K,4,0.5877383221833038
M20p6tq9Hq,3,0.8398159536886828
aQv5AbN1wF,-1,0.0
dfiXFbECSZ,-1,0.0
LEed5Is4oi,-1,0.0
NBq1vmfP4X,5,0.5528587694446396
XZ0fpoAKEB,-1,0.0
x2780VcMOI,0,1.0
UqvAFl0lkT,-1,0.0
pJlFURyTG5,-1,0.0
UZIHW8eFRp,0,1.0
eFrdRuyHR9,0,0.8302197107736738
oMHpejyGdx,6,0.4996264048660613
gzQARCgIsI,3,0.3207938967540015
HRkniCWM3E,-1,0.0
5jRU8ufi8H,-1,0.0
OW1ldvMNJ6,0,0.5113485483021674
ELnxXc8pik,0,1.0
AFnSMlye5K,-1,0.0
Dgt6sh2ruQ,-1,0.0
CTIFk7b9jU,-1,0.0
uSKzEaj9zJ,0,1.0
ZgtLQQR1K7,-1,0.0
pwRVGRWtGg,-1,0.0
Jz7Z7KkR94,-1,0.0
LnJ2EGKTXh,0,0.792461136685936
aVK4JFpegy,-1,0.0
uaNZvF1VFe,-1,0.0
08A6X7FSTs,-1,0.0
Hc2ZwCYgmB,-1,0.0
V3QZCM1AQv,18,1.0
ZlpJLQsr2v,-1,0.0
Y0EfJJeb4V,-1,0.0
46jtDC6gXu,0,1.0
wHFaAH3E8z,-1,0.0
eM5d7ZmekA,-1,0.0
Ul3lDYo3XQ,0,1.0
nY0BrZdqLt,-1,0.0
YOUh3lgRYI,0,0.4777284493540559
3J5hvO5UaW,0,0.9037412126904312
Cjnirz5pan,-1,0.0
pje1Y71jad,-1,0.0
cU8d7LeOyx,3,0.550054988955175
7QG9R8urVy,-1,0.0
5g0Z6PdogJ,0,1.0
d75qCZb7TX,-1,0.0
LvJ1R88KAk,-1,0.0
D0DLlMOufv,9,1.0
2YPdpWzEsF,0,1.0
fqmSGK8C0B,-1,0.0
uikhNa4wam,0,1.0
EWxNEnFjKR,24,1.0
PukaVAwYBo,5,1.0
zgh0ChWocO,-1,0.0
4DA5vaPHFb,22,1.0
ag7piyoyut,0,0.6154267621157993
44WWOW4GPF,0,1.0
06JRFVK88O,-1,0.0
CEnoUjEqNx,0,1.0
wbE0QCBWji,6,0.9924789864368394
02r24A8doi,-1,0.0
LtS7pP8rEn,0,0.8639015094690592
gXWmhzeVmh,0,0.1871834410573516
HxGdbAmYYr,6,0.9409875157238518
PmLty7tODm,-1,0.0
obUXeUMmq1,0,0.9037412126904312
3gZBGBglBf,2,1.0
OWwdlxwnFN,2,1.0
ioAlzcELTf,0,0.2967657330166909
zLClygeRK8,0,0.2952052565400024
ziehA15y8k,6,0.7409055325707176
cqRgoDFaGN,0,0.8785756053790348
cyJxphdw3B,0,0.4256088006892641
AbZyNGWfpN,0,0.6143030289214971
55zLbH7dE1,1,1.0
GDz8rkfikp,-1,0.0
wAqdvcK1Fv,0,1.0
btuHzsAVsK,2,0.7447674298505684
lWHe7pmk7C,-1,0.0
CMc0jMY0Wr,4,0.8031999271713534
X44OawAq7b,-1,0.0
37CyA1K0vV,-1,0.0
o6Hk6vld20,0,1.0
Oy2x0Xfx0u,1,1.0
4dmwvbs4Ea,0,1.0
s4Wx2qXhv9,6,0.9750626461424584
rI7oZj1WMc,0,1.0
YAEKMFZyJm,-1,0.0
2WQjNXZbhR,2,0.919782589311361
cUGf2HaNcs,0,0.7364322899722371
S8wFXyT4dY,-1,0.0
N5H4z0Pzvn,-1,0.0
n2dvAKKQoM,0,0.2133464656195099
nvn80cscVm,0,0.7367906460529923
DHVqAQ9DHy,1,1.0
FAuFpGeLmx,20,1.0
DexM7d1H6e,0,0.8424995077228007
gkJ5nBIOU4,-1,0.0
NmlnmLYMZ4,-1,0.0
WSu1PPi2UP,0,0.8862913024112954
ldvfaYzG35,-1,0.0
OUXnnPJzXJ,0,0.7367906460529923
aNTnHBkw4T,0,0.7742745091136298
FXdMgfCDer,1,1.0
bQMevGCYVM,-1,0.0
c8HOQIMwKP,0,0.5651031652470739
GgIJeoSLjQ,0,1.0
RE7wPI4vfT,0,1.0
SYjxhKcXoN,-1,0.0
ouoBW2PXFQ,0,0.4461872567710329
jHh804fZ5l,-1,0.0
wvQHQgnpGN,0,0.995950341840499
ofjTu2ktxO,0,0.2673813147671151
WCnJmb7cv1,-1,0.0
zv4UISZzp5,-1,0.0
t9gNEhreht,-1,0.0
4ztP4PujOG,-1,0.0
uDD44NROOt,0,1.0
aJGKs7QOZM,-1,0.0
MICrZCQzoN,0,0.2263731435180448
a6em980M9x,0,1.0
tIzW3l2uaN,19,1.0
PPdJPIO3mV,0,1.0
SFaEENfEyw,0,0.8774224946925439
YkJ5BuEXdD,0,1.0
OJxua0PAIo,7,1.0
dlCTmEyq6y,0,0.3844335084285128
Lt6wO0oZ8k,0,1.0
vh9yEPLeyD,0,0.1897282022323151
bzuQtVDxv0,0,1.0
rPgc5brxmT,22,1.0
WyVTj77KEV,10,0.8371037900093439
oQ1Zj9iH88,7,0.797109520213604
2QvCOFw058,11,0.6055713685210035
IxazPgGF8h,-1,0.0
uNZpvFlsg9,0,0.46553656707182
JpqEzPTuv6,0,1.0
NO9MSeZs6g,-1,0.0
KQp7dk5YYH,-1,0.0
r5nev2SHtJ,3,0.3755760417787219
uHml6eyoVF,-1,0.0
ZwiG9KjfHV,0,1.0
7LIm53Jiic,-1,0.0
83pV20DD2s,2,0.7436803863557268
KqgSzXbufw,0,0.3858235169665536
cjH0Qsgd0D,-1,0.0
YawXY6mWiK,18,0.6409999150042166
3MnXAcTBD3,0,0.4081404764395764
pc4GSBi1Hx,0,0.997758533517748
ZwS2y21mZV,5,0.8443939545726072
ca2mABGV6p,0,0.8084218329966281
B0OWOkMwhz,0,1.0
Y8YVCOMEpz,0,1.0
a560KLF3v5,8,1.0
1wxFznQWhp,0,0.9020831769223132
82Ndsr4OS6,0,0.9222317092887088
WoKtFJf9VG,0,0.964796051573528
RqvesBxqDo,23,0.1948819031789807
RwgNbIpCpk,-1,0.0
AYq6GxxrrY,-1,0.0
2dfBpyqh0A,0,0.8151566732984934
PgTHgLUFi3,0,1.0
Oq32ylAOu2,-1,0.0
i4jZ6fCDdy,0,0.3355887497330896
1jG5ngXVs3,-1,0.0
FTpKGuxEfy,0,1.0
7vsx6PxAOH,-1,0.0
wT5AgMVkaJ,0,0.8124372821033516
dAXuir2ets,-1,0.0
A3hxp0EeNW,1,1.0
Apq6corvfZ,4,0.4194072531717013
T9PfJViMiJ,0,0.5940031700329517
IAQNJUJe8q,10,0.7515414110202464
XrK4JK2jBr,-1,0.0
sEpSxteEKJ,2,0.9043231347162995
EMstukR5J4,0,0.8180087847584554
LuCLf4BJsr,0,1.0
pLoX8Og3bH,0,1.0
ugL2D9idAD,0,1.0
ZIpdu0cHYu,0,0.6254342724189443
gktA1Qycj9,-1,0.0
5SUP6vUVkP,-1,0.0
cCOpatbXFU,7,0.5465246357278126
qfCQ54ZTX1,-1,0.0
gPtiGRaVcE,1,1.0
4aEwZkWB5z,0,0.8796543997255402
7Sh0XkN1KS,11,0.6749173663170459
TKozKEMKiw,-1,0.0
8wvH0RZPsG,26,1.0
zzOOqD6R1b,-1,0.0
0aN7VWwp4g,0,0.2967657330166909
aBMESB1Ajx,-1,0.0
BrvLTxEx08,0,0.5425416414961113
8Hy3KMZTL5,0,0.7591624620486153
4bKEFyUHT4,-1,0.0
LGG1IQhbOr,-1,0.0
liHe9iumIi,0,1.0
RdAfUp4LcD,0,0.4874916201587008
BdGFgKrlHl,0,0.3328777344415459
axnjX20Ssl,0,0.9129340185955446
MXzr10iX2d,0,0.62717231937648
wnPlJNiqfA,0,0.634555548648898
RZZo23pQFL,0,1.0
fymr0CBDHZ,18,1.0
QpKWFLtZKi,0,1.0
M7zNXntzsp,0,1.0
lCiqPxcyC0,0,0.9174836712800518
181llen2gw,0,1.0
ypggxVWIv2,-1,0.0
iSMTo0toDO,10,0.9162645434517752
qGiZQb1Khm,20,1.0
XYDMAckWMa,0,1.0
7ANmKBfP88,0,1.0
MncgmW8b6q,-1,0.0
5AeLrXb9sQ,-1,0.0
loQCk0qruU,-1,0.0
bnZZedw9CM,-1,0.0
8HwI6UavYc,0,0.4777284493540559
MQIET1VfoV,-1,0.0
9bu627mTfs,0,0.998908872558019
9B6J64eTp4,-1,0.0
ZEVDMQ6Mu5,4,0.0927367359259927
eJG9uDqCY9,-1,0.0
joNPMCzVIi,0,0.7683069482064747
ejWvCpLuwu,1,1.0
lYPAYmfQqm,-1,0.0
3RxcarQFRn,-1,0.0
cYZibc2gKf,0,1.0
XxSME6GE1G,-1,0.0
yTTomSJsSW,0,0.7367906460529923
LKwVYvx66I,0,1.0
xcqSOfHt4g,0,1.0
h3Kv6sdTWO,0,0.9002205145508376
ALU676zGFE,-1,0.0
dB6gwSDXKL,5,0.6328508438758242
vCOgjBIZuL,0,0.5360257928281258
zVrQeoPIoQ,-1,0.0
oYyEsVz6DX,-1,0.0
VLw8ZyKfcm,0,1.0
7su2GfqvmN,-1,0.0
OgnYoIxtIN,-1,0.0
4fSSqpk1sM,-1,0.0
OX4yll3X53,5,1.0
pVPyCgXv57,0,0.88707513472093
R7w68Z5iqf,-1,0.0
3f8i9GlBzu,2,0.8314739094207597
SEflLHIhhJ,-1,0.0
npJQ6qS4bg,5,0.6824763580525784
opaRhDvQRD,0,1.0
6dYBP3BIwx,0,0.9676598939213928
motImXq3B1,0,1.0
Nb5xlelV0C,0,0.7142676795237413
Uz804qLJT2,0,0.9439174017871472
gvtCR7dHJ3,0,0.5173722841994305
vYUx8j5KK2,12,0.2671883930211776
qvdc0oCX2n,0,1.0
nBOdYBptWW,0,0.3181525875815131
XErWgdxaFU,-1,0.0
nAIhvNy15T,0,0.8588924353692412
LXz1xIEBkF,-1,0.0
yUckuDjAE0,6,1.0
1CssOqRYyz,0,0.8914373841251141
7v88Fh6iSM,0,1.0
wlLjYl0Gi6,-1,0.0
8UqyWNsnyA,-1,0.0
9B0iOkn3UP,-1,0.0
cIVj8xLVZh,-1,0.0
fAlcxvrOEX,0,0.7410898785989988
6FPZLnp1Zn,0,1.0
6SAnp0vr9X,0,0.8400422140651326
YTHJ8O6SCB,-1,0.0
6n709MszkP,1,1.0
tUHABDZP0Q,25,1.0
cbkJBYIkID,8,1.0
jBf3eIyD2x,-1,0.0
H7qVZ0Zu8E,-1,0.0
FbuODM02ra,-1,0.0
cR2QDzdpEv,0,0.9274886885111518
JWLiK3kKWQ,-1,0.0
xqrlhsbcwN,0,1.0
MfGRUVFtn9,8,1.0
aBtcfcrjM3,-1,0.0
4s5UsBUsUS,0,0.6562210935292417
utMOhsgXzB,0,1.0
3cL2XDyaEB,1,1.0
jzkpwcj200,-1,0.0
DrQXDKbGgy,0,0.2280899318471387
YEtirXhsh1,-1,0.0
L1mMK39Z7P,0,0.8512011051714525
yvUHnBkCzd,0,1.0
qamfjyhPeg,0,1.0
xeXRhTUmcf,0,1.0
Xngi3Z3wkN,10,0.5122723900865518
Xp8qhdmeb4,12,1.0
hOcsUrOY0D,4,1.0
rvBabL7DUu,-1,0.0
QbPHYPZKJI,0,1.0
3gKsKFeuMA,-1,0.0
hRqaot0NZF,-1,0.0
n5lLSskwtu,0,0.9139838824338402
bCL9U2X9Jg,-1,0.0
MihOCXte41,0,0.850920417468063
5uUleAsYUG,-1,0.0
GNSMl1P5VR,0,0.9740423945947032
f4v7cmm5sC,-1,0.0
I8PkICj9kM,-1,0.0
xrbgXJomJp,-1,0.0
0EfUYVMrLv,0,1.0
2Inwtjvyx8,6,1.0
kbBjVMcJ7G,0,0.91598940175734
zm1LcgRpHm,-1,0.0
Osh7u2E1kC,0,1.0
SKCbZR8Pyd,18,0.3209902494712703
nBrnfYeKf9,0,1.0
JCyBN5syv3,0,0.4357395780098738
tTnFH7D1h4,0,0.7342809745970095
chLoLUHnai,0,0.4885719862894173
ZbjJE6Nq5k,-1,0.0
Glt37xoU7e,0,0.9496092247450546
YIOvR40hSo,-1,0.0
umukvCdGI6,-1,0.0
WEoOreP0n5,0,1.0
N6zJ8DclC2,3,0.3122808600390159
soUXmwL5aK,-1,0.0
ttUXtV2YrA,-1,0.0
PhsYFyTeHr,0,0.88707513472093
Xq0Jwbczkn,22,1.0
72tRD2Mfjd,-1,0.0
tRjgapiCpm,4,0.8791209222644982
lD7ziaMHbf,-1,0.0
dG1HwKMYbC,0,1.0
rTxCIWsfsD,-1,0.0
lV4kTHTgpJ,0,0.8302197107736738
D7X9Grmd7L,0,0.9429702031939804
bc1qt1sZsW,2,0.7647687170417697
G0yxFmP87g,0,0.887012603720084
nBjmMF2IZU,-1,0.0
GgV6UczIWM,5,0.5506493793815948
76CZrhbMoo,-1,0.0
kJzecLYsRi,11,0.6749173663170459
9VbGjXLzig,0,0.8047530290679088
qTypwXvNJa,2,1.0
anyZgGLQ6n,0,1.0
lxSmLxlVks,0,0.598319491512772
sks7x4I8Bh,-1,0.0
L8ifDX5XNq,0,0.8888260512232348
i9QpRjUAhv,0,0.4777284493540559
p3gMGkHMkM,0,0.5246625249115275
PK8xOCBQRO,1,1.0
kEQFjKqiqM,1,1.0
GJ0qIevGjD,10,1.0
gffaYDu9mM,-1,0.0
GA8TVtxudf,-1,0.0
cknAewsBhD,0,1.0
ADV0Pzi3Ol,-1,0.0
r0eSCJ6qsL,0,1.0
6cdYMkxxNt,-1,0.0
FisyQfoJCm,0,0.9604935503247862
CzPtBzgfae,-1,0.0
ZoarR5QmFX,-1,0.0
wiK6bwuxjE,-1,0.0
t8iosEWoyd,0,0.6323947904753047
vI1WqFn15v,8,1.0
T7dS1Ghwwu,26,0.445808153349112
KZrfBTrPey,-1,0.0
xQWJBeK5rh,-1,0.0
a1wf2N967T,1,1.0
XUAcPEaeBU,-1,0.0
YYJojVBCcd,13,0.9196783984522028
wz2KvvEk44,-1,0.0
zuwLGhgxtQ,-1,0.0
0WCFI2Qx85,-1,0.0
wcxHbAY8B3,20,1.0
dWwin2uGYE,1,1.0
1cXdndzkxU,0,0.680655975585387
qPpVDzPhSL,0,1.0
NrwASKGm7A,0,0.8938860778821464
99y2EfLe3B,18,0.3302336406021004
3ie8NWA1El,-1,0.0
Ns0LQokxa5,-1,0.0
rIOTceoNc8,1,1.0
01XV5Za56k,-1,0.0
sABwo1ZTFi,-1,0.0
RwK0tgfptL,0,1.0
c3Pakdyi3t,0,0.8888260512232348
z4eVwH484M,-1,0.0
wQpNG9JnPK,0,0.5863719299539865
xoCFd1WKpf,0,0.9526944530980118
PhjnK9KWOx,16,1.0
63xeWav1lU,0,1.0
vIP8IWmZlN,-1,0.0
5FHzrRGOKR,0,1.0
xvTMc9Ovx3,0,1.0
qDuqp1nZZ6,4,0.5977155006456767
w4AnTVxAO9,-1,0.0
Z4R2rkPgBy,-1,0.0
mRIQz8Zd6O,-1,0.0
j2wCrWmgMX,-1,0.0
RVZfra6sZo,0,1.0
paYwtPBpyZ,9,0.8052075342174688
CWhwKb0Q4k,23,1.0
oDeqjIM9Sk,-1,0.0
yRuJqoWoCs,0,0.9142679582146284
JrIPBXWiS8,0,1.0
6lx34fpanw,0,1.0
LqdcdqIeVD,0,1.0
fEYHZzN7kX,-1,0.0
1GpY0hsv2w,0,0.6411077274348836
Px1hQM72iX,16,1.0
S0Ci1AsJL5,7,0.7693735712951022
Wh9ssqlCNg,-1,0.0
3Z0LTDjIM0,-1,0.0
tLWoxftJVh,0,1.0
tJGX7tpGO8,1,1.0
BmwcbNYkuH,12,1.0
xoc4QOvbDs,1,0.2418016349101419
8Uyfr5TcNR,0,0.8202197637549568
tFB5SsabVb,1,0.7289458842559381
ntF7D8tAlQ,7,0.4926155275888491
18FGRNd0wZ,-1,0.0
eM3Wzs6Unt,0,1.0
wsqDJHPUHN,-1,0.0
FNzpVTpNbN,-1,0.0
8PWvdaRQAu,14,0.6325772339395109
GZoAUVSkaw,7,0.797109520213604
0Lb8vZT1DB,-1,0.0
eTu6kvrkSq,0,0.5814879333358198
26BdXIY3ik,1,1.0
NU54MoKWlA,0,1.0
lBh5kuuY1L,10,0.8371037900093439
niG3Yyb6oA,0,0.4518534899458661
mZsvm58FPG,0,1.0
sRILMnkkQd,19,1.0
vYmvgxpgwH,-1,0.0
wTIzpqX121,0,0.2967657330166909
p50Dyqk0GX,-1,0.0
MzTdZhMjeC,-1,0.0
SO1aRpwVLk,-1,0.0
xL7Ve14AHA,-1,0.0
VMsHnv8cVs,-1,0.0
Lu9Rasfmjj,3,0.510720755408005
g7lYP11Erv,0,0.6599854537173897
pwLdvYIMrF,-1,0.0
HDVsiUHQ1w,18,1.0
HTLJptF7qM,0,0.6993992140721639
4jXaca2NYa,0,1.0
eddHTvb5eM,0,0.5417870643739048
kr7eN85mIT,17,1.0
Dr7UarlhVE,4,0.6810230014017938
uCvdw0IOuU,12,0.2430906577597114
Cc0ckJlJF2,-1,0.0
qwgfh2fTtN,0,0.6984175132963439
O9RZAEp34l,5,0.7778697670191633
6b6TfDBDOO,-1,0.0
ugXKInqDCC,0,0.6932842352717473
haVPmN8UGi,1,1.0
tYdR1lTWqh,-1,0.0
ioe66JeCMF,2,1.0
Vi8AepAXGy,0,0.896628663351871
YiYww1d3lE,-1,0.0
pEhvscmSgG,0,1.0
CDe2zBPioj,1,1.0
UWUUVKtKeu,0,1.0
dz6ex9Ee0Q,1,1.0
RB1F2h5YEx,-1,0.0
sRSjr9SDKR,-1,0.0
vU512K8vrR,-1,0.0
R6N9AGyz13,-1,0.0
VWf6ZVx5S2,-1,0.0
jd3msHMtTL,-1,0.0
NG16csOmcA,-1,0.0
NnAi0L5H8J,0,1.0
fPBACAbqSN,0,0.69264665619184
Wy9UgrMwD0,0,0.9864506241033884
5yboFMpvHf,0,0.4528135271233339
RCO9fRP8AJ,-1,0.0
gJbZyKGfd6,-1,0.0
MtRvzJBsBA,-1,0.0
VaJ4XOW7Ey,0,1.0
9Nsa4lVZeD,6,0.8151672840009718
MZ47wPr6C3,-1,0.0
jdCMwF06c6,8,1.0
HmCmxbCpp2,0,0.5808933972521866
GYd5AfZaor,0,1.0
fTKcqr4xuX,0,1.0
tmX1AUmkl6,0,0.5616206774790337
JVtwC9RzlI,1,1.0
ALISPmDPCq,-1,0.0
RL4FXrGcTw,-1,0.0
ZupoMzMNrO,0,0.7086374582298431
LUIXdWn6Z5,-1,0.0
9xoFciqYIU,0,1.0
xcF2VbyZts,0,0.8875902124146902
A34sBX4R5N,0,1.0
ujk0XrNTQZ,7,0.5297466464544622
x7AD0343Jz,5,0.485583358063418
Gug7wc0BSs,0,1.0
6osgTNnAZQ,5,0.6081210952586932
Eu80DGuOcs,-1,0.0
g8wnC1E1OS,8,1.0
0nSY8NiILP,0,0.9698847025678872
jjcY92FX4R,0,1.0
zLBlin2zvW,-1,0.0
8K6ul0hgtC,0,1.0
XMQTNzlgTJ,7,0.892644701081919
N2PwbxJ3o6,0,0.8280833310328123
Actjv6Wect,1,1.0
CECVgSZbLW,-1,0.0
9uKeqtIoGZ,0,0.2456578693761632
bkUvKPKafQ,-1,0.0
3og0FT85B2,0,1.0
WBLPlszJI5,0,0.8813989634479629
NKzLqRgG45,0,0.9203612845867092
sOhFyFFnxT,-1,0.0
SciWuYPNG0,0,0.8753000010731189
XlvUz9F50g,0,0.4271469294214655
DpP5F3UfKw,2,0.6605986572034588
QoWf3lo6m7,5,0.3875480939482898
QUYLbzwtTV,-1,0.0
Wyp8vsL9de,11,1.0
CbHz30KeA4,0,0.9464657709973358
E7en5DyO2G,0,1.0
B1vGiSgELw,0,0.8624041567154878
ndoeHX1Acq,0,0.6599854537173897
URkFX1jmOd,-1,0.0
GNhrGRCerd,8,0.9259029595363668
Ni9kebsSTt,-1,0.0
1MCseWaFZb,-1,0.0
VUgXAWOCQz,0,0.8891820581869933
Cw7Agrr8GJ,-1,0.0
2bdSnxeQcW,0,1.0
VqkAKQibpq,-1,0.0
h8goI8uPXM,0,1.0
8i6px5W1Rf,-1,0.0
rXGxbDJadh,-1,0.0
SeesCzBelI,0,0.6099405662275389
W433RI0VU4,-1,0.0
U2Mx0hSRwA,0,0.4249640744058812
m0DS4OOmSY,-1,0.0
0VeSCjRDBy,-1,0.0
4FwlejUlg5,3,0.510720755408005
hw76X5uWrc,-1,0.0
Wmodg5UiEd,0,1.0
kK23oMGe9g,0,1.0
IGn0ktYDwV,0,0.6154267621157993
ASA2jdKtf3,-1,0.0
bjFhVbky5A,0,1.0
jZv9A8Tg9p,3,0.1796870683103705
t4VwoIYBf0,0,1.0
LezAEImfoc,-1,0.0
2ltOkbo67R,0,0.8847278498267082
xabStWAUtr,-1,0.0
SAQXbnvv4t,0,1.0
cQoAgPBARc,-1,0.0
uCZI8gSfD4,9,1.0
65UoJ0z7Kp,24,1.0
hYjRmGqq5e,-1,0.0
OiTr2v90t7,0,0.4195483587308387
XL9aaXl0u6,3,1.0
OuQYWNuNxm,0,0.3873535194002143
zXfhHJnMB2,0,1.0
o3i1JEfzKw,0,0.8926650615726012
3Ds5vNudIE,-1,0.0
NlpHKNjNNZ,0,1.0
lEUle8S4xQ,0,0.8888260512232348
XlAbMZu4Bo,5,0.6042857456044081
nEqU0iCa0s,-1,0.0
XfPiFRnuAS,24,1.0
A5pabdZp2F,24,1.0
6A29LUZhfv,-1,0.0
FmNoFIImZG,-1,0.0
MXRO5kukST,5,0.7019325098913571
jMJVFP4BH6,-1,0.0
6sIOBDwr6d,-1,0.0
NnoAj91HZX,0,0.9121488131648664
rL7OtNsD9a,-1,0.0
wBzvYh3PRA,-1,0.0
Z0wIbVTBXc,0,0.6817850374972321
wH36UKML4x,-1,0.0
QI1ScdeQjp,12,1.0
7t9eDEY2GT,-1,0.0
WY3xgXIZUR,-1,0.0
euQ0C4iS7O,0,1.0
PCgnTiGC9K,0,1.0
teVxVdy8R2,0,1.0
mkzpN2T87C,7,1.0
38UFpdt3Tr,-1,0.0
KAAUvi4kpb,2,1.0
EeXcOYf3Lg,-1,0.0
EZpKBC1ohS,24,1.0
pGR5X4e1gy,1,1.0
QMVydwvrx7,0,1.0
AdS3H8SaPi,-1,0.0
2LRZhbTDtA,-1,0.0
tAlMAcqK9s,-1,0.0
hB5NkiET32,-1,0.0
OWmu3QOa0O,-1,0.0
VJMYOfJVC2,-1,0.0
GDNZajKrML,-1,0.0
3vHfwL2stG,-1,0.0
URQXbwM0Md,4,0.2753364300659283
AAN46kUPXM,0,0.5570492929518378
uCgFk8nP0Z,-1,0.0
p3nPHMpx04,0,0.9510754531502814
ZzgbUDspzJ,1,1.0
QVSP1uk7b5,0,0.5693187140089033
2vMvh5XP0P,0,1.0
7YdafFbhxL,0,1.0
lpxdG0hk4H,-1,0.0
enlxHLwwFf,7,0.797109520213604
MRO2QhydPF,-1,0.0
ektPEcqGLb,2,1.0
VIqQSFNjyP,0,0.8452839583572923
HcifdQZFZV,8,0.7004820623693485
rIOl7KbSkv,20,1.0
6ZwJSk2kvU,-1,0.0
OYOkkqRLvj,1,1.0
Of4iNAIUSe,25,0.4761912147348328
EWcvxXtzNu,10,0.9182798135717934
MbEB5aKmMK,0,0.4271469294214655
QB6CvDqa6b,-1,0.0
RcPHbofiCN,-1,0.0
h34jVnPo1c,0,1.0
URyeU8mwz1,-1,0.0
DSVGACQ3sO,3,0.9119921772723716
DoewNm2uT3,0,1.0
n5R6TvBVcX,8,1.0
lJuQxkDbDo,1,1.0
JkqrZqBO7d,0,0.4461872567710329
T0glCBw28a,-1,0.0
i2oacRDF5L,-1,0.0
1e3MOwHSIX,-1,0.0
iChQIJtjHB,7,0.9444718311627976
2GQeCbhxVy,0,0.5583458752421007
UtbjD5LGnC,0,1.0
r6tnDXIkNS,0,0.8648414637110236
zuwpeRkJNH,-1,0.0
HkC4OYee3Q,8,1.0
4kVHI2uXRE,0,0.6451765860114889
4Un2TD9bNe,0,1.0
ez7w0Ss4g9,-1,0.0
76NKidadct,0,0.5172955707305005
MNg331t8Tj,-1,0.0
E6ZodZu0HQ,0,1.0
FExX8pMrdT,-1,0.0
EiIelh2t7S,-1,0.0
lDtABI541U,23,1.0
GbqzN9HiUC,-1,0.0
SnTxbQSrW7,0,1.0
rQYyWGYuzK,0,0.7744847906434363
3lQgEPRxeu,0,0.8710747140157371
BZLdXBjB8O,6,1.0
81IFFsfQUj,0,1.0
UddVRqTrjt,0,0.7433965080629261
mp6OWpDIJC,0,0.8370002404634979
3H1wqEdK4z,-1,0.0
f63DKIpx0I,-1,0.0
YdfZP7qMzp,0,1.0
3HpCVZV9it,0,1.0
PAWQvrForJ,-1,0.0
6hY60tkiEK,0,0.8888260512232348
QiCJomIW3l,-1,0.0
OU1uqd1vyw,-1,0.0
89fSR2gpxp,-1,0.0
1ziIqFo4Tj,0,0.6547846401685782
5KEb1mqZRl,-1,0.0
95VyH4VxN9,15,0.2111576188358533
7RQvjayHrM,-1,0.0
HXdAfK488A,-1,0.0
4DcpFagQ9e,0,1.0
1dpmeH6IHa,0,1.0
oX6aIl9f0Y,4,0.335166233813316
77kCJzvpOa,0,0.7154976515679634
jWaXhCYTV1,3,0.660546828433645
C3JCwbMXbU,-1,0.0
yURca4wi2L,0,0.2070994781570493
2cczgOfMP4,0,1.0
Vvcnqs8091,0,1.0
pebP89l4v6,0,1.0
c7m1HahBNf,-1,0.0
mxMvWwyBWe,2,0.9546861752691176
ivCX2cjwcT,-1,0.0
5G7ve8E1Lu,-1,0.0
u7okTt4ZyE,0,1.0
cO1llRY2Br,-1,0.0
9622QfVSAb,0,1.0
Nycj81Z692,0,0.6344319896611774
RPChapuXlC,0,0.7367906460529923
YGTVEmBXtV,0,0.9427661380588568
p54CYwdjVP,7,0.5802934818859737
xgiurUq0ss,25,1.0
siPdcro6uD,-1,0.0
Mtsi1eDdbH,0,1.0
psG4LXlDNs,0,0.854866657257445
RnvgYd9RAh,-1,0.0
3sWghzJvGd,0,1.0
1kyc4TSOFZ,13,0.7405208230830759
rYs2Dmn9tD,-1,0.0
BAmAFraxvf,-1,0.0
VrVx83BkQX,0,0.9483011627366068
xOCAURlVM9,1,0.9690300056534586
uAzhODjALU,-1,0.0
zeNwOAcb4q,0,0.9367287707870374
fs28jccJj5,15,0.3744033579833489
mkw6x0OExg,-1,0.0
0AumdfLzpK,-1,0.0
vIOKLMl6wu,0,1.0
MSSRhxwZP7,-1,0.0
aon7bwYBiq,4,0.3802833330883123
S3HvA808gk,0,0.9037412126904312
dc4xbVfdzy,-1,0.0
8KkBxzn0km,-1,0.0
vo5LONGAdo,0,0.9296847901885704
qf2uZAdy1N,0,0.8287728596562064
o8m4RM5mBk,-1,0.0
mpDbWjLzfT,-1,0.0
FFJFGx78OK,0,1.0
X2UMdvcmMo,-1,0.0
t8ch1OCvHh,15,1.0
HfztZgwpxI,-1,0.0
t3BhmwAzhv,-1,0.0
apPHMfE63y,0,0.6376709185508559
W0wq9njGHi,0,1.0
EO1Qev952p,-1,0.0
bGhsbfyg3b,0,1.0
TNEmAgwoXR,0,0.8197585428298297
RPM7STrnVz,0,1.0
KNZYJ5zQsG,26,1.0
WI2VpcBdnd,0,0.1897282022323151
MuPlJ9fT4b,0,1.0
EdG59dnOzN,0,0.5504217647772327
WdMhbqCoqW,-1,0.0
IpHB5RC3za,-1,0.0
4SAR7IRqmB,-1,0.0
TFAG9UznPv,6,1.0
TADTT9ughN,0,1.0
kXErlJSZ84,-1,0.0
00uVk06eVK,-1,0.0
ZxVrkm7Bjl,5,0.6898947546842352
zv9gYC3xgF,0,0.819036049842625
5tIG2KZogL,-1,0.0
wZ5kEOCTce,-1,0.0
1IU3P8VDbn,3,0.3125844995359198
Dlm6Z1RrjV,-1,0.0
TPtXnpRvur,0,1.0
QyxE3W9Yni,4,0.4998022281711406
7sdkLVuYCU,0,1.0
NkXuAOygXN,0,1.0
klsyhjLlX5,0,0.3119778974613951
u3mZzd0Pdx,7,0.797109520213604
nfC1OA6NeE,0,0.5137551931654625
4wgzkAyi2D,-1,0.0
YZoGmJrOS9,-1,0.0
LKdCkV31T7,-1,0.0
Ylvviju6MD,0,0.897855807413384
yhd2kHHNtB,0,1.0
SqW42eR2wC,-1,0.0
105ZuvpdyW,12,1.0
CW0OVWEKKu,0,0.4523258645863359
7Ye12RLZ4P,-1,0.0
nblJSwtdrJ,0,0.7885595539640778
cAFvxVFaii,0,0.1806146768459436
sbsaRj475E,0,1.0
ZsxZ65YqL1,-1,0.0
9f5tOXKoMC,0,0.468935128477797
etPAH4xSUn,-1,0.0
YO6GVPUrKN,0,0.440944779225368
Io1qKqCVIK,0,0.5693187140089033
uM3rQ14iex,0,0.3912123115936127
Q5e3ftQ3q3,0,0.5634850199859414
TBVLQjdFcA,-1,0.0
ioKQzb8SMr,0,0.3503279919439883
7qT72IGkr4,-1,0.0
otxOtsWCMb,-1,0.0
oFgTScAsBr,0,1.0
lvS2b8CjG5,2,1.0
ktpG37Dzh5,0,1.0
eygv0JRvTL,0,0.8302197107736738
E3P1X94Y51,0,0.9395574054771464
zb8jLAh2VN,2,1.0
0lau89u4oE,1,1.0
thUf6ZBlPp,0,0.8993169241215763
wWguwYhpAY,-1,0.0
kQMyiDWbOG,15,1.0
NTWXVvIXJM,-1,0.0
Y6RV6z98Pk,8,1.0
FMrNus3d0n,6,0.4881083186019498
3EREVfwALz,-1,0.0
IgU8gMKy4D,12,0.2740497742146596
MwmmBg1VYg,0,0.8576313555472171
l8XnqbQYBK,-1,0.0
Y4tHp5Jilp,0,1.0
4Z7RZixpJQ,9,1.0
v3jHuoxMw8,0,0.5808933972521866
SlDx451MjC,-1,0.0
2wMJ4wq4az,0,0.5009236864266211
T1lFrYwtf7,0,0.8984087239800067
5DJBBACqim,0,0.5201263805867172
fykjplMc0V,0,0.8958059401978812
kV80nC1afE,-1,0.0
hKcx2wa3P0,-1,0.0
Fr9d1UMc37,-1,0.0
WEs4WMzndY,-1,0.0
NwiFLtWGEg,-1,0.0
GtEmIzLZmR,13,1.0
mOK4yD8JFd,-1,0.0
ztwl4ubnXV,13,0.9107267699833078
O1fp9nVraj,-1,0.0
5PrShrKxoX,0,0.6042964485557338
RfSvAom7sS,3,1.0
rtz4df9IF1,-1,0.0
mVfRrMfGdY,4,1.0
Qz7BfmWizk,2,1.0
4NGrHrhJPx,-1,0.0
wT2KhEb97a,1,1.0
OesteJF0ls,5,0.9304516761835432
hEKSSsv5Q9,-1,0.0
ncYGjx2vnE,0,0.3180532209540619
DpByqSbdhI,0,0.1773651720247444
B5vQ7IQW7d,21,1.0
jwE1dgOox1,0,0.440944779225368
wqs2RMq4CW,0,0.9570111662597304
OCcfKzXded,0,0.5895135434073427
Wq6aY6fC2H,0,0.7414893667530876
CyCDqnrymT,15,0.3231965394889636
X9Fga52OOv,0,1.0
t7euV5dl5M,0,0.8037589601657372
VzOgnDJMgh,-1,0.0
vBah12uVbD,26,0.6610129250121561
ufKBRvYxtp,0,1.0
fyYrZbWtNz,-1,0.0
qLnXPVvwLx,0,1.0
vtRotUd539,0,0.6791058950294777
pW9Jwim918,0,0.6139500181731418
mHtOyh5taj,-1,0.0
biAqUbAuG7,0,0.5504217647772327
r8M9SfYMDi,-1,0.0
6eoGVqMiIj,-1,0.0
zsXbGJJ7Oo,12,1.0
GLUIuli3Sm,0,1.0
S8SEjerTTg,0,0.683220806808899
z1GwaNoGnr,0,1.0
FlcdW7NPRY,0,0.4001002867955258
nbqvjkOs6S,0,0.8132240795931533
lOdBHkqzRH,0,0.9698847025678872
tdZLKY9usl,8,0.6482172134076899
O97BzlN9Wh,-1,0.0
jCPufQaHvb,0,0.1506226992132023
QbqLcwMXfF,0,0.7495415619200434
TGC7HNf6nK,0,0.965054065379172
Y79L45D5ts,10,0.6303941863428402
mdWz5koY5p,-1,0.0
VQyb9LKmUH,-1,0.0
uwSaDHLlYc,0,0.1897282022323151
LJCQH6U0pl,1,1.0
DsN7tHNo78,0,1.0
IwNTiNPxFt,0,1.0
ge8GZn8Gtu,0,0.819036049842625
07N0qoaZ2L,0,0.2934907154178375
Tj5wJslj0R,21,1.0
kMxdV4Blhn,-1,0.0
qRnmLJQHgx,0,1.0
T6LOGZBC2m,0,0.8816877861044474
IG6kd5V4kd,-1,0.0
QyR1dNDxRP,0,1.0
unA5hxIn6v,0,0.6526864925662832
G0v0TxX01N,-1,0.0
AF32GbuupC,1,1.0
RQCmMSSzvI,-1,0.0
ZgDNrpS46k,0,0.4762970597597152
TutGINeJzZ,4,0.9984646709170948
VikufBLOW1,-1,0.0
uzIWqRzjEP,-1,0.0
QZ2d8E8Whu,0,1.0
BAjjINf0Oh,4,0.8926140649701215
YOBGdVaYTS,5,0.5058190380167589
OAjHFvrTbq,0,0.3779234833113067
2jjfRm2R6D,-1,0.0
gPhBvrPdEs,0,0.6547846401685782
FSgwgQXTxo,0,1.0
Ti3ciyqlS3,1,1.0
VNmi0FHn6Z,2,1.0
fWQhXdeuSG,-1,0.0
TWeVQ5meMW,0,0.7848292022226258
YgJPQW0lkO,-1,0.0
pRQmRaonxf,0,1.0
1ATLLgvURu,0,0.3004299478523011
u6FuiKzT1K,1,1.0
wqLC4G1GN3,0,1.0
rI80PHlnFm,2,1.0
aSkckaNxnO,0,0.6945445061064024
4jRNkAH15k,5,0.7157499995541935
K5PA3SK2jB,-1,0.0
sGvZyV2iqN,-1,0.0
ZehccYKkNH,0,0.440944779225368
0KvYLaTBTE,-1,0.0
avsZ9OlR60,10,0.9162645434517752
y10avdRFNK,0,1.0
vMMzjCr5Zj,0,0.3332313810047166
da0ZJatRCN,0,1.0
Bjh4mcYs20,0,1.0
MWHRxKz4mq,3,0.45237505796579
ARV1gJSOzV,0,0.440944779225368
oWAItGB8LJ,0,0.986616260947508
7AXY27kdNH,3,0.4584623273265689
XCkII8nCt3,23,1.0
ldXyNSvXEr,-1,0.0
T5UfIfmDbq,0,0.8302197107736738
ZVrrPNqHFw,-1,0.0
dLr4H7Uj4H,-1,0.0
XcbgkjWSJ7,-1,0.0
yzviAnpvU6,-1,0.0
lW2zYQm0ox,0,0.5036836190965197
EpusiLXfNd,-1,0.0
EdXW71LvKE,0,0.5917393746473543
wblxm5zdkE,0,1.0
ywEQkCmImh,0,0.566689132759423
21tn63ee15,0,1.0
RJEC9fZ9Ma,0,0.9037412126904312
08GbdALmEs,-1,0.0
51HQpkQy3t,-1,0.0
mHVmsy9len,-1,0.0
FEmag0szWo,-1,0.0
MaDykgj4Ru,0,0.6798845964779143
ni3Ud2BV3G,0,1.0
isZ8XRe3De,16,1.0
oqdy2EFrja,0,1.0
hGgkdFF2hR,22,1.0
O5XbOoi0x3,-1,0.0
n0arS0DDot,0,0.4391293850044249
W8rFsaKr4m,-1,0.0
RE5LSV8QYH,3,0.7329934291809852
9zQl27mqWE,0,0.6352868636627492
m2DaXpCoIi,-1,0.0
LQBlSGeOGm,10,1.0
OxcqkYOy8q,0,1.0
gjEzL0bamb,-1,0.0
EfpZNpkrm2,23,1.0
SxRblm9aMs,1,0.9774426255049232
IxRf7Q3s5e,-1,0.0
c8cpMlPUbI,-1,0.0
Y5DPSJzpra,0,0.2781793295488718
5ai2YFAXV7,-1,0.0
K3k4bWuNnk,1,1.0
lWYwZklSvg,6,0.8508540254682643
rpZWSDjc4N,0,1.0
UGlDVc0GTU,0,0.5984591859848197
0og7nmvDbe,-1,0.0
RwBObRsIzC,0,1.0
fNoleQa9RX,-1,0.0
eYUbBKxABP,13,0.310646404704709
ylceJ2xIw5,13,0.6139732513617983
DV15UbHCY1,0,0.5879949656102621
XuWWq3gy7W,0,1.0
fAnubdSFpn,-1,0.0
j7sw0nXLjZ,10,0.855269653980664
Cth1PyCwZt,-1,0.0
clAOSSzT6v,0,1.0
JWF1dN4TOd,0,0.8085674391382942
88rbNOtAez,0,0.4702378160617868
2wlNnIqCb7,-1,0.0
nQl8EjyMzh,-1,0.0
jTyjwRpLZ5,7,0.9004813354845148
WILLwyVmP8,-1,0.0
PfOeAKxx6i,5,0.7355327642860772
i816TeqgVh,-1,0.0
h024LpF3bZ,0,0.6116895506287753
vpEq2bzsS0,0,0.9846410559535568
e6KrSouGHJ,20,1.0
tZRpvLXevU,-1,0.0
9Jmt1eER9P,-1,0.0
lPTWdyIY4O,0,1.0
jImXgQEmX3,0,0.8315520071863978
YVXzZNxcag,5,0.346090133586971
lizRmKCnBp,0,0.5693187140089033
1ojAkTylz4,-1,0.0
HW9S9vY5gZ,0,1.0
6HO33urpaI,-1,0.0
2UJLv3KPGO,-1,0.0
r70jUOpDCM,-1,0.0
asYYSzL4N5,8,1.0
V75gAxpW40,0,0.4271469294214655
nZB1FpXUU6,-1,0.0
iO6tcLJEwA,0,0.9196686922235756
ekK26cW5TB,-1,0.0
tAOg1HdvGy,16,0.3705955896297478
hD8Et4uZ1o,0,0.3816554898621683
Y2I0Fy4sm7,0,1.0
hgdh4foghu,-1,0.0
xDrKZOZEOc,-1,0.0
KcmhSrHzJB,-1,0.0
IdQuUYMA1t,0,0.4663550318202923
WDX45LNZXE,5,1.0
5HQhYiGnYb,0,0.1169517240670019
ntV5xZfzEk,0,1.0
dBE8KHdMFs,0,0.3380671062008157
6ArNmbMpKF,7,0.5681741473806692
q3XavKPorV,-1,0.0
46V9axmOuU,0,0.6585577164110531
dtPIUXdJHY,0,0.8403348483016936
zIr2QjU4hl,-1,0.0
kcQKIzQPZj,0,1.0
3JwMwL8i5f,-1,0.0
gSGLkCX9sc,-1,0.0
DLNOBJa7TM,0,0.9311413697757138
bkLetzd97M,-1,0.0
GJMYvWzjE1,-1,0.0
hKVTwQQu76,1,1.0
VzoyBrqJ4O,0,1.0
iNvXYQrkpi,0,0.8146259414590609
Yu6cDt7q9Z,0,1.0
CyzZeND3LB,-1,0.0
4DHoSjET4R,0,0.926364751202976
k9uZfaeerK,-1,0.0
cOuLbPhOT1,-1,0.0
aeYNVtTo7o,9,1.0
1l9cEyFmxg,0,1.0
wiEHZSV15I,0,1.0
KVAx5tys2p,-1,0.0
q9dKv1AK6l,0,0.2127733701709829
TKbGTj0YCZ,26,1.0
MDpIQ9hQ7H,-1,0.0
GxwnQ8sxkL,0,0.1945647894968549
RSiGFzQapl,-1,0.0
2bon4HLFkN,-1,0.0
4mzGiMooXM,0,0.7801282514650895
0TUMAAb3of,0,0.2008452264963023
GUccmOMBv6,-1,0.0
Y1rOWS2Z4i,-1,0.0
h3k2NXu5bJ,4,0.2518953242264249
gzh9nTUtsY,11,0.5862932012002325
NT8Z5NjwxF,0,1.0
FCsEvaMorw,6,0.5859294332545049
i5PoejmWoC,-1,0.0
G89r8Mgi5r,0,0.8575876690126182
pyqPUf36D2,-1,0.0
YCS0xGFrb4,0,0.6844432994254418
5l5bhYexYO,-1,0.0
kQPzFiwVIu,0,1.0
JfxqomOs60,0,0.2673813147671151
TLUGoShY30,-1,0.0
js5vZtyoIQ,1,0.5799104501806458
EIl9qmMmvy,0,1.0
EAbNopo3os,-1,0.0
bcVLFQCOjc,-1,0.0
kPmSfhCM5s,-1,0.0
sy7eSEXdPC,-1,0.0
x2zY4hZcmg,-1,0.0
xXRnUU7xTL,0,0.7506986561879161
JxOQeg1NkH,0,1.0
J3w0AXtEhp,0,0.6684086840243356
gYa94o5Gmq,-1,0.0
UGKgoAZuuL,0,1.0
5VE1iLeYOz,1,1.0
gMqaKJCOCB,25,1.0
lmsCSDymEP,-1,0.0
Uw2eJOI822,0,0.7725537420547987
rF1YRtZfoJ,-1,0.0
OWPzhVqIux,-1,0.0
lQ45aR8L7D,-1,0.0
BOtjMacACI,-1,0.0
buqvMT3B4k,0,1.0
SLuZpdMDFg,0,1.0
WvWS8goWyR,13,0.677355447855311
h0rbjHyWoa,0,0.8936795860661068
X3oeoyJlMw,1,1.0
KT6F5Sw0eg,-1,0.0
XHCYZNmqnv,6,0.655476594317286
Nmmiyjw7Xg,22,1.0
8Dy42ThoNe,0,0.7293782424177493
Tw9nfNyOMy,0,0.853663832020124
WXqukapoa7,0,0.7542917586127365
lvibangnAs,1,1.0
7Kz7icCZ6H,-1,0.0
sntv8Ac3U2,0,0.4838387629666716
0zWzJj6lO3,-1,0.0
QFUsZvw9mx,0,1.0
hKloKv7pR2,-1,0.0
tTpVHsqTKf,0,0.6006840827140755
tGDUDKirAy,-1,0.0
4lGPSbGe11,0,0.8400422140651326
3uI4ceR4iz,0,0.8810864813209085
3ACXaFxjTy,-1,0.0
ia4WUCwHA9,0,0.942581101120046
Lbuxdzg1pd,-1,0.0
ctxtY3VGGq,-1,0.0
nIeufGuQ9x,0,0.9620697542441772
9FYat8HPpv,15,0.3673067060893082
MqeCU0tXAY,0,1.0
Hz6cSigMyU,-1,0.0
9SghPrjYU1,0,0.9654175665919108
LYivxMp5es,1,0.4454689971430205
o7DOGbZeyP,0,1.0
8CguPoe3TP,0,0.5245357847233315
uhki1rE2NZ,0,0.5206681444505493
FZ45kf5pIA,20,1.0
0zfUiSX5si,9,1.0
nuZv2iTlvn,1,1.0
cSfxzCozPU,-1,0.0
XVfevb9XFx,0,1.0
s63dtq0mwA,0,0.853394752812935
Cx2O6Xz03H,-1,0.0
6U5fCHIWOC,-1,0.0
X2G7LA7Av9,20,1.0
FbUSCraXEB,8,0.6740370797196316
FY6vPtITtE,0,0.6088027274389736
PRAsjrmXXK,0,0.8518627828830513
rkuVYosT2c,11,0.9063143387498278
cUcvlgkQxP,0,0.8256357060356535
ujDKXWTbJX,0,0.7447699263447413
BOhnXyIPWW,0,0.7203870447947047
pH3XAQME6c,-1,0.0
oSOVME9kl2,0,0.6154267621157993
uHs6RJFDsg,-1,0.0
Wc0vlQuoLb,-1,0.0
RnQdRY1h5v,-1,0.0
CIRPE1bSmV,0,1.0
DztaBt4wP5,0,0.7206424290315876
yKvHJJE9le,-1,0.0
xCUXJqQySD,12,0.227361142066542
cDa8hfTyGc,0,0.965847656300236
cs1HISJkLU,17,0.6421685717341408
cmBjkpRuvw,0,0.948656130283872
wl44W8xpc7,0,1.0
2hqHWD7wDb,7,0.4059359562800471
4Yj7L9Kt7t,0,1.0
j2hzCTqbF0,0,1.0
C4SInFLvuB,-1,0.0
QXkFC7D6p4,0,0.7463439708536247
PSPtj26Lbp,0,1.0
a75F45dBHK,-1,0.0
PWzB2V2b6R,0,1.0
manHbkpIW6,-1,0.0
sn3UrYRItk,0,0.704624661759161
BGOGknwHbi,-1,0.0
FuTfZK7PK3,7,0.5098991061532722
cRlQHncjwT,-1,0.0
seYXqfGT0q,-1,0.0
m296WJXyzQ,6,0.9107911457292186
sKCKPr8cRL,-1,0.0
HfSJlBRkKJ,0,0.7281017379185859
CKgNgKmHYp,-1,0.0
6LVxO1C819,0,0.3172665812219549
mjGy8g3pgi,0,1.0
nWMqQHzI3W,-1,0.0
f3oHNyqd83,-1,0.0
WFbZusv14E,-1,0.0
wSqpNeMVLU,-1,0.0
G4vFNmraxj,10,0.8530260629748231
EK1tyHcb3W,0,1.0
eNvVjpx97O,18,0.8135295510495117
X3ydKRcQr6,-1,0.0
85tu7K06i3,0,0.746752001223278
erjQDJ0z9L,0,1.0
eKVugi5zr0,0,0.6767704490546376
QNieOPt4fg,-1,0.0
1H2e7USI09,0,0.690859472345839
IDn9SiKgLy,-1,0.0
tDMTwto6jv,0,1.0
gRG6SzbW9p,0,0.9825573735143278
XNpVZ8E1tY,-1,0.0
yXW2dCTQdi,2,1.0
5iUxMVJVEV,0,1.0
wT6GHk5ShC,5,0.5175039420415694
u1Z3HWz4VJ,6,1.0
FbXQrfkvtY,0,0.9427661380588568
ACCqGLviig,21,1.0
SrFbgIjb53,8,0.8209840981945754
STrpbhrvt3,12,0.3110875117312024
ZdWTN2HOie,0,0.6171056585100335
Yu7H8ZOuI2,-1,0.0
sFaFDcVNbW,-1,0.0
Ku31aRq3sW,-1,0.0
uvvVjWP1aj,8,0.77409405668386
YvOeN0kUzT,-1,0.0
TYdzj1EvBP,0,0.9094832270524142
lBp2cda7sp,-1,0.0
4Ktifp48WD,4,0.3889051584205248
L4RwA0qyUd,3,0.510720755408005
Cp7HD618bd,0,1.0
DlYNGpCuwa,0,0.6562339647383039
cqfE9eYMdP,-1,0.0
d2lPM1Aczs,0,0.2274412325290223
waQ5X4qc3W,0,0.5580233747350104
RrTjcbcHEH,0,1.0
LLsOmvJbBm,-1,0.0
RvoxlFvnlX,20,0.7690814781790499
9hKN99RNdR,0,1.0
93gz2lmFtm,0,0.5480275095152702
HOSh0SKklE,-1,0.0
cr5EQRJlRn,0,1.0
1FikBPewU9,0,1.0
mZwilh3hd2,0,1.0
D4QgSWxiOb,5,0.5830590423278037
glgZZAfssH,-1,0.0
eOAPWWOGs9,-1,0.0
O7IN4nsaIO,-1,0.0
Kl13lipxTW,8,0.6469483843414434
YbxFwaSA9Z,0,0.8095144393490836
rnUEUbRxVu,-1,0.0
YscR3LBIi7,17,0.7794909468535557
dxwIaCVkWU,2,1.0
ES0Gj1KVUk,-1,0.0
bf0MdFlz1i,-1,0.0
X34GKv8sYT,0,1.0
SFxAjB7UXx,0,0.4783434518221173
5jYFoldunM,6,1.0
WvoKwq12x5,12,0.2934336293571157
3Rtn1OMTC4,0,1.0
3xHCaDdYcc,-1,0.0
Q8Z04XhDdL,0,1.0
MzM99vV5Rx,-1,0.0
spwE9sLrfg,0,1.0
xjyU6zmZD7,15,1.0
Xskl7Da34U,0,1.0
jDF2ZXI8AX,-1,0.0
lTUXlmjcva,-1,0.0
qCpCy0EQAJ,-1,0.0
zkfCa4oESF,-1,0.0
doaJTihgIZ,2,1.0
J1Y70keorq,26,1.0
fkf0OquD3Q,4,0.5315031948168258
1ONdF1JHyJ,0,0.2625456361479845
FzwAQJK4CG,4,0.1708654993644409
V5Sbh42uDe,-1,0.0
3m5ndUNQYt,0,0.6123409278321791
oZy4a11SUg,-1,0.0
1iHmhMHNyA,-1,0.0
HGNTcy4eEp,-1,0.0
XRNN9i1xpi,1,1.0
ucXUtMPWhv,0,0.2740957572915869
HSRs6yyuUK,-1,0.0
MP7j58lbWO,-1,0.0
RMfiqfWAWg,-1,0.0
TJsknGasMy,4,0.3071276063403111
L3Knnigicu,-1,0.0
MLgFu6dQYc,0,1.0
zn6s6VQYb0,1,1.0
zqLAMwVLkt,19,0.7422406296129099
SQicD307Oh,0,0.796509795913948
6IyYa4gETN,0,0.9650814481088636
ffNrpcBpi6,1,1.0
QVG7j29Sta,-1,0.0
938EYYewtq,2,1.0
eP9auEJqFg,8,0.7882338304895213
oTEttMIymz,0,0.9304101155789972
UcdaNf2PKL,0,1.0
AYntCZvoLI,-1,0.0
xtK3gZjQDC,-1,0.0
a17biETKyI,0,0.2961723368458008
hoVXLC8vQU,0,0.7973604173918469
z86knmjoUq,-1,0.0
BRvGfN3Xfm,-1,0.0
nBQHTBVnfr,1,0.2418016349101419
CTvxvAcSJN,0,0.4777284493540559
aFWx1N84Fe,1,1.0
848vuK2cKp,0,1.0
hH4bPkOhhh,-1,0.0
VR2RdSxtzs,-1,0.0
NJUClFbosX,-1,0.0
dkkgKzMni7,-1,0.0
EFkw0OgZOr,0,1.0
M80WgiO2Lb,-1,0.0
atDcnWqG5n,1,1.0
PAu0W5YAKC,0,0.3774617423973478
vH7GcaDhAo,0,1.0
3apt5AJ5QN,0,0.6007566918955717
bOS6WPV0Jf,-1,0.0
SpPAB1tmlC,0,0.8362482076812258
XKrSB5a79F,0,1.0
ybLXvqJyQA,23,0.47677595968545
yS9xU6ANiA,3,0.510720755408005
mXlR1FLFDc,-1,0.0
fogJgrozu1,-1,0.0
dqdffX3BS5,1,1.0
ZxZOvVOiiL,0,0.9610187224538044
a4J7nDLXEM,1,0.8194658971424726
unMRtFfNhF,-1,0.0
cdYIL6OQr6,4,1.0
x7pjdDod6Z,-1,0.0
8z4isrqbcf,0,0.7478864335955366
fC2SV2sQ8J,0,0.4677064679275694
7UenF4kx4j,12,0.2740497742146596
aXYL24yhjN,3,0.1080373434515917
L86glqNCUj,0,0.6780336270017746
Xq9HQf7VNV,0,0.9486595252535396
p2PO2PUPFY,0,1.0
tOXoQPRzPL,-1,0.0
5tOVh81aze,-1,0.0
wjbTHLUSzU,-1,0.0
30NS22tgCW,0,0.2995935368709322
LCEgP7Ir6k,2,1.0
wfU2CdgmWt,-1,0.0
ZJBBeyEAyX,-1,0.0
v07KRLYxDX,-1,0.0
3pWHKxK1sC,26,1.0
BEiqNQZIky,0,0.8074112614939007
LYx4w3CAgy,0,1.0
aYJ2T5TXoX,-1,0.0
QsxldAFMFx,-1,0.0
qKfiWNHp6k,0,0.6003058146478345
BgZcuEsYU8,3,0.4522113301637331
6FTlHaxCpR,0,1.0
C3t6GMPnC5,-1,0.0
wZgw4CrxwK,0,0.2673813147671151
g3MbZOw0qO,2,1.0
Y9aRCjuhnV,-1,0.0
zkhyrxlwqH,-1,0.0
2NKumsITFw,0,0.6919353821899872
1Fc2Xa2cDK,-1,0.0
F6L23TNlFW,0,1.0
vcGEV6m5m2,-1,0.0
V2e0A2XIPF,-1,0.0
F9mNL6vR27,0,0.6790607568367083
KYHma7hzjr,-1,0.0
TzzZ5KAEE2,20,0.2290603668959041
O8yHsRLwPl,-1,0.0
i6BBclCymR,-1,0.0
jKLyKeZfzv,-1,0.0
T07OHxcEYP,4,0.6714875203979671
e57B7BfA2B,0,0.5676884899129063
QEUntqKvmm,0,1.0
LONd7ACEjy,-1,0.0
evP9mxNNxJ,0,0.8620537256867341
RERls4Opnm,0,0.8302197107736738
YzyCEJlV9Z,0,0.7367906460529923
owuEcT6BTl,-1,0.0
R4IBZrSF5d,-1,0.0
8aAaYEwNR4,-1,0.0
P6aJ7BqYlc,0,1.0
B4k2TecKT2,-1,0.0
QQSGwpmDfU,-1,0.0
2HvgvB4aWq,0,0.6585690003898955
Fp3JVz5XE7,0,0.9180463165898156
Wd1DFLUp1M,0,1.0
haa457jwjw,0,0.492905333722328
wsHMb4J2o9,0,0.6342177853473756
lfxIASyLxB,5,0.5371492362365832
204YOrDHny,0,1.0
I6tBNcJE2F,-1,0.0
ZxtaNh5UYB,21,0.8690456070895237
ZmIAd3JaZN,4,1.0
I6tRENM5Ya,1,1.0
uHcG5Y6fdB,5,1.0
aaUVnpQvbZ,-1,0.0
ugqx9tgyum,-1,0.0
JNl6h3U3oW,0,1.0
YfVMcbcDqo,12,0.5559639244582871
kLen1XyW6P,1,1.0
Ffb30OVVCa,0,0.5676884899129063
JEKXTLjEIq,-1,0.0
8XoWofmZkI,0,1.0
QDG2q5MYHV,0,0.5891217462062048
2Bef9YxSJc,16,1.0
lrSrJZZCle,0,1.0
gW0znG5JCG,9,1.0
Es2Ey2tGmM,0,0.7348933966614134
VpuOuZOVhP,-1,0.0
ZG84y6a7ge,0,1.0
PZCiWtQjAw,17,1.0
JzcIKnnOpJ,-1,0.0
miO8odRzto,-1,0.0
5uG9tp3v2q,5,1.0
u9ShP64FJV,8,1.0
7uqVfZW6Mo,-1,0.0
qL4nN6Ew7U,0,0.7304109198580048
fx6aSBMu6z,1,1.0
6SRPizFuaE,0,0.754301711356344
OPrPegYIZo,-1,0.0
SAZeQV2PtT,0,1.0
kPGNE4CrTq,0,0.7571400526164356
jKzLukkKZO,1,1.0
v6W55lCkhN,-1,0.0
eqMNwXvOqn,-1,0.0
01qa1ZJs65,0,1.0
34dHGTri2w,0,1.0
aIuByRyHhV,23,1.0
BDrWQTrfyI,-1,0.0
IM4LtYRWdE,0,0.5530126507002299
OwguhIAh8R,1,1.0
4NJBV6Wp0h,0,0.8209325490535188
aFP24eYpWh,0,1.0
NLqdudgBfy,-1,0.0
Nv0Vvz588D,0,0.6193910008506389
Rv5dUg4JcZ,0,1.0
wlcm21C4nk,15,1.0
BUpxPo80QP,-1,0.0
tPgagXpvcV,1,1.0
gGR9dJbe3r,23,1.0
ShJWT0n7kX,-1,0.0
J0Itri0UiN,13,0.2701607316807575
TNQ0hxh3O1,0,0.6549705219913973
3cb6pF3Tvf,-1,0.0
IxEhb4NCvy,18,1.0
JrraNaaZm5,0,0.9557087209167228
k6ZHvF1vkg,-1,0.0
6FYh6gxzPf,0,0.9496092247450546
wyYsCI3K7U,1,1.0
3uUIwMxYbR,4,0.8697380416633913
J8m0DEjxEO,8,1.0
rjSPDVdUaw,-1,0.0
AXcYtHQnxt,-1,0.0
IfpNsorodK,0,1.0
UwvjJZWjPT,-1,0.0
m9WZrEXWl5,7,0.4828623329175074
AkiPax5SXu,0,1.0
780uXnA4wN,0,0.2070994781570493
PEEqnXlSCk,0,1.0
eC5qdC4ZTQ,-1,0.0
CcNw4mVIxo,15,0.7909165795822494
p0BBKhD5aI,5,0.9626646004736517
FBMsBdH0yz,5,0.7984920177310423
zeYyq0GpXO,0,0.4925167649833159
FfFcDNDNol,8,1.0
1we1V3MAHD,-1,0.0
1v4gKsyGfe,-1,0.0
UkxJd64mki,-1,0.0
xCIbVuXwPM,0,1.0
HAcaANQNMK,0,0.8357275657721458
kLiWXUdCEw,0,1.0
LLuSjg59an,0,0.9427661380588568
ohvXBIPV7e,1,1.0
JO6T4rEJ32,2,0.9779123090645736
UXuBzWoZGK,-1,0.0
hQfcrTBHeD,-1,0.0
Z0Nq3hHeEG,-1,0.0
0NMzBwqaAJ,0,1.0
A0HSmrwtLH,-1,0.0
3YIyB82rjX,-1,0.0
Me5esZTRqW,3,0.3975815164965263
fMdrBucZnj,1,1.0
k6iyUfwdI9,-1,0.0
9Pa6cCB3gL,-1,0.0
jXsxGt80sv,-1,0.0
4XIKfvNYvx,-1,0.0
XXVfj4P8nr,-1,0.0
prgxz9fYbf,-1,0.0
GcZgo9ffGt,-1,0.0
HYa3eu8scG,6,0.5066120068532068
3SzrqwupUx,-1,0.0
MvjLRFntW6,0,1.0
0XKvW4ijxp,-1,0.0
R8SolCx62K,1,1.0
jXgHEwtXs8,-1,0.0
guzWIg7ody,0,0.5503737352962761
6ZBHIEtdP4,0,0.8888260512232348
UTwuDTpdNO,8,0.7803459251738766
NMwPKjNTEP,2,1.0
XXOMCwZ6by,-1,0.0
LpvSHL9lcK,1,1.0
SyMhGilvCv,-1,0.0
OJximyClit,0,0.8047530290679088
t7wvJstsiV,-1,0.0
XgAzCLsJAq,21,0.6996980609941003
TcCorXxNJQ,0,0.621301600014716
YlmYm7sHDE,0,0.3873535194002143
7aFEqIb1dp,-1,0.0
QAEnr5j172,-1,0.0
zNIhPZnqhh,15,0.116562780738486
wiMaws0FWB,-1,0.0
qZFshkbWDo,8,1.0
FV4an2OuFM,0,1.0
fc88ANWvdF,0,0.4391293850044249
1zVinhehks,1,1.0
mCWZj7pa0M,15,1.0
1067784F6e,-1,0.0
vjCFnYTg67,20,1.0
bxDok3uaK6,2,0.7943529447574404
1SmXUGzrH8,0,1.0
NVl4SAmz5c,0,0.4945258553802023
9OHXQybMZB,-1,0.0
AvBuK8Ezrg,2,1.0
9JFSJitKC0,-1,0.0
YIxKeHQZpi,0,0.8208585788821734
xSziO6gQgG,0,1.0
uXuObobJHO,-1,0.0
jrVoZLF20h,-1,0.0
StapcUWm9q,-1,0.0
ypPzyflbYs,-1,0.0
hYMxyeyEc5,0,0.4188121902285265
ZBBrBujopT,-1,0.0
znBiAp5ISn,15,0.5825725766244084
8tOYl6WsGY,0,0.8284226432747532
9GhSOp1LYH,-1,0.0
08oUnmtj8Q,-1,0.0
6ZXrvoIox1,0,0.8577059946817183
4OJdZhcwBb,0,1.0
kfdEXQu6MC,0,0.6767068608853625
VSz9na5Jtl,0,0.3776856951986096
NfOFbPpYII,5,0.7161901890746625
oyiBLfNJvY,-1,0.0
AQ1umQL7dZ,9,1.0
kVuw8vzsqZ,-1,0.0
rSSpEmrN0C,-1,0.0
cBY66CKEbq,-1,0.0
Nzfg1LXTdS,0,0.7282924285281255
P8rTCT6g45,-1,0.0
ea4oxkiMP7,-1,0.0
ODbTlAs0Oj,-1,0.0
0JSKjdePGq,-1,0.0
ndIum4ByTU,-1,0.0
6OK8Qy9yVu,0,1.0
Q5RYn6jagC,0,1.0
lfY0SUT3m9,7,0.8562726323738408
L7i5FjgKjc,-1,0.0
LGus3wXPxc,0,0.8639015094690592
erQDc72vyi,0,0.6737165262219401
FNOBf6JM7r,-1,0.0
tQukGCDaNT,25,0.5567042356236077
qkoZgJhxsA,-1,0.0
oe5ZEqTOaz,14,1.0
0Gl5WxY6es,-1,0.0
opdiIAHfBr,2,0.9130210146500208
1L5vaNIoK5,6,1.0
eWUM5hRYgH,0,1.0
Fanbig8DR9,-1,0.0
ufPPf9ghzP,-1,0.0
1BZKqZphsW,8,1.0
Rllg9nOasE,2,1.0
HmMSBhMAw4,0,0.8790442834475921
bIRcf8i1kp,0,1.0
PVgAeMm3MW,0,1.0
k6m3y6qnSj,-1,0.0
gnnmB7y0Xx,-1,0.0
me1MpmENpw,-1,0.0
uZi7H5Ac0X,7,0.797109520213604
JEflV4nRlH,8,1.0
aR9JvkOGjM,0,0.7114477554756736
clBiQUgj4w,0,0.932286364610379
HavKlV22xJ,0,1.0
bioHNTRnQk,-1,0.0
F8wKoSFSaA,7,0.7903665266207678
YaPhvbGqwO,0,0.7776574991665509
J6zHcScAo0,-1,0.0
VqxODXhU4k,-1,0.0
nY7fGtsspU,1,1.0
NsxthTVpqA,0,0.5881164473340502
bwlUQsQumh,3,0.510720755408005
oEmyoy5H5P,-1,0.0
YxyYTcv3hp,-1,0.0
Pa8jsrdOnU,0,0.7955671635740205
VPSx3n6ICE,-1,0.0
LGXeIx75sc,0,0.8191108082616397
Fm4FkfGTLu,9,0.4982808924785055
hFTye9Ge40,0,0.5634850199859414
fIz8K4DJ7w,0,0.6650530344419875
nzzxLPJENZ,-1,0.0
4bJufOS6No,-1,0.0
p1LpXNPmIa,0,0.5078175754106421
4czwwExZKQ,2,1.0
8Ofbg2KYMu,-1,0.0
l0c1j4QvTq,0,1.0
FoGwiFXzuN,5,0.7611730502636908
Pezt0xttae,0,0.4536157764820777
e2INndPINB,19,1.0
A0cok1GK9c,0,0.819036049842625
YbsvNFD21C,11,0.6145311134734112
QC4e0vOanp,-1,0.0
D4yRz3s7UL,6,1.0
SDWeIGPAh9,-1,0.0
SaodQ13jga,1,1.0
u5enPCwaLt,3,0.3895679425616649
xImeJtdUiw,-1,0.0
MxF0IKJtKW,0,1.0
KhwOuB0fs9,0,0.9742896267151766
h6o6qXLmHZ,19,0.5872636618409266
Jzog9gvOf6,-1,0.0
LQR22jM5l3,13,0.207162566655016
67tRrjgzsh,5,0.7585492387071725
NN9U0lEcAn,-1,0.0
h15RyEj151,-1,0.0
l5SbrtvSRS,0,1.0
YkSKZEhIYt,0,0.7552342639424081
pASJxzMJb7,0,1.0
gnXTDQyxlU,0,0.9496092247450546
3TxyhBZHT2,-1,0.0
HGnxhHz6ss,0,0.9799912178771576
FwhM1Zpyft,0,0.562356158654953
JVKABhr6mP,-1,0.0
Kw6MRGFx0R,0,0.5589990966943347
BxPa7Sn5Zq,-1,0.0
QLRO8o4bol,6,0.9289509944532306
f70e6YYFHF,0,0.8882878159234019
tZtepJBtHg,0,1.0
xqc8yyhScL,-1,0.0
k0qTnbQxzR,0,0.8532729769032813
KkYZmepjHn,0,0.7861138195065374
k2hS5Rt1N0,0,1.0
G0LfcMiRkc,0,1.0
XswQeLjJo5,5,0.8912991215150873
xNZEjFe0mh,-1,0.0
E2JCQyYu0E,0,1.0
pGEY8JQ3qx,-1,0.0
x4HMnqs6IE,-1,0.0
eNM94i7R3A,0,0.4891375127250771
y6JotynERr,0,1.0
o9Lkiv1qpc,0,0.6665548602761138
NkuySm8qVs,0,0.3629743415820018
WSsht66fbC,0,1.0
nK6OnCpd3n,-1,0.0
pRSgf5VdD0,0,1.0
vA4s3kN4QE,0,0.7848292022226258
Li9YTHoItP,-1,0.0
UtTjgMDTFO,-1,0.0
MN7d0S2i1d,0,1.0
C62d2nS3KO,0,1.0
4UReW4Ez6s,5,0.3171180670405796
ZNqHm0a35E,0,0.8047530290679088
TwdX1W3M6S,0,0.753252679004572
H7mENkYB2J,9,1.0
1mAaewThcz,1,1.0
Q0KwoyZlSo,-1,0.0
8bExkmfLCr,11,0.5879879109952947
m772lelDe3,-1,0.0
MOFwt8OeXr,0,1.0
nkwPiBSw1f,-1,0.0
iNUKoLU8xb,14,0.6325772339395109
15460JjocO,0,1.0
83e3DPVrFC,-1,0.0
E7fZOoiEKl,0,0.4064012524871478
HkMCCFrYkT,-1,0.0
cIXETwTkhK,0,0.5931875049402084
2vhkjOdlc8,19,1.0
XWzw2dsjWd,-1,0.0
VFpXYBqMSU,-1,0.0
LzLeAscHnj,-1,0.0
tLXgzQ5WZl,-1,0.0
4jn7KWPHSD,0,0.6599854537173897
1PNwacZYik,0,1.0
vDlj3veE9a,-1,0.0
P5yezHuMSS,-1,0.0
Jj2PEAZPWk,-1,0.0
wK0Z49myyi,-1,0.0
pf4OuJyn4Q,0,0.7206803940937325
MYI443zCvv,0,0.8018968534144452
8qEkjSEdls,-1,0.0
3Tzcot1LKb,0,0.5536599689785765
sgVOjDqUMT,27,1.0
eUcyIe1AzY,0,0.4843915519756992
ItzD2Cnu9y,12,1.0
YZWvf58dBS,0,0.9427661380588568
2nvkD0sPOk,-1,0.0
tVO3b68Oyp,18,1.0
mfvKEdJ4zW,-1,0.0
3kDWoqs2X2,-1,0.0
bEunGps83o,0,0.6884698844894319
OQzCSb6fbl,2,0.8778433069773839
7vXufiEzSy,-1,0.0
llTroju97T,0,0.2967657330166909
3MW44iNdrD,0,0.7848292022226258
5tGkAcY7uV,-1,0.0
kk0Eaunc58,-1,0.0
dheDf5EpBT,0,0.5180305212348408
jV6z08u7y0,6,0.6676383852027167
6lwKOvL3KN,0,0.851471812841346
3uQtNWNTwz,-1,0.0
2lL7s5ESTj,-1,0.0
8Dkz60yGfj,0,0.7785321599824885
Ty25oVKTqj,-1,0.0
7xhwE7VH4S,-1,0.0
859DtlwnAD,10,0.8265848413916586
3lic0JgPRZ,-1,0.0
l2yvtrz3On,0,1.0
0uXtFk5KNJ,0,1.0
xZxXNhndXU,-1,0.0
DQD0DNRjxk,0,0.6814925296325607
u5BkOgWWZW,-1,0.0
6gzPSMUAz2,-1,0.0
FsdB3I9Y24,0,0.5911388581788275
qu5NTwZtxA,-1,0.0
jrNlWfor7q,-1,0.0
7j6xgGj5lF,0,1.0
6U8iV9HVpS,0,0.9487045258185242
0ZeONp33f0,1,1.0
EQHQzRJy75,0,1.0
y929esCZNJ,-1,0.0
Qe2BKeCEBC,-1,0.0
2mqiTiJKrx,0,0.4047342357051315
3gvGZhkkVt,5,0.6568301958106522
ybHPzL7eYT,0,1.0
P5dEZeECGu,-1,0.0
u1b1dJtyxc,2,0.7816747145230788
NPKZF1WDjZ,0,1.0
PacBluO5m7,-1,0.0
cyv0LkIaoH,-1,0.0
zpw6NmhvKU,-1,0.0
2YSHEBRRol,-1,0.0
SGcnphYOeq,-1,0.0
MHCnLo2QeA,-1,0.0
NDs9Ejz4Pe,0,0.8576313555472171
x4EoTQW7ka,0,0.9163419284920472
EMkrwJY2de,1,1.0
hRKsahifqj,-1,0.0
p4a1nSvwD7,1,0.2418016349101419
VUBtAcQN44,-1,0.0
BRZYhVHvSg,0,1.0
57OQXxbTbY,0,1.0
bE7GWLQzkM,21,0.9020709509451946
hdUCZiMkFO,-1,0.0
cM2gU9XGti,0,0.8302197107736738
z6reLFqv6w,-1,0.0
KqbLzSIXkm,-1,0.0
taI8M5DiXj,-1,0.0
vWSll6M9pj,18,0.3708543208653641
0zFVhMBZHJ,5,0.383687545985739
o4coDIby7e,0,0.8295386013336908
GeE5qF6ICg,15,0.3052159183671437
4G2DN4Kjk1,-1,0.0
kZfxICBXd1,-1,0.0
rpjh69DUX2,-1,0.0
Pojt9RWIjJ,-1,0.0
YxaY6tHgg0,0,1.0
qdV1vp1AtL,0,0.3873535194002143
uYZTzcHaQB,16,0.1920231503900881
tu1oC7zHGW,0,1.0
C2xCLze1kS,0,1.0
FLNnlfBGMo,-1,0.0
5NMbQPY7Bn,0,1.0
ePOBcWfNFC,-1,0.0
DqiggGDOmA,-1,0.0
135eKqDoRR,-1,0.0
mFrlCI8sov,3,1.0
WKTNdU155n,10,0.9518484543825836
eUg64OsGDE,0,1.0
LuqrIkGuru,13,0.1307497048065185
gBOQ0ACqoO,0,0.7708788045900227
kHXUb494SY,7,1.0
20QgErW5zH,0,1.0
JiQXsLvDls,0,0.8796543997255402
vJSNsSFO95,-1,0.0
RXLO4Zv3wB,-1,0.0
M3BIsgGQNb,0,0.4702378160617868
hkBhX5ABjk,-1,0.0
yDjojeIWO9,6,0.8297425873044878
p37NlKi9vl,0,0.7218320486818934
klqhrq7fvB,10,1.0
J6NByZlLNj,8,1.0
4rCZeCZAON,3,0.4930297777781437
LxxIiInmuF,-1,0.0
vt2qkE1Oax,-1,0.0
gkOzoHBXUw,-1,0.0
01s5ODIHKd,20,0.3693905077449961
ABYdKpDb8p,-1,0.0
7rWTS2wuYX,0,1.0
pX71TM2MLh,8,1.0
gHYhVSCtDH,-1,0.0
Vxijl0IOId,0,0.5620735368356768
8jyCRGXOr5,-1,0.0
MXY0qsGgeO,0,0.7848292022226258
Ci7II4CPwm,3,0.510720755408005
TXsRGrzICz,-1,0.0
deZpmEfmTo,0,0.6350484518138781
L4uaAR4ArM,0,0.8844854437401012
F8aSOovlEP,0,1.0
cjM2bhLOiC,0,0.6154267621157993
3zYmlmkIuK,0,1.0
OycU0bAus6,0,1.0
6AepMNrz7a,15,1.0
WTLvXdzhmP,23,0.6103546780063445
aRokfUfIQs,1,1.0
pR37AmwbOt,-1,0.0
N2RaC7LO6k,2,0.9664250473972416
qXZVSy9LFR,14,0.8717131406490352
kkmPe0rzY1,26,1.0
GRmQjLzaPM,0,1.0
j6Zsoj544N,0,1.0
dfqsW38v1X,0,1.0
EKdk4vxKO4,12,0.2923959841932962
1F32iCJFfa,22,0.3967676640263773
6YIpvnkjUK,-1,0.0
CEJ1mYPgWw,-1,0.0
7sACcaOmGi,0,1.0
bTHFrqhASY,-1,0.0
UBpPOqrBKE,1,1.0
NPu7Cdk2f9,-1,0.0
srQxkSPJLW,-1,0.0
J8rOw29df2,-1,0.0
Mwj57TcHWX,-1,0.0
ojFEP11Cqj,-1,0.0
vymkuBMLlh,3,0.4691526219014312
amJyuVqSaf,0,1.0
35WwZhkush,0,0.9362142604574432
CIHdlhfrOo,6,1.0
loMa99A4p8,0,1.0
XxE8mL1bCO,0,0.6547846401685782
46Jr4sgTWa,-1,0.0
PyTkA6HkzX,-1,0.0
aAaV4ZbQ9j,10,0.9162645434517752
XPhSbybD73,2,0.7528378516457368
UXEo3uNNIX,-1,0.0
QDYts5dYgq,-1,0.0
pR5g1bBqoV,0,0.6154267621157993
MhWaMOkoN3,0,0.9647336970863916
aLzA7MSc6Y,0,0.6624113495220936
BRW0MKJ7Rr,0,0.9036209854288972
cvaSru8LeO,-1,0.0
GVgRbz8MvG,-1,0.0
6W3LbkKriL,0,1.0
DdKdr4kqxh,0,0.3226714304447639
8hBc843g1p,6,0.8788269187820208
kVr3L73pNH,-1,0.0
UN7nXLeh9D,0,1.0
3PqhU96Vvv,2,0.8125340089019022
VNbQbv658b,18,0.1854406018730973
1v0BPTR3AA,-1,0.0
CZwphz5vgz,-1,0.0
k9PXsryuWG,-1,0.0
cPzjN7KABv,4,0.4648203055518276
UaJErAOssN,1,1.0
pfvcsgFrJ6,3,0.7379945946613153
9CMOrofB75,0,0.9227091115549344
PSLH5q7PFo,0,1.0
U9e1d2xOc8,11,0.6749173663170459
CSjVSnvTbG,22,0.9677311301123432
KNrwaFEi1u,0,1.0
jRtxzzk0a6,5,0.7356015274479892
CcmHlE6N6u,0,1.0
PsPR4NOiRC,-1,0.0
F7tGQ7b10q,-1,0.0
IOKLUxB05h,-1,0.0
ZWNdgc13aw,-1,0.0
8x48XFLvyd,0,0.9758670925003512
AUeTkSymOq,-1,0.0
VaLAWrLHJv,0,0.8888260512232348
zcEPOB9rCR,-1,0.0
KHX0dKXdqH,0,0.7851372069085497
g5DyqerUpX,-1,0.0
yBHbeSpwYS,-1,0.0
njwYBFau8E,0,0.562356158654953
aYqTwcDlCG,-1,0.0
X6rqEpbnj3,-1,0.0
dg3tI3c2B1,10,0.804820300821005
Po7iQKKT5b,2,0.5626460715170006
OQUg2T4qJB,3,0.4015387977388954
4TlUE0ufiz,-1,0.0
vBxeeH1X4y,-1,0.0
ecPIg6o84Z,12,1.0
os14qXhy55,0,1.0
fUBFy8tb3z,0,0.512041862011687
2zWbzx50mH,-1,0.0
ADJASE9uQ2,0,1.0
faBXeVBNqz,-1,0.0
D0s29c5GvL,-1,0.0
4AB54h21qG,10,0.8371037900093439
uS0PwIBzC0,-1,0.0
Nf4MHF1pi5,8,0.7004820623693485
Y13gSfTjGr,-1,0.0
tGozvLTDY3,0,1.0
xM5m7J6Lbl,-1,0.0
nMFVdphOc9,1,1.0
6uv9ViIoMj,-1,0.0
bnzeOG0yey,0,0.7641218674252286
02CIZ8qeDc,-1,0.0
stY80vVBS8,-1,0.0
gKMTM1i8Ew,0,0.5634850199859414
Y1ZsLONDI2,-1,0.0
JvlrUFJMbI,-1,0.0
3CweLZFNyl,0,1.0
1f82rnwCbl,-1,0.0
7HFQfRjdcn,0,1.0
fu0xdh4aEJ,-1,0.0
mdK1vhgpa5,25,0.5724337432868317
UO7Mvch1Z5,-1,0.0
232VcN8tSx,-1,0.0
7ESHFpqjNO,2,0.9003824445331852
Hew2JSDycr,-1,0.0
wDDvJzvvBR,17,1.0
G522UpazH3,6,1.0
fXDpDzHTDV,-1,0.0
ASv9lQcHCc,0,0.9188065252257016
35DAviqMFo,-1,0.0
iW0wXE0VyR,-1,0.0
fjLCqicn64,2,1.0
qLtLQ4KUCq,6,0.3926363521990652
1u3qkG7BkQ,0,1.0
ViTUlZvPDu,-1,0.0
0cSQ1Sg7db,7,0.7896239414890165
58X9v92zRd,-1,0.0
SXbyy0a3rY,0,0.5676884899129063
As91fJvY9E,16,1.0
cV2LKBdlz4,-1,0.0
Jkt42QYyEH,-1,0.0
NgyT80IPUK,11,0.9226648857891492
PhLlE8UOEv,0,0.687140704378806
gmf5Aj01Hz,19,1.0
ltnDg0EzF9,0,1.0
MyVyH5Jo1l,-1,0.0
vP9qAzr2Gw,1,1.0
8ZLL6mu2qC,0,0.9815167033623348
JlWn80mTJi,0,1.0
Rsb32EBmbj,6,0.7522357431908252
g1HxCIc0wi,-1,0.0
VFRyS7Wx08,0,0.8009645040897164
m6pVpdIN0y,0,0.6154267621157993
MLipvjWK5F,0,0.5868025511160485
y9huwsnGRJ,0,0.8039968952424376
LPkcoml66W,2,1.0
xvVeSZoVJO,-1,0.0
xymhWyiZOp,-1,0.0
fi3aKVnBQo,-1,0.0
Li2rpRZWjy,-1,0.0
scw6Et4pEr,0,0.2070994781570493
JM0IQSliol,0,0.1963937375504869
NGpMCH5q7Y,-1,0.0
E3ZMsqdO0D,0,1.0
JrYdk3HEnc,-1,0.0
PSVkinBs4u,-1,0.0
tmQH8prqLc,7,0.9846324132884672
S5coB5kqSD,0,1.0
8pRemr5kEi,-1,0.0
u2gzfXRLaN,-1,0.0
5d2eScRiRC,0,1.0
prXfM5X2Db,17,0.8504872879113708
yO5DVyCHZR,0,0.4271469294214655
s1MoH2pACa,-1,0.0
psDrko9v1D,-1,0.0
wQiJNyPENt,0,0.8302197107736738
3G8sjUZqO3,1,1.0
lZJ0WYI5YC,12,0.2257403754917722
s3icZC2NLq,0,1.0
XgkrXpHl5j,0,1.0
xvYI7TCiU6,0,1.0
sIsbOkQmBL,-1,0.0
pjD08dtAh0,0,1.0
9vcqleAHPl,-1,0.0
HeoRsnaD44,10,0.6480979154413544
fHq4x2YXVv,0,1.0
aFOdln7jBV,7,0.797109520213604
1MQXBnEbE8,-1,0.0
8Fxqn1tZM1,0,0.8535155366368614
jM9atrvUii,9,1.0
N12B6wvA55,7,0.4486933983449713
8271eFxojN,3,1.0
99rOAM7Jfm,4,0.6978025802422659
YCKuXkw6UL,17,1.0
5a27EE8LxX,8,1.0
EJZfcKXdiT,-1,0.0
164QnJsYjF,-1,0.0
MsUf8kpKTF,-1,0.0
8vCs5U9Hbt,-1,0.0
6ejpSVIiIl,0,0.9645482594477516
SRWs2wxNs7,0,0.9296847901885704
3ZAfFoAcUI,-1,0.0
e6WrwIvgzX,-1,0.0
McrzOo0hwr,-1,0.0
ARAxPPIAhq,-1,0.0
yySpldUsU2,-1,0.0
DupvYqqlAG,2,0.6059625334359531
AO5MjDuHpr,0,0.8576313555472171
Ye0O4Nyn21,2,0.6943634382825977
LgeHswiWef,9,1.0
dBynjEbAt0,-1,0.0
7tRtH0AoBl,0,0.7727648741565502
2KuZHYykkq,-1,0.0
vx4NgdyyVG,0,0.9037412126904312
FDfrPugkGU,-1,0.0
OP2D9sIdo4,8,0.6199246227046739
3j2nasmKkP,1,1.0
u1mNGLYN74,0,0.8391577549423139
pU0z2sNM1M,3,0.6046089247549766
GMsi9966DR,1,1.0
fTOw3BzcWs,0,1.0
Hlcek7AYgP,2,1.0
QeebTNgRjn,0,0.1182397032157348
bbFjpasRgs,-1,0.0
owHj0G15cd,0,0.6160719823297057
iO7viYaAt7,0,0.4577209817729485
NQB9myZksw,-1,0.0
jwh9MHEfmY,0,0.9808277027885546
8IysmgZte4,-1,0.0
cgb0Tn4uHy,0,1.0
nkHEl4n0JU,0,1.0
UARTFgkTqW,-1,0.0
K9IGlMQpif,-1,0.0
JKEIYQUSUc,-1,0.0
MI8Z9gutIn,0,0.5814879333358198
cnpR4e2HCQ,1,1.0
4D7haH4pdR,-1,0.0
RIfgKCknTu,0,0.9486764754956976
UGUkPYSdg4,-1,0.0
AZuONuYzKl,-1,0.0
GB5a0RRYuv,1,1.0
Gb0mXhn5h3,2,1.0
fzdFPqkAHD,0,1.0
PoCs4jq7cV,-1,0.0
H2ATO32ilj,-1,0.0
09nyBqSdUz,-1,0.0
qaRT6QTIqJ,0,0.9427661380588568
4M9f8VMt2C,-1,0.0
WAT3qu737X,0,1.0
yOe6ajdslI,0,0.9037412126904312
NWctqX77b3,-1,0.0
cRs4jvF4mO,-1,0.0
mH1xtt2bJE,0,0.9028623813030414
CL9k2PaUQb,-1,0.0
kOMrm4ZJ3m,5,0.7457289989786324
SNmuKbU0am,14,1.0
kzJ9P7VPnS,0,1.0
hocAc3Qit7,2,0.9870920999683802
VXJVNdmXO4,-1,0.0
TzxSrNJE0T,0,0.5503887940057478
dhFHO90INk,9,0.871768260218616
KFmRMvzAZy,-1,0.0
h2e4G2YiwR,-1,0.0
Tck41RANGK,0,0.6581086997882201
nTJeOXlWyV,-1,0.0
OcO2XakUUK,0,1.0
6zROYoHlcp,0,0.8296728538690687
SXy1nVGyO7,-1,0.0
poE54GOq2l,27,1.0
AhlaBDHMQh,9,1.0
zAuerb1KGx,0,0.6262159301078637
3mCr7ZNdSw,4,0.8976641072688483
5ujp72CiYB,-1,0.0
PcyioHOmjq,-1,0.0
0jld45XGgJ,0,0.6152457168547414
L8Q21Qrjmd,-1,0.0
XRJXKBeeTD,-1,0.0
dmhi2ydnXZ,1,1.0
aJx9onwsR4,-1,0.0
TVbCKAqoD8,-1,0.0
9jgODkdH0F,-1,0.0
js74ZCddxG,0,1.0
h0a3p5WtXU,0,0.6049256702902264
BQh1SGvROG,0,0.994522027253362
dY4YGqvfgW,0,0.7107434704561365
W2qGSMl2Uu,0,0.9240871474807588
NjewXJUDYq,18,0.5899146843875362
PWkjxjgGLP,0,0.9269147803230892
EMV8nIDZJn,0,0.3231266543168318
6VVgAgVfxW,-1,0.0
MDsl1ifiNS,1,1.0
dYIqAZXQNV,1,1.0
Y4L8GQXZZO,-1,0.0
337dHOexCM,-1,0.0
nrgyOGU7ZP,0,0.6149250035924494
bzPmjmiaz8,-1,0.0
ZZ94aLbMOK,2,0.8709063054245935
ZfRGRK5Kxl,0,1.0
iJgwd5mWYg,0,0.8037776488755038
buSEDdP5YX,4,0.9740220480076538
ENLsNDfys0,0,0.8320134305253931
SFCZdXDyNs,0,0.8602730694058933
T0axIflVDD,0,1.0
bCqIx5Q8qX,6,1.0
5GwbKlBIIf,-1,0.0
wN5AgP0DJ0,0,0.7066610616513557
HU2uyDjAcy,0,0.5834218874457162
QrE9QPq4ya,-1,0.0
yAKuSbIwR7,-1,0.0
UixTytSVOl,14,1.0
476zUsqFZB,-1,0.0
te6VagJf6G,0,1.0
TI7Vy90B9j,0,0.4200080726835042
7fScrgJ3An,0,1.0
JC1VKK3UXk,0,1.0
TtcwVuBZu1,0,0.9297625572454944
DO9wPZOPjk,-1,0.0
uvFDaeFR9X,7,1.0
fVRCsK4EoM,0,0.6249070162482012
3NaqGg92KZ,-1,0.0
X1QeUYBXke,0,0.6540546570833764
U4WeoyRHPd,-1,0.0
T9GbbWbNQG,0,1.0
stXtBqyTWX,0,0.9225723081757518
TEwQSWWn7S,0,1.0
QgMC8ftbNd,-1,0.0
rgwhJ7INtZ,-1,0.0
Y1fPxGevQj,12,1.0
yPPNi7vc7n,0,1.0
e5icsXBD8Q,-1,0.0
SM9IWrHz4e,0,1.0
voJCpdlw53,0,0.5676884899129063
uyLtEFnpQP,2,0.8925579990132431
dVqZ0a7LdP,2,1.0
mljDUaQpln,0,0.87048249281839
Y4mBaZu4vy,-1,0.0
fOQunr2E0T,-1,0.0
k1VrxRS6WZ,0,0.5016990293306117
5fybcQZ0g4,0,1.0
fG8TukiXa5,5,1.0
7Ntft3U7jj,1,1.0
qXidsICaja,-1,0.0
kWMVzIdCEn,9,0.935384716949739
xSU27DgWEr,0,1.0
YWTpmLktMj,0,1.0
LPbqZszt8Y,-1,0.0
KyVBzkConO,8,0.9960752314646392
4ZH48aGD60,-1,0.0
gAgwqHOBIg,-1,0.0
FOkKndty5B,0,1.0
bNDwOoxj6W,3,0.943928642980501
GtbwJ6mruI,-1,0.0
Eu0nYM4BPo,-1,0.0
WfpvtH7oC1,-1,0.0
LfC5rujSTk,0,0.8033686024159423
CiEynTpF28,0,0.9603913687903752
CLxcLPfARc,-1,0.0
C4NbtYnyQg,-1,0.0
cKKXBhyijL,0,0.8560898829213877
7W0f7lifDk,-1,0.0
gN1iKwxlL5,7,0.7481093747751437
FtzLbGoHW2,-1,0.0
xRQxan3WkM,0,0.5504217647772327
ZfXRAqbBKX,0,0.8869697642458214
SoM3vngOH5,8,1.0
93qSRpucpN,0,0.6715975204193337
b1ylCyjAZk,-1,0.0
xUjBZR6b1T,0,0.8182066505227528
0LfgE6kvKZ,0,1.0
UkauUrTbxx,5,0.873152387343083
0o7Rd5jngV,5,1.0
GlD9Juva5V,17,0.6476102304736324
XOVks7JHQA,0,1.0
hT4y7D2o2T,-1,0.0
qevq3FZ63J,0,0.7679733635206283
xZKXGvLB0c,3,0.7018530015073
kq166jACVP,0,0.7367906460529923
De4VWE4rbz,0,1.0
aTNT3FuVBG,-1,0.0
ojIhvhQBAQ,0,1.0
hVmi98a0ki,-1,0.0
PGOuBHYdbr,0,0.5935150492946737
MxWpCherzD,-1,0.0
BpJ6OTfWw3,1,0.782646328214811
paobkszgIA,-1,0.0
aVSxwicpAk,-1,0.0
PThi9hf9UT,0,0.8796543997255402
lgtsXxk4dF,1,1.0
bescO94wog,0,1.0
nw6ANsC66G,-1,0.0
PRBsEz8rnV,-1,0.0
56Q0qggDlp,10,0.9510192795674977
aAR0ejrYw1,-1,0.0
Ku35qKpveg,15,0.313155313699271
5Fl4zgXbsW,-1,0.0
3A5VgiH5Pw,-1,0.0
jIabKyXOTt,0,1.0
ZFbqnL1AiS,-1,0.0
k4EP46Q9X2,3,0.1799935402583794
g8kFlZDcaX,0,1.0
7U5MwUS3Rw,13,1.0
fHxmoekQBh,0,1.0
Q8yfhrBBD8,9,0.3982072433535051
opt72TYzwZ,-1,0.0
Tg2EVad7VF,18,1.0
vjsd8Bcipv,0,0.9462958946757228
8jB6sGqvgQ,6,1.0
a6HzEu4Kpo,-1,0.0
XkMCKoHNCD,-1,0.0
2LctgfN6Ty,0,1.0
yQL5tutdaH,0,1.0
OSHaRf4TVU,-1,0.0
IXRa8adMHX,-1,0.0
a3cauWMXNV,13,1.0
hwuUBsMlBf,0,1.0
uqxSLoCw3K,-1,0.0
giXUx4VH9t,-1,0.0
yUqUBGioBG,-1,0.0
vieIamY2Gi,0,1.0
Skv26JteFz,-1,0.0
TZ5k9IYBBf,21,0.6733256001179093
HN05DQxyLl,9,1.0
C4zmR2kyP8,-1,0.0
IEyXWuXAQT,-1,0.0
leeosk2RAM,-1,0.0
P4s6FUpCbG,0,0.8390596485598808
i1xjK5a0X8,0,0.6599854537173897
RMdnTnffou,-1,0.0
KSOkkHm9I7,-1,0.0
6cWDg9t3z5,0,1.0
nEvnCuviMO,-1,0.0
Oo7HY9kmK6,0,0.483114436455036
5DwqmoCE1N,-1,0.0
83vxe8alV4,0,0.5013576014014427
sNz7tptCH6,6,1.0
HzANl2unCB,-1,0.0
ZMmJ1z8vee,0,0.5418551573126987
TbPv0qFnHO,0,0.566689132759423
xnmm1jThkv,3,0.9365221749939576
ik37kKxKBm,5,0.6585255223005448
4WIBvL6ZF4,3,0.3975815164965263
qwl3EiDi9r,2,0.7456342616907787
a4cPpx1xYg,-1,0.0
6CFHg7exjY,16,0.1973268523703953
aDQlAz09dS,-1,0.0
iOleSlC80F,-1,0.0
0LXotew9Du,0,0.5377999954246259
3R7Go6WkDm,-1,0.0
yAAQWBMGiT,-1,0.0
XKvYcPPH5G,-1,0.0
kREpCQtHdN,-1,0.0
dsMSWUBN8f,2,1.0
y9sHKrdnRt,0,0.9686207229889509
3HpgVs22UJ,0,1.0
gVTkMsaaGI,0,1.0
tBRNC6YemY,-1,0.0
NCX3Kgb1nh,22,1.0
rDoPMODpki,1,1.0
VKKY3Uv7vi,0,0.4988961063079761
KwRLDkyVOl,0,0.7367906460529923
Wxc6KvQgLq,1,0.4752243863003708
yktQNqtepd,0,1.0
7AWMTPMZES,0,0.8226334555291741
QWsLks8LCO,-1,0.0
qxS4IvtLdD,0,0.921691074204042
zJremsKVyh,3,0.9902602346972876
vJLTcCBZVT,-1,0.0
KgGhxmQFFy,10,1.0
hGhLd2ByoR,-1,0.0
nkzSE5KkCA,-1,0.0
G7QS68ICPJ,-1,0.0
3CtTMF5zzM,0,1.0
7ug4oSmN7l,0,1.0
1URMG6B3WW,-1,0.0
4kCr61XYQJ,-1,0.0
O4RCFjVUBJ,0,0.7139868304268382
FwxOHl0BEl,-1,0.0
SoYCqMiVIh,12,0.2740497742146596
oBvaZJ1C71,-1,0.0
aIyNLWXuDO,5,0.5250184258299734
8JmUmTgKiY,-1,0.0
xpRUi8amtC,-1,0.0
qlH21Ig1IC,7,1.0
Mqx2gquLk0,0,0.2872334547578128
9O2sVnEHor,1,1.0
FGTDe6EA0B,-1,0.0
xutrKezbPF,25,1.0
KyNO0n1bJ9,-1,0.0
DAO2BFzMfy,0,0.7056302926695079
bIa03mAtxQ,-1,0.0
ScbmEmtsH5,0,1.0
WAiqLGfqX6,0,0.6609399813557174
TSaieShX3j,0,0.6727097039023466
IVqzbuLfoL,0,1.0
KoyTqNs6SZ,0,1.0
OuKW8cUiuY,0,1.0
c3OZBJpN7M,0,0.7213829542333674
gvg8pExqdd,-1,0.0
zO55ovdLJw,14,1.0
IlIDNMvwmX,15,1.0
2squ766Iq4,3,0.4806069013451559
mtyy3Myyhz,0,1.0
kf80ZS3fVy,-1,0.0
cRLFvSOrzt,4,0.2961476302924095
oNMnR0NJ2e,0,0.1897282022323151
KjNEzWRIqn,-1,0.0
dxyNVEBQMp,0,0.1837894352857882
v8X70gTodR,-1,0.0
r8YntmAd0g,4,0.1713665770253835
gtU2eLSAmO,2,1.0
VTJvTa41D0,0,0.7883425727335485
5H4l37IsZ8,-1,0.0
Z2f4Laqi8U,3,1.0
RJG8ar4wHA,1,0.9583867244919728
m4NI2yIwJA,1,1.0
UE6CeRMnq3,0,0.1699600354741994
7s53dAJlwz,-1,0.0
cesWi7mMLY,24,1.0
3csuL7TVpV,0,0.682991879773517
0cgDDa4OFr,-1,0.0
q5CkneUn6K,0,0.9427661380588568
4AuEQ1FfUf,-1,0.0
UFRZHFYW8e,0,0.8158075253461398
gC3BzNwqQp,0,0.335807097223904
5FATPIlWUJ,0,0.4619030051271945
PKEmH9ZJfw,3,1.0
NhP8MTJzT5,0,1.0
FGJb0peY4R,-1,0.0
NhucGZtikE,-1,0.0
PzG7xVlYqm,4,0.9966790123302448
qmoVQbwmCY,-1,0.0
BCA9NMZkLS,0,0.9427661380588568
TALJtWX7w4,0,0.2132334044376313
ieYdf9TZ2u,0,0.485441102684312
Yy0KUmneV6,-1,0.0
QbsPz0SnyV,14,1.0
gxMfNArldP,0,0.8349443917506022
S93hrwT8u9,0,0.4226928077432871
5pJfDlaSxV,6,1.0
cDS8WxnMVP,-1,0.0
g92nu7knRq,-1,0.0
JJGfCvjpTV,-1,0.0
0qb8KoPsej,-1,0.0
fXEi3LVflp,0,0.8639015094690592
GZnsqBwHAG,8,1.0
cfrDLD1wfO,10,0.7188542546264032
ExeIyx6U0Z,-1,0.0
BNnZwbZGpm,7,0.797109520213604
Te8vI2wGTh,0,0.3770822278682638
iykao97YXf,-1,0.0
xse8QMGnyM,0,1.0
skeopn3q5Y,0,1.0
eXNyq8FGSz,0,1.0
3hcn0UxP72,0,0.6319653535097284
Kx8I0rP7w2,1,0.9414876098710684
ZKbplMrDzI,-1,0.0
iWlqbNE8P7,0,0.3687683832973497
HjeKHxK2VH,20,1.0
Y2NWKlrDrX,-1,0.0
eDNslSwQIj,-1,0.0
pPeXYByHNd,9,1.0
d1XrZ4EINV,0,1.0
QQSyNX5s83,0,1.0
Ma0993KZlq,0,1.0
5G7MRfPngt,-1,0.0
hWRVbdAWiS,0,1.0
8on9dIUh5v,-1,0.0
jXs6Cvpe7k,8,1.0
NVDYgEFXCy,7,1.0
CgGjT8EG8A,4,0.668521493762199
KrHFICMPjm,-1,0.0
5MIk4VFn1c,4,0.2713224754860965
SeefZa7Vmq,0,0.6599854537173897
PAiGHJppam,7,0.797109520213604
Pnv8C0bU9t,0,0.8741309498726477
EHXyeImux0,-1,0.0
3s8V8QP9XV,11,0.940686173431205
aRhxruC2bi,0,1.0
G7NZljVOol,0,1.0
LZV0U6UHb6,0,1.0
I3IuclVLFZ,0,0.5193598165978698
XWlkhRn14K,-1,0.0
J709rtAUD1,3,0.4006519534100599
bnNSQhZJ88,-1,0.0
e397soEZh8,-1,0.0
Y3FjKSsfmy,-1,0.0
rle9X7DQuH,0,0.3844335084285128
4xDxVQHsbZ,0,0.7634479043565335
7Su7gAei1l,0,0.8340582408546733
347aDObXEa,1,1.0
ud0RBkdBfE,0,1.0
qQlmONeI5k,-1,0.0
az1SLLsmdR,0,0.1897282022323151
kxBsNEWB42,7,0.6363241480311731
a4qT29Levh,0,1.0
SQVns9hWJT,0,1.0
KYHVBsEHuC,6,0.8006023092227592
sfPxUqzdPI,0,0.6547846401685782
YwpL0BVxts,6,0.6160705557583036
SCEdoGghcw,-1,0.0
Ktx95ZuRjP,0,1.0
4rrNcsVPDm,0,0.2967657330166909
iF7MnXnxRw,0,1.0
3NAEowLh7Q,-1,0.0
dao67XTSPd,10,0.53767825098358
S6YLeBMoWF,9,1.0
79eWvkLjib,-1,0.0
cEtExbAKYV,0,0.629997076679678
KsLX5pFpOs,1,1.0
l04i6dPMxK,0,0.90285323241589
E4ILjwzdEA,26,1.0
jij4vOVU7i,0,0.5243604792291935
BJ6HkT7qIk,26,1.0
LH94zPv8cu,0,1.0
R8znYRjxj3,-1,0.0
GkJbXpd3wM,0,1.0
z2739hYuR3,0,0.8256460086889754
vjw4TIf8Bo,-1,0.0
Pc9LLjTL5f,-1,0.0
pMJFaBzoG3,0,0.5035838800166016
53daI9kbvf,-1,0.0
6uRrwWhZlM,-1,0.0
MlADRQI0Wf,-1,0.0
PqlKliEXyJ,0,1.0
uqWfLgZpV1,0,0.5522319015757498
btLLWaOrFs,0,0.682544063025082
merJ77Jipt,0,0.7493538280357297
1YGgaouVgZ,6,1.0
co8KZws1YK,22,1.0
rCnZrFikX6,-1,0.0
4bINoegDcm,0,0.744228907699945
oRZN9a53ag,3,0.939519533701898
3BNPUDvqMt,-1,0.0
APSBwuMopO,-1,0.0
qWi6ESgBjB,-1,0.0
Ex3rPvEct8,-1,0.0
hkujvAPVsg,-1,0.0
j25WK4GEGH,-1,0.0
bPOaHf8OcX,0,0.5976667375205885
xzCuBjHQbS,7,0.8049581987093318
GproaSYZk5,-1,0.0
Ke3MSP8Nr6,0,0.6638004295936036
re2jPCnzkA,-1,0.0
PquRXu9pQ6,14,1.0
v9RqRFSLQ2,0,0.9567118887970908
fvG6ZHrH0B,2,0.9707360928596518
re0ly2Ylcu,-1,0.0
qNXRXUC90b,-1,0.0
aCaspFfAhG,0,1.0
7yqjVgWWxx,0,1.0
74c9EOng9C,0,1.0
0Lr9HQijA1,0,1.0
NsqxN9iOJ7,0,1.0
pC44UMwy2v,0,0.988997313442142
CbtkDWZzDq,-1,0.0
GnAfyR8AhC,24,0.3827817576029756
aujnNnIiiM,-1,0.0
bxH6T1w1FW,0,0.8363993877185354
Vn0FWRImra,0,0.4530620639330118
QY4SpBhQZI,-1,0.0
T56j6aV8Oc,0,0.5504217647772327
qOSFiJdVkZ,21,1.0
kN7GTUss0l,0,0.8302197107736738
FNtsZLwkGr,9,0.9049559478138016
ziYC4FHRNr,11,1.0
EXuv4tVNa3,-1,0.0
7b2DrIBGZz,0,0.4971371331760534
Jup0qZxH7U,0,1.0
tUpcRQNvVM,-1,0.0
kOp0kiXZ3a,0,0.777279628718211
SO7fnIFq0o,0,0.5430468815161762
sQApQMBqiP,-1,0.0
3YkeHuT1o6,0,0.8323902997537029
r5spnrY6H3,-1,0.0
ZtTWKr51yH,-1,0.0
i3me9bCSCy,0,0.4461872567710329
aBmiyi7iA7,0,1.0
Dsi8Ibxg9H,-1,0.0
8zg9sO4ttV,-1,0.0
SuLxkxCENa,-1,0.0
FBLJIfW64D,11,0.6749173663170459
DX5GUwMFFb,-1,0.0
xgP5ynlZWf,-1,0.0
7G362fgJFd,-1,0.0
mJZH9w8qgu,0,0.8899654717147194
YlIvhHFwQ2,-1,0.0
tWkL7k1u5v,0,1.0
NTkYSWnVjl,6,1.0
z6KNvOe9zQ,0,0.8931732618895549
2pgc5xDJ1b,3,0.3975815164965263
02HWT9c4Lp,0,1.0
SrQua0ATRZ,0,0.65782242720303
YvA8UF0I37,0,1.0
aXNZG82IzV,6,1.0
ZOZjMs3JTs,16,0.6262968169945491
leqD3bJ4Ly,0,0.7556216514978664
IGhpUd496D,-1,0.0
aCcHVnwNlf,11,0.678262982615356
pCJ0l1JVUX,0,0.8639015094690592
31xWlIdxTm,0,0.6568077712155902
nA4Q983a1v,-1,0.0
iYkhThIXG1,-1,0.0
5t4ZAkPiJs,27,1.0
cmSNX47aEH,0,0.6056379241606499
I3kIEjoON6,-1,0.0
ACIDDnTbSJ,-1,0.0
Ugr0yPzY71,6,0.8347960996396298
jfE7XCE89y,0,1.0
IAAPhOLhcX,0,0.7202115658434262
ARLEUVVfTL,0,0.2601628673613417
HYiR6tGQPv,10,1.0
vvpewjtnvm,0,1.0
ORQiboaRqY,1,1.0
lflwtGE6Vf,0,0.3844335084285128
uatPOPWzzU,1,1.0
tVConYid20,-1,0.0
raABeiV71j,0,1.0
zGN0YWy2he,0,0.4777284493540559
8APPypS0yN,1,1.0
m1a4CrRJR7,16,1.0
bIFHHf2RoD,-1,0.0
oLcPadFrY3,-1,0.0
gYjM1BZzdX,0,0.440944779225368
eQ6VjBhevn,0,0.8284226432747532
s8Pxz7cvHT,6,1.0
MxdyGXoK9h,-1,0.0
5x69CL2w3F,-1,0.0
I96GFYalFO,1,1.0
rgtrYVC9n4,0,1.0
yW3tlSwusb,1,0.6334637713596899
z4FaPUslma,0,0.6521541608268807
WRCFuoiz1h,1,1.0
wm9JZq7RCe,5,0.6630653707636371
fT1RkAgrC3,25,1.0
5zSCSE0k41,-1,0.0
bMSXeAlCI4,-1,0.0
iFKmFUxQDh,-1,0.0
HfpV6u0kbX,0,0.7318457391986571
Luxk3z1tSG,1,1.0
XIcBCBe6C3,0,1.0
3tj3A26wsV,-1,0.0
b172ac0R4L,-1,0.0
rM24UUgZg8,0,0.8522687073073417
mAdGQ1Hh3L,-1,0.0
2kZMtdjzSV,0,0.6652911245998299
mhhlZeAr67,0,0.6034694773409095
MXOzgjlWDF,5,0.3821272173591765
XwrMd1njqq,22,0.4706292920961778
KLv1VLuMo8,-1,0.0
r6V7EjANUK,-1,0.0
Zg4zs0l2iH,-1,0.0
esTPCUJZhe,0,0.2900446342020747
SLXHVsbU8r,0,1.0
JMBWTlazjW,0,0.9871750210177052
5K3VeoBnqc,0,0.7964982319808688
zDYXdR3ClP,-1,0.0
GkHXBasQwm,-1,0.0
Ib2iHIJRTh,0,0.2967657330166909
0e5uOaJxo1,9,1.0
iAkhPz7Qt3,-1,0.0
0MXzbAv8xy,1,1.0
Q7s8mFWqsx,0,1.0
wSpIdUXZYX,0,1.0
MjD9Y05Q6i,-1,0.0
PaqJ71zf1M,0,0.1853782602901084
j14wStqZni,4,0.7977500410230223
LJNqVIKSCr,-1,0.0
2BOb4SvDFr,1,1.0
b8jwgZrAXG,0,1.0
GkzrVxs9LS,12,1.0
bCR2NLm1QW,0,1.0
nN6NSd1Qds,1,1.0
M8dy0ZuSb1,6,0.4122537586070111
kPBEAZU5Nm,0,0.8143505890852681
4pIfc51fGK,1,0.2418016349101419
xavWvnJTST,2,1.0
EKN8AGS1wG,0,1.0
GuY0zB2xVU,0,1.0
cOw65A9FGf,6,1.0
5bR2l1b2eh,-1,0.0
fPmScVB1Td,-1,0.0
yAa5l92TtQ,-1,0.0
axW8xvQPkF,13,0.6758854911279969
tPdJ2qHkOB,0,0.7457343275946337
ybMrn4tdn0,-1,0.0
tSWoT8ttkO,-1,0.0
WJAiaslhin,2,1.0
w67vRHZF13,0,0.9572243412362054
HNH1ykRjXf,0,0.1994222847893708
UoxuaOGV6B,-1,0.0
4D7hnJ9oM6,0,0.8047530290679088
ZRz7XlxBzQ,-1,0.0
Vhh7ONtfvV,-1,0.0
uO53206oLJ,-1,0.0
HcqV2bPFKz,-1,0.0
50aOEfb2km,0,0.9967219161926636
o863gX6DxA,0,1.0
iBZSOh027z,1,1.0
oPFjhl6DpR,-1,0.0
B1tCaKP5nB,0,0.8074112614939007
ypEamFKu2O,0,0.5114171268293741
weemASPtzg,3,1.0
jgpWXnXdME,-1,0.0
4Zt7S0B0Jp,0,0.9946050497487194
gOtt78AQk4,0,1.0
AVd7DpiooC,15,1.0
WK2KxPAMQv,-1,0.0
7Fzx3Akdt5,1,1.0
dRJJt0Ji48,-1,0.0
nw9JmfL99s,2,1.0
dkpmfIydrF,6,0.6648325666042747
V6hrg4O9gg,0,0.5937409072384275
ttLcbEkaj6,0,0.8586315962643536
oXHyYHp4Zb,0,1.0
LjnDqVcrE9,0,0.8572372805055575
hjhpCJfbFG,-1,0.0
6vDYsXn0Dl,-1,0.0
MwJo3zuiTm,0,0.2673813147671151
TrN5TcWY87,0,0.8302197107736738
npoHt6WV1F,-1,0.0
RMmgu49lwn,-1,0.0
y8Rm4VNRPH,5,0.58993744908982
m906PS5G9x,0,0.8040978939251505
q7TxGUWlhD,-1,0.0
apI1GltwSx,-1,0.0
fYfliutfHX,2,0.919782589311361
WxW4nZMD3D,0,0.7591816843050638
UdxpjKO2F9,-1,0.0
Xo1Yqyw7Yx,-1,0.0
FaNhyXY6Y1,0,1.0
KXUijdMFdG,1,1.0
0SRJBtTNhX,1,1.0
PTxRRUEpHq,0,0.4688242693848519
12A1RT1L87,-1,0.0
TuCQdBo4NC,15,1.0
azkuhJBZXi,3,0.2019847564811818
474M9aeI4U,0,0.5888500696782001
nxL7eazKBI,-1,0.0
UGwdz3kjht,0,0.1897282022323151
jps9KkuSD3,0,0.9037412126904312
IbIB8SBKFV,6,1.0
NhtBXSNXKA,7,1.0
wJaCsnT9UE,-1,0.0
tEEpVPDaRf,0,1.0
rCXTkIhkbF,0,0.4309938208437117
y2fAmldTIf,4,0.3007064454628748
4i9xuPEu9w,3,0.3689974958376764
NadTwTODgC,-1,0.0
XZ4XSUTGRb,0,0.5693187140089033
C3ZHiij9QE,0,1.0
NGuGVT7ar2,-1,0.0
hhnkH8ex5d,0,0.2967657330166909
6OvTbDClUn,1,0.2418016349101419
qNYYb4nOKA,-1,0.0
lOMHt16T8R,0,0.6213771173568481
kEPpD7yETM,-1,0.0
XIScpCMUse,-1,0.0
PSubtZAitM,3,0.3975815164965263
qbvt3ocQxB,-1,0.0
04EC4ZnZJj,5,0.5126167961778999
WJ04ZX8txM,-1,0.0
v416YLOQuU,0,0.5504217647772327
0feJEykDRx,16,0.3072886700918432
vunJCq9PwU,6,1.0
cCGWj61Ael,0,0.8791331090968383
ciwOcmo8CC,0,0.8143818277792451
80SSl69GAz,5,0.7636375718818881
HRnSVflpgt,1,1.0
7eFS8aZHAM,1,0.8504239976622597
ctXYOoAgRy,0,1.0
oPvBnPTbQv,0,0.901719934017199
x33oWJQyH0,0,0.683220806808899
oTzydUKWpq,-1,0.0
lpFDhC91Oj,-1,0.0
7FokMz6U8n,-1,0.0
1PCsDNG6Jg,0,1.0
WukSyFSzDt,-1,0.0
U4BC0GrFAz,3,0.453679736087101
XkvNQPDFqV,-1,0.0
VZQmIoDGBG,8,1.0
b1ZNTgThgw,0,0.8284226432747532
41lovPOCo5,-1,0.0
S4YRCLbUK1,0,0.4702232977884416
MFKfm5scHi,1,1.0
8qu52Fl1Dt,2,1.0
Kcsj9FGnKR,0,0.1897282022323151
IfZwSRpqHl,1,1.0
XEbPJUQzs3,-1,0.0
NbFOrcwqbR,0,1.0
Swh8LxuycA,-1,0.0
d226uyWYUo,-1,0.0
OV8YUk151r,-1,0.0
rTONicCCJm,-1,0.0
ja20BpFAPa,-1,0.0
JMq90N6lLe,10,0.7721337364159676
gfGLEtWAqV,-1,0.0
9c8J2C7ajq,12,0.6129126368811477
XEGDKcoQQ1,-1,0.0
RnByxq9toW,0,1.0
t3LTjkXDJA,-1,0.0
6X5NGHe35l,-1,0.0
XUmGMBRv4M,-1,0.0
A5Y8Uh5Szl,0,1.0
KIlw9nWydt,-1,0.0
vpJDCWOnPj,4,0.2564826468057145
NFvAa2hNzH,0,1.0
SoRiaijTGr,-1,0.0
yzHiEmLSk8,0,1.0
0fZoqVoc0o,-1,0.0
DaNAqCT0XA,0,0.4439877846815631
x3qnrhfhX0,-1,0.0
f4pvPNf9ox,-1,0.0
4pe5ZNNJyG,-1,0.0
GYLMYTYqZg,11,1.0
UhgpXbOcK1,-1,0.0
Ojnzhb9EqA,3,0.3975815164965263
quKHZ3fcgx,0,1.0
gm5mkiTGOy,5,0.6296157118679466
hgJQcuDwm1,-1,0.0
tDG6bY48ch,27,1.0
oMi4uyNOlL,-1,0.0
WAFD6VYIEa,-1,0.0
y5Diyh9XEQ,7,0.6686769300339641
OkVQJZWGfn,0,0.9676524985628469
Y9f6ZYmVCD,-1,0.0
9k9ZsDs9Vc,-1,0.0
yst8MHfcgP,0,0.52608901284304
wU8IKGLpbi,1,1.0
IIGiVRKJYa,-1,0.0
Guar1tumDr,-1,0.0
ahJfROJOYt,0,1.0
a7bisLzORM,0,0.6867524528226389
lqywifxoo1,-1,0.0
WQq5JPGQ0C,12,0.9304855742584304
DxiP59Z81m,0,0.7187466626607929
PjbpL4brUb,0,1.0
SkrJkGoMqp,-1,0.0
duunKHvWKz,7,0.4070178546013968
UcKYgtOIuX,-1,0.0
96liIPUPXG,2,1.0
EaTRrceoU9,0,0.7367906460529923
isil4sVqSQ,0,0.2967657330166909
GGj0QFSo5m,0,0.8639015094690592
bxELEjg3VE,0,1.0
PxximqJil4,5,0.7082860453333502
4WQ5Qgpl2F,0,0.6080677415514204
eb71SNTjux,-1,0.0
vVU1KTOsju,-1,0.0
0YUHjKjjUY,22,0.5799614143930659
UlkcH5Ccrk,-1,0.0
eHm1EdLypn,0,1.0
DLVn11YIHx,0,1.0
24vq7c6MpR,-1,0.0
0g9gVoA7sn,-1,0.0
0F924d12FX,0,1.0
n3M8h9mqDm,0,1.0
EJZKxsS1Bl,23,1.0
U7RZ9cC73S,0,1.0
yT8hGWqoBm,0,0.9903645100307276
om2CpclG4y,0,1.0
t79rMQGk4S,-1,0.0
4BsrGHtvW5,0,1.0
XtNiw8OQsy,0,0.7447699263447413
KMaBmPHkVj,-1,0.0
gEeIutncjh,-1,0.0
oBikm5Rshc,0,0.9427661380588568
0uo2GPd94f,-1,0.0
sye27MizdM,1,1.0
6lxplXcCds,-1,0.0
idtZwmjakN,-1,0.0
VrXjAfdwrN,-1,0.0
L9vV3wVC72,-1,0.0
7pEVq8yN3U,-1,0.0
rlH3e7VlY8,0,1.0
573IcLusXq,2,1.0
o1g8NWkxqf,1,1.0
ppOCvEonKT,0,1.0
PZqII8EoFG,0,1.0
opAU0pYlcP,3,0.5472388237292415
9V2SVEl1vP,-1,0.0
Bkyl98YQRa,0,0.670037564934728
aXO0xg0ttW,-1,0.0
LtON4qr1if,16,1.0
Vj56Z9yNCr,20,1.0
QupYhLEVNj,-1,0.0
MGJVhzWa2s,0,0.71128247308715
BmRNz1TpCc,0,0.5817146070211463
XTHI90js2e,2,1.0
zrBucj9BwG,-1,0.0
BPSU46emit,-1,0.0
a9MfGUHjF8,0,1.0
CGNJL6CeV0,-1,0.0
59TL8MpBzX,0,1.0
cGmcHJEFnY,18,0.9215883126098284
1fycT4ZRf1,-1,0.0
7kQjbCQwtT,-1,0.0
YFa7eULIeN,0,0.561791491746717
LAflniLUwx,0,0.3336031712343736
gb4tyRuzzh,-1,0.0
np5NmBQL4F,11,1.0
jj0nJQYFlW,9,0.5405113659527448
FB5nWEQV7K,0,0.5586335404151305
zL4JRfBr7R,0,0.5824552369219015
VHb883Gs1u,-1,0.0
MNduv07wAu,-1,0.0
15GCs8DoSm,-1,0.0
NosdT1FHPv,-1,0.0
kQokjfoGjk,0,1.0
3vLp3J7540,14,0.7538355092312025
paiyYD81Wr,-1,0.0
rqXEiXZT6C,-1,0.0
yO2zE1yIYZ,20,1.0
0fBQAckQK3,8,1.0
fGfl6dqQVf,22,1.0
g52NwTQj0Q,-1,0.0
3Qo2SRcHgU,-1,0.0
pbokMgz8e1,25,1.0
QOjUNzOkRN,0,0.965922901755854
XtNtockTSl,0,0.5437028486004237
pAfdjWD9pN,8,1.0
biM1m6VXSD,10,0.6788351105184952
oUf6lhK52B,14,0.6325772339395109
JxkZyedsdS,5,0.423463165169459
n7yVbKH7c3,-1,0.0
d4mZyZB5I9,-1,0.0
yISJGSdzdd,0,0.7322861749959597
gX9jCe0jI5,2,0.996590511245442
yMXn86pzWx,-1,0.0
UB5u3KvOS1,19,1.0
8uhXfdSJmA,5,0.5984113772283906
KD4wgunbhO,0,0.5504217647772327
p93zLNCzKW,3,0.510720755408005
dBC55QIEnq,2,1.0
tVpneDH5ov,4,0.5677208732673538
5VmjFzoHG2,0,0.7720146186810944
8PUzLga3lU,-1,0.0
jCbbI78q4k,-1,0.0
AYcKh0oT3h,7,0.6288572529872257
9G0qc90PyI,1,0.8090777353382023
W5HnIf2jla,0,1.0
IuC5rIZsMS,0,1.0
PhHrlDKcx1,0,0.4459009927409357
PvEnRUWSfn,0,0.93764333168958
SiBVbL7rsX,-1,0.0
xQfZprbSWL,0,1.0
UCloKhbOvP,-1,0.0
GKX9w731gu,0,0.607436304437869
oJ84bedrtM,14,1.0
QpYYBFQQTu,-1,0.0
WK5JqIWiTW,0,1.0
YzriuQGaNX,-1,0.0
DG8zwjoWGZ,-1,0.0
cjcm5LYVWm,0,0.9496092247450546
ESELaMThLN,0,1.0
dZ94ZS410X,-1,0.0
Cl45XdnCoK,0,0.6512131550406075
0iJskiCgKp,0,1.0
NMQUvjAY5x,0,0.5239049461334537
uC3DI4YPRv,-1,0.0
2ptM76yNzZ,0,0.9802792443256224
2NLHoWE0eS,8,0.8173776790174385
VcRc99EdTZ,0,1.0
N7Vg94l0gA,10,0.8948536860911667
Gte3F0ONhr,0,1.0
ILf0VJYQBD,-1,0.0
27aIOGfkAV,0,0.9765489571280032
WjYvHSjXrP,-1,0.0
8LO0vLRXpz,0,0.9496092247450546
gLU0UV85Kv,0,1.0
kcSbYJRQub,-1,0.0
Vusd1Hw2D9,0,0.8127258386520599
O4mwSIH1vs,6,0.3620358638181918
PluDA8DEar,0,1.0
yk1iqV9Etr,0,0.9990023946107144
wAq0ZLxrGq,0,0.8796543997255402
6SI1pvb5xl,0,1.0
IJGEtuVqwf,0,1.0
s14pdQgoLb,-1,0.0
1BAiQmAFsx,-1,0.0
RdNYp8ilPr,4,0.7045321371371228
5Qe7AGO3Eq,-1,0.0
QwXpn5IPKk,0,0.5676884899129063
MjkopMaVAI,-1,0.0
nsySOGmHf9,4,0.3424543441885645
NUDaln2vCe,-1,0.0
098tsRhmQ7,-1,0.0
cb0xbZ3APM,0,0.8913897957616224
kLNtfA47dL,0,0.4503571116061981
eX0m4qMYVN,0,1.0
ILr4UNiZcQ,0,1.0
KYTFXxTJ12,-1,0.0
C9JMOzKD9k,0,1.0
xdNAVP7TGy,0,1.0
PQYazNKEYo,0,1.0
yKUwkihcsi,-1,0.0
wpdLr5GmTz,-1,0.0
Rtp3yLWAjI,2,1.0
XsBzmJzJ2l,0,1.0
mgURpQ4NXO,0,0.7760489193526132
4LSulRbbeL,0,0.3294175672947946
rbBtoVnduo,0,0.9359135035678984
bP5cU0OYSn,7,0.9997503697988144
nw6Kx91J48,0,1.0
5yhTMeFlj2,-1,0.0
894Yo61h1P,-1,0.0
b6s1jIHj6o,17,0.5552599438172298
mzxGGzeLCL,-1,0.0
6FHvr5hJdd,-1,0.0
WkztaHpjt1,-1,0.0
O1MHVstfBQ,-1,0.0
VGv5y60sXC,0,0.7103876255131002
uB2afsXcdY,0,0.3323047346352338
N9sJRKzVK7,0,1.0
VPm6afl0Sc,-1,0.0
nUZaI7aRb2,5,0.6184354602709424
fiXCcxGysZ,0,1.0
ONE9LYBQYS,0,0.923674047245792
fkYFDxiLpi,19,1.0
x9XepNPGJ5,0,1.0
ezSyZM6Lp7,0,1.0
FJkDPf4n7j,0,0.9423546086621628
nxnBaaRLnz,0,0.9567089940091168
cjHQj0tCy6,2,1.0
gcAGeE8Cch,-1,0.0
y8Hv7EdcRF,21,0.3220351992801645
9LoVCfMLDl,0,0.221344375955442
KurYdcCbjv,-1,0.0
af9gTPce7W,0,0.9685194794290596
2T6QXSP8Cf,0,0.8284226432747532
gaHjGx1cMh,-1,0.0
F05XG0rxOD,7,0.7287268659738437
1GCWcrZTX8,0,0.9227091115549344
iY1zuKydO0,-1,0.0
9FDErIfoVE,11,0.6149212729289197
F20AfNqMq9,-1,0.0
A4Xx9irvpp,0,0.8795437928694975
CANUXhPoyn,0,0.5481214647629311
BkSRQ1y37l,12,1.0
BOwPpmRgmW,-1,0.0
gjvbsLyCC3,-1,0.0
Dbjzqvmd7t,20,0.4938936152438214
rRxFIOoEeF,-1,0.0
AghtKxDf7f,0,0.8364246233201647
JYcMMJihdR,23,1.0
tPqBnGwTwa,2,1.0
3G56xClPYg,0,0.4394074503428554
PsVp5Gxm0s,0,1.0
G9TkX2sy8Z,0,1.0
QQybz4enRc,-1,0.0
u2Lgi4NIe7,0,1.0
WGYEOAB0Rk,3,0.3975815164965263
jCGwSLwOt9,1,1.0
v31jzDdDts,6,1.0
KnqiC0znVF,-1,0.0
B6DhWv3DZo,-1,0.0
1zKElu2MuQ,-1,0.0
hLZrqDFugY,11,1.0
sAFottNlra,-1,0.0
E7knuYAvpt,0,1.0
mj8VN4MyrO,17,1.0
8gsAg9TqhK,0,1.0
BL8h1Axr0i,0,0.9636553272205604
WlVBCT5pbB,-1,0.0
r2jhtAD0yZ,11,1.0
pFL7RThdFN,1,0.9072085355206342
EjkvtZwRoA,-1,0.0
O8Ifwhylnr,-1,0.0
gm65gK3uOJ,-1,0.0
BZ0igCEeoU,0,1.0
KaD2Dw8Ahz,-1,0.0
WbpXT0WL9S,-1,0.0
n4IviFDeoU,-1,0.0
htN3xhUpjD,-1,0.0
yI55mj6anU,0,0.4762285486761466
RBx1AfoL2J,5,0.4823448582672096
QvV8oF08HA,0,1.0
UnslcaZSnb,0,0.5205039128324561
f4Wd385vHi,-1,0.0
qqEfm8tlCM,19,0.9516672900576384
NdScoAix25,0,0.978586262692808
xhKsnxJ9FD,0,0.9719645315099148
xcqrAzYzCj,-1,0.0
WL55AVdvxq,0,0.7550940554973569
gXNOCWcnAW,9,0.9514812883827783
7FLKzOqsKd,6,1.0
bla5qx2sYe,0,0.2070994781570493
btW3QTadkW,-1,0.0
nlQRra0OLH,0,1.0
BpbJc1Jfbv,-1,0.0
OuGAwwAT8G,-1,0.0
w1FUXt3ujK,9,0.9152872358174232
9t2OtyQ9mf,-1,0.0
gimtybo07H,-1,0.0
6pjzFIyFBo,0,1.0
Swik6KVV4u,10,0.8371037900093439
MYfyMjaoQh,-1,0.0
Jsln9ZyMl4,-1,0.0
QKOdOlfzSe,-1,0.0
D19hc2XPeZ,0,1.0
Xez853WUqf,-1,0.0
odWYytUjl1,-1,0.0
23ichdd74N,26,1.0
aDa0xEFDu1,-1,0.0
dCGQlVRa2B,7,0.797109520213604
bqaiMuNzfK,13,0.2101979979098741
01hPO0uJhS,16,1.0
8y18QBU2s6,-1,0.0
4VKVUmE1I8,-1,0.0
X2u8esISdb,0,1.0
sdlLycSeZl,0,1.0
qcdoHkkHcb,2,1.0
ei20AX8EkP,3,0.9910131500106844
y8dGdBJkWa,-1,0.0
En1F2gjza6,-1,0.0
rwmVd8BKW5,-1,0.0
KBJSV1XApq,-1,0.0
jtMDzggo6M,-1,0.0
DooE6euxAS,-1,0.0
KxcysQw6Ma,0,0.1212631295054888
dlQ1iUpQNf,-1,0.0
iQHuVNte6w,0,0.6559672943755878
uKSr3KgEqV,1,1.0
qI95wZZCWh,-1,0.0
8P5MUySaqi,-1,0.0
98NrkXPRZ9,5,0.3772303033172137
eZIqkDf8m2,0,0.5693187140089033
UQT2inkLmb,0,0.5355922605916265
gUbQZ7AtaZ,12,0.3061824138240169
KIximJjqjV,-1,0.0
cldPfIoRiA,-1,0.0
sYeE1obXGG,0,0.6599854537173897
IwjkwtkPGb,15,0.1560328031880778
xVveBDPrgI,0,0.2805712695398605
XFP5jntOdx,0,0.8525820503415404
s3MwCBuqav,0,0.5810876208669681
Di0RasgbQ6,15,1.0
Qg4wmZSkWI,-1,0.0
bjUDrU4wPv,0,0.6855159820550617
QNtJO0jTf3,-1,0.0
skS03tzYNw,-1,0.0
ifavjJaKQa,0,1.0
R3xbcRIzUd,0,0.9566848045126124
F4LhOqhxkk,0,0.3104865128819189
bbVB4ZaqEf,0,0.9630190556958912
tirl2l9oKg,1,1.0
0IStUxUDGJ,-1,0.0
jIJhQ51NxO,0,0.9311413697757138
p37Kd7EQhy,5,0.373454214763816
lE2cD7C9fk,-1,0.0
Rv6Lz84FlZ,-1,0.0
eYKz5M7Aws,0,0.5504217647772327
ShJ80Yu12r,-1,0.0
aLhA7AYLLR,0,1.0
aWXrVm07Zl,0,1.0
FS5bIryxEx,-1,0.0
jNQ40aw5qL,-1,0.0
JPoQca8CSg,-1,0.0
a9HOg4f9Gh,3,0.9915481696920558
Cfd5S9108a,0,0.6137546193023286
XwMDUND6iO,0,0.8555569354068886
seCBUZYs5c,6,1.0
6nBg0uUxhO,-1,0.0
R73ybUciQF,-1,0.0
An0ePypuOJ,0,0.5297167250502969
fDR4hzavDF,-1,0.0
j8XnFfTvXF,0,0.5727477449977296
05Svr0k5C9,-1,0.0
aFf30XJpl4,0,1.0
66Z5tS8E45,-1,0.0
z0WhTwZscg,0,0.897394163140439
caSQXNsxXX,23,0.5142719492973118
UhvD08xpBO,-1,0.0
oLyfML1Qze,1,1.0
qN5hmLkBtC,0,1.0
ygHWfrwFmO,14,1.0
es4TTVGJ9x,-1,0.0
2hn4XhONIl,0,1.0
ZFPimg1RTe,-1,0.0
tJhJYcCABr,0,1.0
N67DlqK5C4,-1,0.0
G3r4nJXcpU,0,1.0
iBRfJY91QQ,0,0.8632868635601721
98TY64tOFB,0,0.4777284493540559
iQoZv77o3g,2,1.0
u7eIoTviuM,0,0.4271469294214655
BM1GqmkEHS,0,1.0
QkqQSf1REo,0,1.0
HmsEHahtGx,-1,0.0
QuG74VCsXF,-1,0.0
oRMfTkP6kC,-1,0.0
MQ91RWfxMD,-1,0.0
jvrfcl3z1V,3,1.0
KaYMGsnZ4R,0,0.7861138195065374
B23WUS3W8Z,2,1.0
thc972q5a9,-1,0.0
ElTbpJp7b9,-1,0.0
oBf5eZSeBT,-1,0.0
Zj1uV88eYU,0,1.0
GplW3hkvnr,1,0.2418016349101419
kePsKwxvaV,-1,0.0
XIeE8jbM4K,-1,0.0
2Y2OabORdd,0,0.7316176458354994
ERGIrG9GBR,0,1.0
jIq2zVhBLN,-1,0.0
KT8y9pFgJE,-1,0.0
7yOl9qiLWd,2,1.0
5UQpW4Jov4,-1,0.0
pBFVoll8Xa,0,0.7070567912464011
Mr5Pyb3MLk,0,0.748760781672616
NOUF43YrIL,10,1.0
RDdfQc5Ts1,12,0.364447396846003
p3HBEtNDRY,0,0.7264164483752529
36TBVGwzAY,0,0.6422100110207178
ktC3cDu320,6,0.9218902857246536
qNHy8EPufN,0,0.5484081246958127
kke9TwtKi0,-1,0.0
6H4tDTHalg,0,0.6166051289915984
RnXS7aK4rK,-1,0.0
RgJsjv6cUY,0,1.0
JIpKkzSqly,6,1.0
l42UGsdrNn,-1,0.0
hhjnvIfvpa,7,1.0
B3iPTZh7Za,2,1.0
2ogTw5ue7v,-1,0.0
9q4L2odBPh,-1,0.0
TonANdlBoe,4,0.376636431626505
kaU1No4iiI,16,0.1938622755776831
ZWOe1kkufx,16,1.0
5ofJyjgrth,9,1.0
IbzDaIDyt6,-1,0.0
GAa7Gy7FW7,0,0.9837213002727316
fZsd3KLMje,0,0.7718712910359228
812rmogRgf,0,1.0
UFtuhsTcYW,9,0.7701073464679598
CB8jwNE2vV,0,0.9496092247450546
Gf4oPoluAV,-1,0.0
UfQAFbP6xq,0,1.0
QqCv9SI0X3,9,0.3605748133301082
alCdOdH7zn,-1,0.0
4p28lkk44b,-1,0.0
45igeoC560,0,0.8362824476569971
036C670YK6,0,1.0
WPU17d1l7R,-1,0.0
QAVpe6a3rp,-1,0.0
FXBBy1caOX,-1,0.0
o9iReV4FGm,5,0.6074178485173053
TNZse5q2Tr,-1,0.0
y68Q09Vc4K,-1,0.0
Wd9Y1C3KXs,-1,0.0
NKcwN347H7,0,0.5500668549322084
bA02DmQN5d,-1,0.0
0T9lN3m3pc,0,0.8400422140651326
1V3Toke6XP,-1,0.0
aTiMLVePXi,3,1.0
wEOmS8Aw1W,0,0.683220806808899
VanvIu0KZU,-1,0.0
C1LVIInfZO,3,0.4949712934921246
fLKrX29Zy6,-1,0.0
idir4VfpuZ,0,0.5415585079062664
SDhOClkyqC,0,1.0
KL9yKasAcZ,-1,0.0
uazfjnFL0G,2,1.0
4jFSekBaDT,-1,0.0
l0tTXno7c2,0,0.9610784374248968
zYEZ5KqtDO,-1,0.0
76cFMRgEzQ,-1,0.0
E0cjqfM55C,0,1.0
y3Q3nod80m,4,0.5078308201409183
7TY89cqLfE,1,1.0
0jvnfH0WYV,-1,0.0
btZm6DUaDO,-1,0.0
M2JU5WQ1Gw,0,1.0
8KuKSKLott,-1,0.0
Cggdvyt8ik,19,0.8380724030424757
uWEcZkrSkZ,-1,0.0
Nk61RqtN9y,6,0.7763788343428716
pzPyxXjHrT,-1,0.0
dSznm3mQTD,8,0.9805340444232152
0RF80tUWuv,0,0.8888260512232348
eA3Aum0rpA,0,0.8736982660878818
00oRAPDWsX,0,0.8833495504450923
HnYk0mMEIt,-1,0.0
NYuvz5YUzy,-1,0.0
E3oNDQ8e9r,-1,0.0
EqWZ1yVRfN,-1,0.0
soMxYQaMnF,0,0.710002243426258
TubIV2Q4Ck,0,1.0
0i8ClSr3kQ,0,0.8055128259533894
R9k13fTGP0,-1,0.0
zFGdHL9pcD,-1,0.0
QYJt0pX0zJ,8,0.6960320266596964
7L4NvUtZY3,0,0.5002151716483896
k4jg1QCw0e,0,1.0
asS4W7Yw5e,0,0.7990043438338744
xVI8g50Qfk,2,1.0
PxgIElCohI,0,1.0
oHjLfABsK4,0,0.7517029913708256
1wmP48quNb,8,1.0
fggSyPPk0K,0,0.4744167787723961
VfIOdGiBAv,0,0.641958295971045
PHu9xJeAum,-1,0.0
qpIRwMubs9,-1,0.0
KXOn2Z6bEI,-1,0.0
cxb5EsQHW3,0,0.6507258423283402
qjV3YHW3PD,8,1.0
MnT0QgNWFC,4,0.288656924505679
NpRbTTgRBG,0,0.9646796482059627
OM0Qkq9xtY,2,1.0
rKM3oqruN3,-1,0.0
nf8PKQKtl2,0,0.5808933972521866
SuewCbLYBS,-1,0.0
3oQDkmW72a,0,0.92420556298981
8PwzKFIU9b,7,0.797109520213604
uFTLo48OHF,-1,0.0
eZNdkwJYbN,0,1.0
toI181TMAx,-1,0.0
3iEWfZh5R2,-1,0.0
upU88pUpzX,0,1.0
a3l3K9khbL,0,1.0
sbmYVM4zRr,-1,0.0
M1DA33qucy,-1,0.0
vXGySQIPyL,0,1.0
IfYBGaVFuD,0,1.0
oDoPiR8wZJ,0,0.5817146070211463
Fcs90Rwm8j,-1,0.0
6oTJCnTkUA,0,0.9220996176668652
tnTM6JJuLi,5,1.0
moqBBpMZ8w,0,0.9862698862251004
UkBwyp3aXG,0,1.0
G67ZNmeWJ5,-1,0.0
hDx3pFaYeH,0,1.0
1YprrVfIp8,0,0.6961789866557049
sZ22INHr9H,14,0.6325772339395109
PhnquAa8eV,0,1.0
vNmWbINtwH,-1,0.0
d6wOZrzaWd,1,1.0
Y4ZMHNhrPT,0,0.8576313555472171
nWTQREGMLG,7,0.7069029608154215
WZS7sJiSUm,-1,0.0
GfyvbLYKMW,26,1.0
e50L5Mx93u,-1,0.0
72CEG36B0Q,-1,0.0
ktvr5cyMdu,0,1.0
XsNi2STaj0,-1,0.0
TVD7cVIPCp,5,0.8792906939436279
R3YQrZYnQa,0,1.0
96I0XnrjkQ,-1,0.0
iweeVl1RHU,-1,0.0
3mOZvQfYpR,0,1.0
MZg06yaIW9,18,0.4789463476454171
Bsska2ayiy,-1,0.0
9BpefUVeDP,0,0.4212647120580368
IpYEKM0Bla,1,0.5461146123872191
oum1txoy1D,0,0.5035838800166016
FZURCro04D,0,1.0
Qv0XyK5kdI,0,1.0
Uon41HfqR3,0,1.0
0QNmAvQQqj,1,1.0
KYlIC6sLhw,0,1.0
REAhulrjzR,0,0.8576313555472171
8LMwwt8E2s,0,0.7367906460529923
Hehoz0QgeF,0,0.9427661380588568
QZYZ0Xm58q,0,1.0
8WP2NgiRUV,3,0.9818735318252322
Z6DJJIN8IJ,9,1.0
CrBWOjZoKc,0,1.0
s2hidSUFdj,0,1.0
vgfG8sEVf9,0,1.0
yzvpEHNL70,1,1.0
KZn7TDOL4J,0,0.9232784784887754
eUXVvpdFzZ,16,0.8071155041388065
MYe8FiahWi,0,1.0
JH0DczMsAV,0,0.6286667663886086
oEgybA04dY,0,0.978586262692808
fkYZKArFLF,2,1.0
ZY5mzxlnCA,-1,0.0
URB690A5r5,19,0.6458453980884953
XR5y4nvTfz,-1,0.0
rKASv92Myl,0,0.9296847901885704
CrxR6CYeQn,9,1.0
K0FbK2GOGj,4,0.4031747078866098
L3aEdxJMHl,2,1.0
EgArbnS0BA,0,0.6016036617619861
QQhQIqons0,8,0.7004820623693485
XqHrG8lBai,-1,0.0
Ou30gzTLJe,0,1.0
dbaYQyruY2,0,0.9621075179086214
ggP2r9S9wY,-1,0.0
ubrecCeZrc,-1,0.0
NTjr79xpX0,0,1.0
Tl3Sg0SBEU,3,0.510720755408005
qmk40WMlSC,0,0.6063649954789906
SAEBMGJegn,0,1.0
P6PijkA5lz,0,1.0
xcrAO2jYPi,0,1.0
uOOlHOq500,14,0.6325772339395109
6WnBITpnzD,-1,0.0
6UAeCPQPwP,2,1.0
0xFgYI6oZr,-1,0.0
u1QFeoxnhW,-1,0.0
w9gEF4Iwtx,-1,0.0
heQsyrMDzm,-1,0.0
5nBwN6XQOD,9,0.9807777650382228
c8AjdgdHnD,-1,0.0
QFuuxfmqb5,0,0.8302197107736738
k5TbfYPYuc,12,0.2740497742146596
25C8oC1pb2,0,1.0
xAKOn2IfsP,0,0.8903977910710466
64WeVllQjq,0,1.0
fmQFCXAe4v,0,0.9663549509115312
bmoGGgSLzB,1,1.0
Y1UVWWWGKB,0,0.3248615655968221
D2NR5Zq6PG,-1,0.0
LyG7kDSsGh,7,0.6192269442118458
cE2yJsFwhw,0,0.9723758076960104
f3sZjkQbv2,0,1.0
XUKUx7Xu89,-1,0.0
hVoIz6xD9Q,-1,0.0
Ezi8uXAanu,-1,0.0
JTF0HYfGiL,0,0.8639015094690592
NY3LzmUXl7,2,1.0
dbZo5cLlV9,0,0.4461872567710329
OU6FXkSIe0,-1,0.0
iqsjzVqmWF,0,0.8284226432747532
2Ri68h7bD1,2,1.0
T0CiI4gDFB,0,1.0
8Q4xTf2SYC,-1,0.0
1fOGTbO5Sx,0,1.0
1K28gV5MeF,14,1.0
I9VNWQ15Ni,-1,0.0
N1KPOlcN6P,-1,0.0
btBqWTbf6q,-1,0.0
SFsGKZU61H,0,1.0
PSvsmbCrGs,9,0.3353226519077756
Ia1nRDN00L,3,0.4630039668960118
lEsvczuPVj,0,1.0
TQNlIQIrcK,0,0.4503429483476883
cLQlsOGqbM,0,0.6176367068725641
UspcIEkK0y,0,0.5693187140089033
rqn7XLNUAv,-1,0.0
pWqKKSvw4E,-1,0.0
r3LYE0Ct3G,-1,0.0
Xh3AIqtOHM,0,0.7426063896193319
wH3F1ZoK70,0,0.8410518324743576
fjoKScAL4D,-1,0.0
0yowBBK6tT,0,0.5693187140089033
omyNP89YW6,-1,0.0
tI04KmK27S,9,1.0
6xCcjYa97j,0,0.7861138195065374
x8xtRQ5GIk,0,1.0
8EhH3A9hoP,-1,0.0
Q7YnqREWLq,0,1.0
Ixl7e5pR52,0,0.4578815694959255
1jDAYXfcS2,0,1.0
XfHfTqeXfZ,0,0.8877455541876318
OPOBV0zXu7,0,1.0
NGgLhJKttI,-1,0.0
swwAPbtU07,1,1.0
wsR7VYXbdR,0,0.8888260512232348
fFr5GI6P5P,1,1.0
615vk8hmeH,5,0.7002695657643897
NFM8F5cV0V,-1,0.0
KXfIoUMlzA,0,0.733130242781959
CtoIG9Iwas,0,1.0
7bEPq5MAQi,3,0.510720755408005
KG7j1V0rzS,0,0.8100789748510845
vIaNnnQxcl,-1,0.0
5puCVHYtDB,-1,0.0
W0eTcFyx44,-1,0.0
H8fscnm6Xx,0,0.8740326507447542
LDjBDk3Czb,2,1.0
nadVPpcMvn,1,1.0
isAYKdLwtB,-1,0.0
7ieZWCc7rB,-1,0.0
wdI2WKCN3P,0,0.7820056295728369
LZ4IKybwWl,6,1.0
AwsiYZ2ets,0,1.0
JCTTLKEBza,0,1.0
eTgXolhWCH,2,0.7380591362391221
oWnAlRn3X1,0,0.5918428218992663
D6w7wIN360,0,1.0
YXcYD2nLmc,-1,0.0
X0Etmtge6w,0,1.0
1WkolvkTVi,-1,0.0
eszmES7j1F,1,1.0
Ej20yjWMCj,0,1.0
mI9HqgVuTS,14,0.7683379260858854
3Xmr8WTAld,0,1.0
0VDmWjW456,-1,0.0
L51U5RSFBo,-1,0.0
gVtk4lzhcl,0,0.7984565503318837
2qd4lpXz7u,0,0.446774448114747
eD1VyYURiq,0,1.0
hSX7Dd8dxy,0,0.5092212791374379
TgGH1bY6kl,0,1.0
8HYeWMf0W3,0,0.6644394294469163
b50IW9yV2M,0,0.8243923549009419
pceKiO7cEr,0,0.6080402942788713
c7qZNpguY0,-1,0.0
4wnhbcppot,0,0.7144941726684447
rHt6tt5RNF,0,1.0
1mILyDyPDf,16,0.7053577001637378
yG8vmj3EAU,0,0.5364554703929396
qPQUrjiA0q,-1,0.0
S3GhJooWIC,-1,0.0
bZ0MXXoldX,-1,0.0
aTqfufujj7,12,0.2740497742146596
nM9j2F7jL3,3,1.0
AjOl3iahHd,0,1.0
EpGtAOr4vs,1,1.0
nbMeRvNb7A,0,0.4566114042508729
lTAtQW1Ufi,12,0.7943867863916779
jCuEeQF7uP,0,0.5693187140089033
z8rQHF8OOt,-1,0.0
z6mwI6VcHA,-1,0.0
hqmdhrnzfp,3,1.0
FOkbHmaW0I,1,1.0
XoN10bZtR9,0,0.819036049842625
6eLlczxbrp,0,0.566689132759423
7qq1UeCYL6,0,1.0
7bCPXHq8xV,-1,0.0
dw9H08UxJb,10,1.0
fSFgcEVDT2,0,1.0
FsgwcrJWp8,16,1.0
52Ehpe0Lu5,-1,0.0
Ql3sENn0mi,-1,0.0
YJx8AofTF5,0,1.0
r2fZv2pxMa,1,1.0
1wlZoi4w5o,-1,0.0
tCiijwAXij,0,1.0
d4CZoiaXeC,-1,0.0
Mk9ykil8eP,0,0.9496092247450546
d0bm4upnQ8,0,1.0
p3hhC7OvIq,-1,0.0
PZ7YLONKiI,10,1.0
2Twzlf6qFv,0,0.8511629522476142
ay7WDSq0Kb,0,0.8248772110403979
7OdU0LYXLr,-1,0.0
s6YHno8Ke3,-1,0.0
X8oEu4Gs3W,0,0.6006840827140755
jQn9oYY4sz,5,0.6311562827833458
6RlbOEcOS4,0,0.9679140185564384
NM5dprhsGK,0,0.6039281180964573
qE3knKF1rz,0,0.566689132759423
gZzLjIYzH1,-1,0.0
VXygIRRHxz,-1,0.0
rBlWKIUQey,-1,0.0
MWF1ZzYnxJ,-1,0.0
BfO6od6JD6,-1,0.0
hymrUe6ATL,0,0.2967657330166909
Xm57IXqU0n,-1,0.0
xE09wJcjvc,-1,0.0
WgrVccLRzG,20,0.1059559440424047
MmjW4VGKbh,-1,0.0
lRs6qSMKH1,0,0.6336406432915245
iG4UNfUn0r,0,1.0
diyDUH4NtD,0,1.0
iyFH9KRGBo,-1,0.0
yaS3JWQRQ6,0,0.9496092247450546
teB4aqJsNP,-1,0.0
FooiwsnEH9,15,0.9127243248809824
lJ5WCJZfQn,-1,0.0
88MXvVn5dl,-1,0.0
ooiHIklvN5,-1,0.0
AYDMNzpJPv,0,0.8585329344771399
hTbimOuFPM,1,1.0
qpFAZyMhwz,0,1.0
KoCytqC9gx,-1,0.0
TrNB08KuHK,0,0.7777128725672703
vKmWKHlQBe,7,0.797109520213604
bulTwq5kNK,-1,0.0
WhEPg4mUs6,-1,0.0
BH9niRIiy2,-1,0.0
OtAiYPP6GA,1,1.0
V4SA2FOzQL,8,0.7004820623693485
7nTWoceJGK,-1,0.0
29FRqmVQK8,-1,0.0
Tjw0ACu3NL,-1,0.0
zm4FKB6DYh,4,0.2422248625300742
Awl3ZhDHuQ,-1,0.0
FLdLPUqnsP,24,1.0
ENJhSqVkXH,10,0.6106475506900796
IjDlvzBSVp,-1,0.0
tlmKcZFAtL,4,0.8676797966514055
V82wLePv0o,8,1.0
Gibq7Wa7Bq,0,0.562356158654953
4q5ZYP0ynu,15,1.0
l75RyRcevf,-1,0.0
GJbrk55Bt8,0,0.3839547020723479
myPtOTn3si,-1,0.0
g3EF5XsapH,0,0.9570290144914576
fxDCgOruk0,0,0.6733483027794369
JnKfAqLJb4,1,1.0
ou9HeYvNhB,0,0.9496092247450546
jeen4x145W,-1,0.0
jAsr5GHt3P,-1,0.0
kmooIAb3Pd,0,0.2673813147671151
APXcX7z1Bi,10,0.6095633994398656
BeXcXrXetA,-1,0.0
qNP0FNxiET,-1,0.0
4JihzQXNJn,0,1.0
xSHqNf5Pdc,-1,0.0
tAKbMv3sf7,-1,0.0
uS5ch7GjZ4,-1,0.0
XIqlxqNDCL,-1,0.0
RSQgfaX4Qh,13,0.2134595459962626
V13dSX1wAs,0,1.0
WBEknRZBpT,0,0.7632356317376999
T9OQ094qR8,4,0.3845400215458693
W2874Arl4g,0,1.0
8WdkG7g6Az,-1,0.0
f4GBN307sm,0,0.9871750210177052
4asFznbzJg,0,1.0
WENq0drMfO,2,1.0
Qla5PqFL0s,0,0.566689132759423
I6beY5rU64,-1,0.0
0e1KaHtgvU,-1,0.0
dY29IUPTuy,0,1.0
YBrBFn4nSM,-1,0.0
hsD30Qljz0,5,0.7043230698415786
sEFDhxF1mG,-1,0.0
VRwcEVRcC9,0,1.0
3L1sGJh3Li,-1,0.0
vOijARaWym,1,1.0
oHB4Ee77uG,8,1.0
nirpTMWOzt,0,0.4461872567710329
xDxskDUvte,6,1.0
KMbl8lg5Rv,-1,0.0
yLApxMEja7,0,0.9543260001025146
IkfBLlYuHA,23,1.0
pIZxEOZCId,-1,0.0
SoRe80Tg48,18,0.4881123927846776
IGowQfG5oA,8,1.0
V8SndhCN0z,-1,0.0
RbkHARGCcH,0,0.6632445859352456
Xk5d55Eu1i,1,1.0
LCZmI3iM8X,0,0.5953686029980898
hhg1TPk3RG,-1,0.0
AtSukKLcLM,-1,0.0
TlYLJFTTX7,0,1.0
RfNiN2rENM,0,0.8292663543218819
lv4zLWzOi2,-1,0.0
QsguopCLfc,0,1.0
rEhVHla9zp,-1,0.0
VA5P0rUZPx,-1,0.0
2bbDg587uh,5,0.4592970863971375
vSLzoUoJt6,0,0.9225750011488428
s14llhrkjA,0,1.0
Jugw5alhnF,-1,0.0
SBPWnXhwjq,0,0.8062997534338735
KWFnxtO78b,0,1.0
PMdHrorFMF,-1,0.0
TdTElvnaG4,0,0.9137393395021898
6hvaQTKkpF,0,0.6006840827140755
JSbVO7dNYE,9,0.8257816950717195
d8yAQOSLwv,-1,0.0
sSZ9OM08KT,0,1.0
IIgVYnadfR,17,0.5328881294383861
wNMK5o0Vfg,0,1.0
Sk1WgkHdht,0,0.7471860361402335
iM8154lJCx,0,0.8508113714387848
vzVoMvpSYC,-1,0.0
yNVDkAjGjw,-1,0.0
T1GXVrXJR4,1,1.0
qB1UKvjO0N,0,0.4677064679275694
ngvolie2nH,-1,0.0
KOebVBmhqx,0,0.4777284493540559
xaxuzubN31,2,1.0
MNSiBGNAvx,8,1.0
TZB6YT8Owr,1,1.0
wryhlhA8QI,-1,0.0
MzN2Xi7EMa,5,0.394423267424737
kL2pnzClyD,-1,0.0
wn3VBRz5GK,-1,0.0
8pEqukyGrj,4,0.3179929843934496
lJYwfYcoZX,0,0.7541636800105255
ZC2rbIYWfy,12,0.2305041028951418
lClK4uBxSG,-1,0.0
m7zEbdAMsh,-1,0.0
7Z25QbOv4a,0,1.0
1si0Vq4O91,2,0.980445363597158
g2vViuEVDS,-1,0.0
OH7U836jKk,-1,0.0
tfbu0ITAez,-1,0.0
8Ounc8L4F7,0,1.0
rzJkKeliDK,2,1.0
spjAvoZpVW,-1,0.0
xVsC90U8yl,0,1.0
gRKorMGYlR,-1,0.0
vZfqDwF09z,2,1.0
cUy3tYIOS5,-1,0.0
hiiaHn3pWd,-1,0.0
GHAtg6RQ3b,2,1.0
IiEtQPGVyV,-1,0.0
rHMjAiaLzi,0,0.588691390506573
2h8bFmEQwh,0,0.4444495672863591
OfIUAlo2hJ,0,0.2202326536517809
oUYmk8WaG0,-1,0.0
0cCkauhKit,18,0.5217844681514726
zcVKvXtrkJ,5,0.4643338017765449
BumyAsRGGm,1,1.0
QeJOsm3qkS,-1,0.0
4H3xG3aDS1,0,1.0
3lVBn7U07P,0,1.0
Cx6Kqto5h1,21,0.5530680179147646
2PhVe7p9xD,12,0.4010227538715348
Q6IyUpBmrG,14,1.0
cvJvk6oYfC,1,0.2418016349101419
T6RkYsuoMW,0,1.0
fCirUh6FRb,0,0.7654223670303408
EfDIApcjgI,0,1.0
zIFuLxUAu9,-1,0.0
gOUAak6f2P,7,0.8403520342376345
mf0p4PO7ko,11,0.6749173663170459
gY9yOGYB48,-1,0.0
s91i4zNebu,-1,0.0
YmbQ0qnQ76,0,0.4271469294214655
8MBEvClECb,0,0.7325419525689364
tESKKiKhVp,-1,0.0
eLFoTtgCNP,7,1.0
RGUcF6pIZN,0,0.917958950275881
KYFTBpKIOr,0,0.9297625572454944
QXEhBMNrCW,-1,0.0
IL1wvzOgqD,17,0.8848428187629432
uglqgGHNFb,0,0.9153468865132138
mZuFaBAVs6,0,0.1709054011897073
ZE9cxnEBpy,-1,0.0
60I6TzuHOb,1,1.0
2fFRIIwau6,-1,0.0
m0bR0sxhfL,-1,0.0
43lkrdfQzB,-1,0.0
h5YGwnMTke,-1,0.0
Eu2Tqcvxih,0,1.0
9t7gfYUp0U,0,1.0
74SvE2GZwW,-1,0.0
UwtFuWbW6B,11,0.8362055547540044
ofBqR4l0TD,1,1.0
xju2uBgTrB,19,1.0
VBKgukQlRG,0,1.0
9nlTapr2sd,-1,0.0
4iehXI36QG,17,0.7248776019780003
quJdphBcdP,0,1.0
eIDa6pd9iQ,0,0.4458150400331531
tq9lyV9Cml,-1,0.0
Y1bt0YIS6Y,0,1.0
i5WnXNjwbR,-1,0.0
L0xZPXT3le,-1,0.0
inN0WrBJVc,-1,0.0
U7ab14f4YQ,0,1.0
ETgPUJfQE1,0,0.5504217647772327
aAxHUzTdhe,1,1.0
pV17ra3AxZ,0,0.8888260512232348
38Q0er5mtg,0,0.5513033980650381
9vDpL9lgKS,0,1.0
0UGbZ0QAXi,1,1.0
UwAgCUWJ21,-1,0.0
VHWmDTYI2O,-1,0.0
Ejcn7IDkzT,0,1.0
S2kbLrV7mv,-1,0.0
PdKhoj6goO,-1,0.0
ziLHIExi1j,-1,0.0
EKx21Vonwo,0,0.6863877776733385
Ly2wXKIByI,0,1.0
8tetkBNSWZ,-1,0.0
BqFXm4HO9p,23,0.9396776553143964
ByzRO25Bjr,0,0.7321518331889827
gqoeQPhQcE,0,0.9341068555413896
2g5cJqX15Y,-1,0.0
RE97LT26w8,0,0.2705858784556741
i99ZhFw6GN,-1,0.0
4xGJZkdjCU,0,1.0
Q3DtkFJ1Ap,-1,0.0
bzUdTkYrWe,-1,0.0
cy6MGBwToV,4,0.3319758362089277
pcwI5cNFJK,0,0.8293971243333687
VD22PY0fZm,24,0.7066427411884398
VuVhgEiu20,0,0.964656974417685
vvEVQrm9M8,0,0.3871402087515422
9lhijvd0fs,-1,0.0
h60y6zlPyl,-1,0.0
HkumwkgqJo,0,0.9227091115549344
q1W0O5p1w1,-1,0.0
g9sWQsqemL,-1,0.0
QBnfYm6Naa,7,0.797109520213604
fVgnP5WHXX,0,0.566689132759423
E0033NpFm0,1,1.0
IGKluZvI6J,-1,0.0
oCBKGw5HNf,0,0.6116616469412438
aAxk0cw6GW,0,0.549256559715681
1cURNMriee,18,0.2281469292294732
IpZbmX90sI,5,1.0
EbjFkpXMke,17,0.8354297179989192
5WkXhmvvgk,0,0.1937572010680811
8VkTkb6WL6,-1,0.0
Ig5mtZ8etr,0,1.0
JqyEIr41M4,1,0.2418016349101419
NWtkmDPAA6,0,0.7698216165220623
qu6mRbSnUs,-1,0.0
RqE5PlQsU5,0,1.0
lvDsc5lxma,1,1.0
YaQnKRtTdh,0,1.0
JRVZTACwb0,0,1.0
EyOtIOmMUh,0,0.9405029862937242
jvObbvshjE,-1,0.0
6TmLco2L2D,0,0.8074930673015615
c1snZ9dvCR,0,0.8074112614939007
1Y8MXuJlIY,2,0.8426978848891963
D88yhLFzDR,0,1.0
QKICx7eSMJ,-1,0.0
56Y2HRjPIp,0,1.0
RCeZ063p33,0,0.9796555493095882
nfxTpNiSMH,-1,0.0
WQ9rnkaUWm,-1,0.0
REKmD78Z0J,0,1.0
zaV9s8iM2T,1,1.0
VsDsRqaMJv,-1,0.0
Xzabk07lao,0,0.8911832091362901
tMf3keuPOl,0,0.7388191908613226
YxPI1c5e09,3,0.2344253193463091
7LulWI9QJy,12,1.0
6JIjL7kXzy,5,0.4519301021736986
zft0zTOFkN,0,0.6603823182862935
0MXUkBmm09,0,1.0
t0PtZOlo3y,13,0.8676863952041007
b7Ka31HvXU,-1,0.0
NABGO9Bful,-1,0.0
eGpI9rz1Pw,0,0.70107442645313
cx45ACt9Lg,3,0.7617265403251754
XDisynd63Y,0,0.9497057429607454
bzxlOyjWbU,-1,0.0
eS3xJTjSgm,1,1.0
9NHd6Z4aIi,0,1.0
RWWYSBfF2f,0,0.518115745122048
LiQH1MOCMs,0,0.4868535114890058
8VyjwyLuSl,0,1.0
5MGClYw1cR,0,0.9755038673921542
Rxdon7jWni,0,0.2142848356660822
jRnGy4ZzK5,7,1.0
ZTHYaSxqmq,2,1.0
SXxlb1miXS,-1,0.0
v04csnvCfd,22,1.0
5JcDVsV8pf,0,1.0
BE6QmLdJqY,0,1.0
diGiWMO95N,-1,0.0
kMPII4XbKC,-1,0.0
oDcAGSXZZP,27,1.0
jFaFCc5978,-1,0.0
YWE9na9Jai,8,0.686438761825492
2X0Fy0jqPa,0,0.9558824205315898
5wdssRcI2Z,-1,0.0
XNo4yS9n1k,-1,0.0
z5KTxW5sJd,-1,0.0
yGf8DSwR09,0,0.8946305641935012
HfdzglsZQH,0,0.7811301937842046
RDt0crdC7N,-1,0.0
LTgUInLTbP,0,0.9297625572454944
OmtKcee8NA,0,0.9927232615300384
bBUUOQI0N6,-1,0.0
YVZbaVikBp,5,0.4981032547818856
KtaHv0YUyh,-1,0.0
6LGyChG6Ep,-1,0.0
0SYkQ50imt,0,0.3873535194002143
u7jtLj46i9,0,0.8127258386520599
iT2ZisemFs,-1,0.0
BKYFAutCDZ,0,0.9037412126904312
WJnqeSPkQe,0,1.0
r4BrtJRmy9,-1,0.0
v7nDKBVRPy,0,1.0
KQ9KCDS4zp,-1,0.0
ZBlHEeSvKd,0,0.495626177035415
z9MxyboJ7R,-1,0.0
zuHs6RHQwT,-1,0.0
EAbuXJPKQz,0,0.8095042632197512
inEpyClGV2,0,0.9496092247450546
ceCJPoZOKJ,0,0.2070994781570493
2tqcROH3iO,-1,0.0
oBOVYRRSy2,0,1.0
YEakcHa98a,2,0.8625897460638937
4DbDJYnX5W,-1,0.0
q2JDxTDmJ5,0,1.0
gjiCml2CNG,-1,0.0
c7leN0pIQv,1,1.0
pzHuesCvcO,-1,0.0
v5ru9MGjsW,0,0.562356158654953
FNuul0hlin,-1,0.0
AsRB5nmlOD,18,0.3734403565966753
7Q1ApHpX31,-1,0.0
r029oluPS7,0,0.9808711676664544
2CeGVUpOd7,11,1.0
SX6nL00JvM,0,0.960654967930894
iSDKE8vec6,-1,0.0
ZK7dqwWxex,-1,0.0
Yokmj4lfwp,-1,0.0
QPEAZ182Ps,0,0.9037412126904312
usOkGv1S7M,-1,0.0
kn0AyMYw0v,6,0.9747734500291536
KWRKCXRwNg,0,0.9859381172565256
Tf9eoTIIjh,-1,0.0
VwPt1WDQNB,0,0.9891236991418316
tVRtDIwDmQ,-1,0.0
Zb0FzAjWN4,-1,0.0
K61Y6cTMRl,-1,0.0
DkSeM3AZVs,-1,0.0
FoVF3iL6o3,0,0.3122938175290954
2xS4VtpApy,0,0.6006840827140755
TUCHMVzXin,0,0.8798329521599284
pm4Bl3D6XF,2,0.8263405112855814
ividIRK8Ib,0,0.6317968253252255
hchAR53gA0,0,0.7844608335440518
NSKRyz07WD,0,1.0
dCWSVAbWXM,19,1.0
LrnZDU9g7N,0,1.0
XP3v1THxsq,-1,0.0
oQYq9L1NVT,0,1.0
OOQMahom6P,-1,0.0
W9Y0jtf45v,0,0.7447699263447413
BfyJanAjv9,8,1.0
sRLB4XjorC,-1,0.0
Z3lGbdexVY,-1,0.0
iZC5xoQQkX,-1,0.0
ycCi4SkzPH,1,1.0
eFB9VlI3ew,2,0.6487184111327455
MNqBFIGT8l,0,0.6322114232501657
pZM3BsyzbM,0,0.4737197891336009
ATewcZPbDj,10,0.5168932600394921
IBFnEaArnz,-1,0.0
QN0E0KX2LM,5,0.7984920177310423
IFjjzfkC65,-1,0.0
5k0AHYc4MJ,0,0.7224420220584727
u3aRwVkBv1,2,0.919782589311361
kSgZiAAwDU,7,0.9478458477882048
feuFyonHks,14,1.0
XMzxZ6h68o,0,0.90703463075722
drZzzGUlbG,7,0.6053686267956395
vDV912fa3t,-1,0.0
5fSkinHw7w,-1,0.0
f6AoMP75dy,0,0.4506126601480636
5xwyxupsLL,0,0.736109051075458
bRWkBD2BfK,0,0.9180516403374024
0NdS4xCngO,0,1.0
3CiNHxWcBr,0,0.3968889262047999
IQlcfc40Ja,3,1.0
qae8I9PSoo,0,1.0
3Hjfzh5Eyk,0,1.0
uJinTwXfbs,3,1.0
oAbaGU9N1X,-1,0.0
2mDquK2qMI,0,1.0
9Ia0KiVAut,-1,0.0
Or1pDhbSag,0,1.0
Ku3XdvO88g,8,1.0
6NczjqEcO5,19,0.6817067432774148
t2wMLGmcXd,0,1.0
vTJFQu5YXz,0,0.6109878788799891
Zf6Oj5x9sE,3,0.3755760417787219
KW7hQhOJiJ,0,1.0
FFmiWufVWk,-1,0.0
x6pqrvXgfY,-1,0.0
Xr73jEYG29,-1,0.0
RCXF0UEmuE,-1,0.0
m4rBrmNA9y,-1,0.0
l3Qq5MU5VX,-1,0.0
iI7zx3ETyY,12,1.0
h0LzGQq6uO,-1,0.0
NVDrWBwJTV,6,0.6472418858734214
Qabko39AS5,-1,0.0
1nL84tQNnK,26,1.0
2XelsPmKV1,12,0.2740497742146596
z4AMrCOetn,0,0.7567522214093246
IeM6Io4Rsh,-1,0.0
ZwBtDbuzjY,-1,0.0
5YDO8XjYjR,-1,0.0
GrPo8NTtzK,0,1.0
C39ShJwtD5,-1,0.0
Rx6m16By6l,0,0.8248139983676054
8YniJnJQ0P,-1,0.0
R2ZJSjLDJC,0,0.9824015259818236
nTfhNThKX2,0,0.7367906460529923
hUCgQWItCX,-1,0.0
DAyKP1tvwI,0,1.0
cECo8tetzF,0,1.0
0D3ja9s17M,0,0.8026819724193264
koZxsoeuAO,0,1.0
6uKIm4bfEe,0,1.0
gVKxz6M1ov,0,1.0
jH9TtAhMkp,-1,0.0
77Kw7b7EYb,1,1.0
Huw15LqglI,5,1.0
GKLePUzyO8,-1,0.0
ZAu7sADxfh,0,0.7700988791780451
SPLtr5UThn,1,0.8599373836836678
2pCTBJQLwF,0,0.6120777058171556
eRgYGhFRgZ,3,0.290373056085445
wUoK24u4x7,0,0.7962884609766341
H1PLlbFvwW,-1,0.0
sfqIc7BnwS,-1,0.0
9YNJ03jYsU,0,0.8888260512232348
Dn4He1IrUT,0,0.8302197107736738
V56unBiTHP,0,1.0
3iPmM7cLzx,0,1.0
4kTpb8pITI,-1,0.0
ZQ80jIrtzl,0,0.9757679422222312
cipx3rwfWp,0,1.0
HKfZwLjSwQ,-1,0.0
ewgZItWaHh,0,1.0
HvIRFV0J90,0,0.7861138195065374
jAoqtT58G4,2,1.0
8WKOk4U9R4,0,0.6821021732769392
X9diEuva9R,0,1.0
3KtPujOw5z,14,0.9878974591195248
WYnvP3DePZ,1,1.0
41bIzD5sit,0,0.996972591788891
MQVyuWBfSH,0,1.0
Nf8yfPDFTl,0,0.5969004657109853
UlpAIz6o5u,4,0.6768145341637558
P4KjfMrVNU,12,0.2740497742146596
D4hcJPkJ3y,2,1.0
DpOSndSOZz,0,0.8761226858560486
9I1XjEEtsh,0,0.882747358891115
8nOMhDFpkU,-1,0.0
u1HclHIsLQ,0,0.6184936565684652
A5O41ntKjk,0,1.0
Zc5Ntjt5Ul,-1,0.0
0fq8vYOnxi,18,0.4700803215644968
xjC5NqqSHs,-1,0.0
Ykg7dr6c1Y,16,0.6939105514210353
ONc9vWkwCp,0,0.4123862629747541
T62TYoF8R3,0,0.6797757360075647
7UbXEQNny7,5,0.5385867491621014
2aANZeYgxS,11,0.967924495199238
ZDpPfg9pDc,0,1.0
zDU5sfYK1Z,-1,0.0
FACJ0478oQ,-1,0.0
1mokb8ohOQ,0,0.9112029248061476
KYb3sw847W,0,1.0
qeL8fi8GS7,0,1.0
udHMDBrfTv,0,1.0
O880k3JoC8,-1,0.0
o7Z8TClGjp,1,1.0
gZjPllL9jM,25,0.7905327151669711
X51kYnijag,6,1.0
kThBNZTMaw,0,0.8346834283613696
Pe18madbPm,-1,0.0
pRysdfwXiA,3,0.3866566292328631
lswfDFAYWR,0,0.9067176680621484
ZSAWYtIwGg,-1,0.0
e7HEbUVryj,10,0.8371037900093439
ARZiMmb619,0,1.0
t2RdzbtBk5,0,0.6547846401685782
y2wt5c1Uhu,0,1.0
E1FrjgaG1J,0,1.0
FE91MHgEg2,0,0.683220806808899
QIXdI207nq,0,1.0
MU0JuT0A54,-1,0.0
uWMF3MuEk2,0,1.0
tY8ctrD4W2,0,1.0
LkqK19tqgx,5,0.8983651191482075
n5NZqzAITL,0,0.562356158654953
Vj48eXaQDM,27,1.0
5qdIdWflzg,0,1.0
oOUvejSBxL,-1,0.0
3CbwwCpsSk,0,0.644250804807979
Sz2i4dwDem,7,0.8819650702135908
zD5cUX67b9,0,1.0
Y5wMoIbdDs,-1,0.0
Bds54EfR9x,-1,0.0
K9uAbJ0DtX,4,0.246972956669783
yFjgV3cJje,-1,0.0
JMlYzOMDxI,14,0.6325772339395109
M5jz47umjR,0,0.9595996269637608
AOj3idcleS,0,1.0
D9JeNTs5Bu,-1,0.0
Mc0eJHZhW5,27,1.0
iydmH9boLb,-1,0.0
9fUr5iFU9j,0,1.0
DliPKnn6e0,22,0.3967676640263773
fUhWmqCnqW,1,1.0
RPp15Rha6J,0,0.8586451849838551
pCRm6g0RnA,8,1.0
s3maemwE5M,-1,0.0
EyNzLH7BZK,0,1.0
VUoY5kacG5,8,0.7004820623693485
8XVlFz3peB,-1,0.0
39PoZNT4XX,-1,0.0
CO57FDVLhA,-1,0.0
ja3p9Dylmh,0,1.0
Zrqn7ZshXG,8,0.5944969997075907
AqMIOl2JuW,0,1.0
IZ1KYTU9ON,2,0.6578880237507996
bdFJbP7542,-1,0.0
LjtgTpWH71,0,0.7155083442062715
mUcUY0f4u9,0,0.562356158654953
Gmwsy7TlFI,5,0.4677821643336959
nRiiQ6ftHh,24,0.4829659869333888
hVYp0WzyLK,0,0.8715296842901483
lEXyU72PpT,6,1.0
KXCJjzbmMh,4,0.2758710043889601
mnIox70nhO,8,1.0
v4AT18kysa,18,1.0
SjAHFGoUb6,-1,0.0
OwU0mgfKUi,-1,0.0
aPBBkHDK4W,8,0.9449966269655607
9YXk1RnC9o,0,1.0
ZTYlxJZF1z,0,0.5808933972521866
zhgfM0dJ3F,-1,0.0
7pufO0SJAC,0,0.6328671671919639
aAW7ibNYOT,22,0.8865885762171226
gkcU26BOml,0,1.0
mf4V1SK0np,14,0.6325772339395109
8a9bAZFeIu,0,0.5417418016330726
yOs12gdsaL,27,1.0
8mFVIRTr7I,6,1.0
SyJ3PdcokV,0,1.0
b7uniOw0sZ,0,0.702291692287639
Gp2vgxWROE,0,1.0
s3WyfnHw6B,13,1.0
b98ODdeYq5,0,0.7648216907790707
S1F2qhendd,4,0.3319758362089277
moiVS9AY0q,0,1.0
tahkGZjjWA,0,1.0
xPQyRmZ8hz,0,0.819036049842625
INqBOmwIpG,-1,0.0
MDWJlTWZHH,15,1.0
SP1zrF3Znk,-1,0.0
naAUSeyoZ7,-1,0.0
PESrAH82Zh,-1,0.0
j6vywikodV,0,1.0
5WKEH9LhAQ,-1,0.0
CwXyUdqFqW,0,0.8838908956836545
ZvqbNFWQkh,7,0.5887881144792337
EpEluUcQ6A,-1,0.0
XbAtacZeEp,-1,0.0
cnUq7GkS6d,-1,0.0
wFXvD83mhb,-1,0.0
gyeEozWwFO,0,0.9078503175370214
JzOZkxa8Wd,-1,0.0
gL4muAFwsh,0,0.6529398690935829
JInukYoZPI,-1,0.0
zDOo34mbpl,1,1.0
IhOgbtClHL,0,0.3373225927500224
bythzT0b81,0,0.6006840827140755
ODCHMTXKHO,0,0.9536469803967448
ovUuNzZZbK,-1,0.0
EAtSPyQ09Z,0,0.2922180894735567
XKVhXWkPbp,12,1.0
yjLew3Nd7z,0,0.5819984390060995
HtwKJQzt7R,0,0.9496092247450546
38GF07Tmtr,-1,0.0
rbodZQBfd9,0,1.0
3aNvX9TQTo,2,1.0
l4F50jpiVH,0,1.0
V3WQoshcZe,2,1.0
TGuWVMssSa,0,0.2979714112888845
IWEc6kpy8O,-1,0.0
626icWM1xd,1,0.2418016349101419
EZAotKVWfk,0,0.2967657330166909
ml2TynfZI0,-1,0.0
G1jrjumK1b,1,0.2418016349101419
l8razJItEy,-1,0.0
Z2lWGBx2v2,0,1.0
sTyrh0LjoH,0,0.7078240182511958
HbTxc6U1fO,-1,0.0
kA2H90nm26,0,0.8122279818822895
z2vJpjopJk,0,0.4273302072277489
41ZbysfW4h,22,0.8023103083576911
7FhWZFoVem,1,1.0
7x5X6gTCUH,-1,0.0
IMmYPJSTPe,1,1.0
PlQqwb7Bte,-1,0.0
nsv3ogqRIU,0,0.8338478794257674
lJSAtyx9Uc,0,0.8926650615726012
pv964N1RYb,10,0.8036614272075342
PhIWEbewAz,-1,0.0
WZQXaTNYEB,0,0.6251218394316475
NWQ8KeoWje,-1,0.0
9zD2i7YRot,-1,0.0
nJ5GhQO35W,0,0.7360759122810799
4AAwJAsGvb,1,1.0
fozfLcLAEt,-1,0.0
38n8pFvldK,-1,0.0
FxV7Fvlm2T,3,0.3755760417787219
WrYWolqKh3,0,1.0
dZRCZUvKPj,-1,0.0
IQ3382JnQl,1,1.0
KsmlBRhLgs,0,1.0
ZYXTLo7kCi,3,0.3755760417787219
uVxQEIgXfL,0,0.6516511104839586
erwwuMhTJX,3,0.3925716587566209
EeAHhNwXPV,0,1.0
rdGMyTPhui,0,1.0
o8n5oNDsiq,-1,0.0
0okFLZvtKs,23,1.0
n0QvMU2kON,5,0.7986636649848889
rzjWktciDM,22,1.0
xlQ4QUB9VC,0,0.5693187140089033
MaglIUQKVX,-1,0.0
jqDtzUQkmu,-1,0.0
8C8F4NmHfz,-1,0.0
msaLqsSTyF,-1,0.0
kGMRb4jbTP,-1,0.0
vLLYlSK6qJ,-1,0.0
DI2AAFnLrc,0,1.0
MbqPKsVe1d,-1,0.0
XjayhGBraW,2,0.7075793985648144
dHOSTp8MBl,-1,0.0
TbQCWblZAZ,20,0.9515103238496666
ifsyZYYDNs,-1,0.0
9JM03CQwzC,-1,0.0
I960M7VBng,-1,0.0
Vvb27TQzO9,-1,0.0
lC4WKmTScD,0,1.0
HIK0cjRp3f,-1,0.0
1lyKflUOhp,0,1.0
hWtvsL51hO,0,0.2206032920905346
ig4gfspaOq,5,1.0
0SRGbRbngJ,0,0.7367906460529923
eWxKpdAdXH,8,0.9143521095542676
ctsLGmMnCT,0,1.0
Pn8UB4PmbF,3,0.3975815164965263
TUh4GDposM,10,0.8371037900093439
vYgkWtq6F1,-1,0.0
C69741fMFX,27,1.0
l5N0P1UJKP,-1,0.0
x7t7B5CFHm,0,1.0
UPHlqbZFZB,0,1.0
kK8cFKu1U7,0,0.9699138780249976
IYVknFxsJb,-1,0.0
enhFXzKii4,0,1.0
CyUq9D99vE,-1,0.0
uL7lCOHtiZ,-1,0.0
NFuoxl5CCc,-1,0.0
AuOZDp4gy7,0,0.3393665674220352
lO7RGax6u9,12,0.2715622952152438
SfuH4dShOA,0,0.7711062045952143
Zfgvo65gxm,0,0.609254466083192
VCORb5Fw8e,1,1.0
qEfgajdKea,-1,0.0
15Bs3nTAYR,0,0.8195707842085209
k8Mim6RI5O,0,1.0
RIkHzQbpeR,-1,0.0
slVqJAI5sT,0,0.9227091115549344
Wlx38NK0Om,22,1.0
rMdf8jhLR7,-1,0.0
LPUr2CexmX,23,1.0
j6DPMcyjMG,0,0.7850036222286058
uiuA0ixKLd,-1,0.0
IOScl0QXf8,0,0.562356158654953
byNNv5Et10,0,1.0
LPWzV8zrgj,2,1.0
1OuhWYrwgW,0,0.6211834191207932
bA9rhgWOHk,-1,0.0
wbifKziqd2,-1,0.0
jHWCeU39Ft,-1,0.0
9DbkBqvuCI,2,0.8459774616847612
mzlwDAQkgJ,0,1.0
kQAnOaayIo,0,0.8283883565708385
Mt2UnV8jmB,4,0.6098202497546286
VvZBJItmtV,0,0.7084847004104163
VaE33hkqmg,15,0.8297040371004301
DsGrLE9gqv,22,0.3967676640263773
5BS6gBb4yP,-1,0.0
loVvFhfsDf,0,0.7741016343923282
TpdrvezvEA,0,0.4059504903748254
79GwCnXYej,-1,0.0
MoS4P8zieM,12,1.0
GkztRjE4P4,-1,0.0
Y9nxhKcgAA,-1,0.0
sWIbJWiEuA,-1,0.0
yeyaKpaufr,1,1.0
RGViRzEeme,-1,0.0
loznSxLomv,16,0.5753335560439152
jv7OHhQ0YP,-1,0.0
XsUnSped3E,0,1.0
Nl02znfTCT,-1,0.0
thVXtg7oy4,0,0.5618473719827162
75JiIa0fU1,-1,0.0
rVEzTCYfD7,23,1.0
iLbXyPNTeb,0,1.0
QHuqQeKIr4,0,0.7292077485204306
AYqtMLRwzj,0,0.8127439479647119
h0aA8xpL4U,-1,0.0
HenpVfO3Wp,0,1.0
rWW5wdECl8,0,0.7861138195065374
GmKpnuMUFC,-1,0.0
flIdch9eTf,15,0.7344216353862287
OJAW2mHVND,-1,0.0
MuhYHqLDZT,0,1.0
tIA46eoqhn,-1,0.0
PDgagkX9zj,0,0.7634540774696195
OKf5SSUhJF,6,1.0
6uwV6ytamU,-1,0.0
hAi0JapiZ7,-1,0.0
ehfIVCHxkX,-1,0.0
Wav9TP5SOR,-1,0.0
oOPdUnswhZ,-1,0.0
t3CfT2y2Ag,-1,0.0
9Zwl2Ly28N,-1,0.0
CDEbgwJ6ET,0,0.5693187140089033
VyjFOO9cFi,7,0.6334108816703178
Iyn0D3cFvt,0,0.7228107849729566
8JwMjKDppz,0,1.0
Auy2DmlJBO,-1,0.0
N2QBQh6HeN,0,1.0
arw2uk9Ica,0,0.5110829234078166
ariVQf0KZx,0,0.9527662502832324
ifMZw5fm7K,-1,0.0
yEddfz9SgJ,0,1.0
JxxKj8pow1,-1,0.0
J2NIeklAkM,0,0.5676884899129063
LpY1jgtk8I,0,0.9453926912020292
WFujqJ5UBV,-1,0.0
vMpvtSmtXY,0,1.0
alw3e1Qa7I,0,0.7385718359605056
ZAKpELpclI,0,0.3873535194002143
idxHcrwBYP,-1,0.0
hesM5BWtOJ,-1,0.0
A3ezGit0uB,-1,0.0
nqpbbvEZwF,0,0.6097340726586167
0E2Um9n3YK,1,0.907721988563552
FSowNqrLpp,-1,0.0
e2WesV6Voe,0,0.2070994781570493
0DaJaV4vRj,-1,0.0
UjSBOwKZ02,0,1.0
qup6v4WnYX,-1,0.0
dXqqFte3KT,0,0.9427661380588568
IrgQe6YjKm,0,1.0
EEZLBhyer1,1,1.0
icoV59tH6D,0,0.8242529892935584
ZtKXAbHQ43,-1,0.0
fXG1BvwqGt,-1,0.0
HFcQGutJJn,0,1.0
CaSQgef484,5,0.4631021415121232
PJOwQ77Mul,-1,0.0
kcmw3OH5bh,-1,0.0
aAhhMr0TX9,0,1.0
bSs0d6NLiw,-1,0.0
eR8raBLZW7,2,0.5570583178937966
15mlgnyaFt,0,0.5645652009695206
jiCLUPq5xv,-1,0.0
EXChZFno6e,3,0.3755760417787219
zQqDqfja4Y,-1,0.0
Qz3s5ANjnN,22,0.3873763786204477
DaNnkQJSQf,-1,0.0
7tmVW6ZMmU,9,1.0
rDqZjKIeda,-1,0.0
snmF71gb7Q,7,0.6345959525446615
TzHX2RWUdE,0,1.0
1ffIkWo0yq,-1,0.0
itXwzGwGFC,0,0.8909897584106684
h6D4Ns9LBD,0,1.0
fVs2BCjCqC,16,1.0
KAMsbarp3w,-1,0.0
P37GIj4wB7,2,1.0
s3LMqrwwHJ,0,0.762092078945276
LWuhOoHpo5,-1,0.0
0jQUNQsZra,-1,0.0
C5e4TGdCJ3,0,0.8576313555472171
uWj4s7rMnR,-1,0.0
o0HgWRmyY1,-1,0.0
fqsxfizLpk,3,0.2610464164245376
heoHY4vcRl,1,1.0
ustF8MMZDJ,-1,0.0
xQH4lDLIC0,8,0.7004820623693485
BcYfsMMpV1,-1,0.0
7CADRzMLou,0,0.2967657330166909
eK31JidsTN,17,0.8268250513827893
DkJImu7t3A,0,0.7514397324994396
S6SKa97Gm0,0,0.8888260512232348
4qVWY12KQT,0,0.970639874367209
4t8dYmu5vG,-1,0.0
TjWdyVWBAG,-1,0.0
vHaShO76T8,-1,0.0
zoNpnBlJWh,23,1.0
Zjq1CkKDGt,0,1.0
l2Wl77TSYY,-1,0.0
M1OqlaNrw7,0,0.9931507298163228
KmI7Mbctul,-1,0.0
IMzol5Ywsr,7,0.797109520213604
vqLoLqUUNB,-1,0.0
pkuVonMwhT,-1,0.0
16mDq7m2OK,0,1.0
LlEJZ7x0R8,-1,0.0
wGZPNMEHjP,3,0.854981540255194
Zfk5IoAtP0,12,0.800259820868068
uUIgxjWkCI,2,1.0
eQ79kT0QY1,1,0.9790578010766668
Kc1WTxZbrP,0,1.0
2p4AtivyZz,-1,0.0
mjZi8cV18P,0,0.7741977569943237
PdRf0O7baQ,0,0.9496092247450546
zZLfHw4Erp,-1,0.0
M4Laq0Y5WG,0,0.9410415075405912
p5PFCVsXWf,-1,0.0
DwXX8c7xst,-1,0.0
FNYFSolinQ,17,0.6827617561089758
RIL1vOuZOC,-1,0.0
QjJHUR0sXU,0,1.0
pNwiFucAtA,-1,0.0
9q6sNvAaqO,2,1.0
yqBIKzTFT8,0,0.6941523306030944
NG7kM4wxaN,6,0.5303453714466052
U8BwT6Rmw4,11,0.6005622002721671
nFc38gSYze,0,1.0
wq5G71w7Zx,0,0.5676884899129063
WCRPgBpbcA,5,1.0
InyYuWLWHD,8,0.9510886320381418
sUjwDdyspc,-1,0.0
sm2e1SnMK4,-1,0.0
9YkEcAqiIK,8,1.0
Gsj3oN2Ipy,-1,0.0
3zx087XPtz,-1,0.0
BLLixcuZgl,-1,0.0
MRvxlTlkNQ,5,0.750036969460353
KstkQi6e7q,0,0.92326350620007
pFFFRi2TcC,-1,0.0
DzQ8Dvt5qS,-1,0.0
HCSjARBq5T,-1,0.0
by8N8HCqAG,22,0.3967676640263773
n7FPVDWI6C,0,1.0
tJZKaDSSTX,0,0.6254359534043075
ZYHzcZFEGD,-1,0.0
hLJLP3CmHR,-1,0.0
vyI84ToW3q,-1,0.0
lqm1qJ43Sw,21,1.0
cujJ9AXZO3,2,0.9549685642340467
1n5TJh3LEb,1,1.0
dg1npGNK0d,0,0.1222664132403225
LPAqolHp9R,0,1.0
vhnDpzcaO2,-1,0.0
MVYz4GmcUH,0,1.0
D1Iw4Unvfc,0,0.5930357793211481
aoVCFtox89,0,1.0
Aiqtzn3Qo2,0,1.0
UQjhremICx,0,0.8796543997255402
lUHwUuQGdV,0,1.0
bct6UQcsiA,-1,0.0
0EILv1HcmG,23,1.0
o4opuUiFCP,0,0.4202685302760703
plpAecfkf4,-1,0.0
AmZ7uHDJiR,0,1.0
FzfYoUp8F1,0,1.0
OGgV9hpVGD,-1,0.0
RTzbr0k56C,-1,0.0
Fa0kehLK6s,17,0.7797062070638534
SurremoXPu,-1,0.0
3oh7lBEF7X,-1,0.0
yb5JOOmfxA,20,0.7696190130946862
Y58JfHeQhH,-1,0.0
xkGxogC2mF,-1,0.0
ddyJqXyCxE,7,0.5122650844047504
aWWRPyGMie,-1,0.0
9dtSxhfk7w,2,1.0
cHMP2IAhML,-1,0.0
Q8m0TkIpJZ,-1,0.0
Vk2sfKAdeu,9,1.0
CRyOyiVvvJ,-1,0.0
otIdC4tsYf,0,0.5303311763304044
nOv6z9RHA5,-1,0.0
4QVLKwgg3S,-1,0.0
iJ4i5HE5ER,-1,0.0
MZwGG87Jev,0,0.2967657330166909
ja2wA4UncJ,1,1.0
q5L7jygjpi,-1,0.0
jOsuKwiCL0,0,0.9288186317115866
Hk4cCTukeI,-1,0.0
pG1Y63MqHm,-1,0.0
Quvnn2o17a,-1,0.0
uG8bjnN1Nl,-1,0.0
bYF7Gvv0s0,-1,0.0
u8SXX5ITE6,0,0.8639015094690592
18GBPdnuXs,-1,0.0
ul5mlXrLZb,-1,0.0
GxGrGswvND,0,1.0
dpllevHMbc,-1,0.0
jQH0gdwsuT,0,0.9354871173789508
JbJVWljk7r,0,0.8614193749650478
vUtQFnlDyv,-1,0.0
tDT6HF7jK5,0,1.0
Es4s9dtCjR,0,0.7861138195065374
w1x9WMMHvi,19,1.0
uCaqkrEXEP,0,1.0
px9GwMjloi,0,0.8819054804274035
cvFFar8cAr,27,1.0
ngxGNQE1M2,-1,0.0
2afhRWVb6p,12,0.236136305164681
p27bSdc3FS,13,0.2760488334238064
rIwUDnRGky,-1,0.0
VjjJlJ5qik,0,0.9307839546761776
xiP7TZG58o,9,0.8662041890553833
ciEdnQ0bLn,0,0.8027558680420871
sv41aaGTit,3,0.2583918262582376
VkicTqszOn,0,1.0
zxZPpVoCNO,-1,0.0
SoA8rMxDaF,-1,0.0
zdRW39Tc3C,-1,0.0
XKnOA7MhCz,-1,0.0
2EJrs3gUO6,0,1.0
hb2DeWIkmE,9,1.0
WlrmpjocNe,0,0.2967657330166909
kNoh1TuV4R,0,0.8037563123144273
3Bxn5XSgrO,26,1.0
cWnZLIdeKn,-1,0.0
DbJ2f80JF8,0,0.7443635044448687
MQJGqVeDd4,0,1.0
3Fs64f1Li0,23,0.8147216323334951
tO0YJqdgV9,20,1.0
R7HJj1YvJH,0,0.7507812780114845
hNjSvgFTbp,0,1.0
AQ21krZgax,0,1.0
zb16xZ1NGB,-1,0.0
evTXNxaH0f,-1,0.0
r8UWp9JeJi,0,0.9748715295027248
yNqyfNSoY6,0,1.0
UdOEZgWJLc,1,1.0
q2cFqXOj3h,0,0.3168399602653389
cnG7h8ucip,17,1.0
d6WUTRJqP3,2,0.6672613451626542
FDX7EB9CDv,0,1.0
EDRvVEqjau,8,1.0
aLUAzLDIOc,5,0.3698560123053899
0wV5HR7M4P,9,0.3955586187418041
08mjueZ0Iq,0,1.0
9loSPaBwGO,0,0.9377888387820498
GNDgQie8W4,-1,0.0
8ROJA0ty0V,2,1.0
crczm2smVo,0,1.0
efOq8wHH9o,0,0.2467989707786824
VIf1Ygh1Pv,-1,0.0
T3ReIjtbYy,-1,0.0
4TP1SuInE5,0,1.0
yflq8Bhjrw,-1,0.0
5fKXeqtBuB,0,0.5676884899129063
HDeIb67lJe,0,0.9370703340615196
gfXBNBKx02,0,1.0
ioYzPQb7cL,3,0.1982886355347233
UPELg2oUo3,-1,0.0
KFPTmlW6ec,0,0.7848292022226258
n1XlwRmF7v,1,1.0
19ygs48nOa,-1,0.0
rNcIJi7N65,-1,0.0
Ix4or1zPZw,6,1.0
aXpbgG5z6I,-1,0.0
RldcKC2ybn,13,1.0
dX2BTCD02T,-1,0.0
vLUW0OZGWD,0,1.0
yB5L6ryIkb,0,1.0
65oFEAP42P,13,1.0
4zhhgKkVzY,-1,0.0
Daqfkiy6z4,8,1.0
HIV6t8BAZY,-1,0.0
OEawM2coNT,-1,0.0
zZecO3RZ7Z,-1,0.0
BlcTbgxr4Z,0,0.7992839098019084
AlRJVX5CRi,0,0.5276007033350096
S9YexPytpi,1,1.0
RnbJPkakkm,-1,0.0
6aaixHco6C,0,1.0
91H9CSvdwl,8,1.0
bMKUD39Vcc,7,0.797109520213604
YAc0O13qMc,-1,0.0
n33JVwCz38,0,0.7714540592616342
TFhV2J2ZlA,3,0.3922387392098899
6IuURCuooO,0,0.7367906460529923
cbWApYUvZ9,7,0.7346115135426785
tvEE9KQcLi,0,1.0
P382qaxvjc,0,1.0
OBaK9JSbHk,0,0.7367906460529923
B7Bc9xzl2o,10,0.7786891406836347
e8DrPuJekZ,-1,0.0
NxlsOnkGYV,1,1.0
qsYbytjmQK,-1,0.0
gEpXPbX8VV,0,0.6547846401685782
qFC728XyeM,5,0.7984920177310423
LVPq1j357N,0,1.0
AQnjBIFCBQ,0,1.0
5TWdcO9h4O,2,1.0
SkdhLeuq8P,0,0.6160577223741309
d4Y576ManB,0,1.0
hfKPMjiDnv,0,1.0
8wvOMQ2Olw,0,0.8888260512232348
avRktRfQ8c,-1,0.0
ac0TVbBLBh,-1,0.0
Rgk129n73h,-1,0.0
iEegka1gfw,0,0.7387838324448022
1gCUv4SzaZ,0,0.818921689171075
YtmfBtIOPQ,0,0.1897282022323151
GNWAJcaUrV,-1,0.0
7yRwAEWxto,-1,0.0
MtyF5hCI7Y,-1,0.0
FfccSikDfZ,-1,0.0
CGTnDiL01P,0,1.0
Flntl1YwZg,0,0.9159002779017092
QcItn1s1jO,-1,0.0
C7BIQRM57T,-1,0.0
V4oTkK7cQz,-1,0.0
kp9B9iQDIt,0,0.8252484137752151
FrdX7K4Gli,-1,0.0
22O1ejTxj3,14,1.0
AJAEHgM8lc,7,0.8092088954484425
bjoHB7IN6b,0,1.0
KkONOZwvSU,8,0.6644239191225106
wjXKFrUFzA,-1,0.0
Mgug9GUNy7,-1,0.0
SbfdxWibDn,0,0.5808933972521866
qGW1GulvFH,-1,0.0
stUD2uNafM,0,0.6353097514157716
ajBIcOBcKV,0,0.9037412126904312
I3V0NC9BQK,0,0.6037101151459678
W2Ntqsq97T,0,0.3839547020723479
VCj7knCJhn,-1,0.0
ngtFOxkQ8b,-1,0.0
LujP8dao7o,0,0.7651205154481108
4MKIaHbmGO,-1,0.0
I64ZLbUP6u,0,1.0
PLBVtJt4td,0,0.8741817572729749
BWpMTkRrEO,-1,0.0
s3IT4Qo7bm,-1,0.0
mbmGNCFc75,-1,0.0
PdUdzvYzoH,23,1.0
6AbM9UG4aD,14,1.0
bV5is3iodg,0,0.6899122836422279
jneVld5iZw,0,0.9153468865132138
nhIJe0dgRs,-1,0.0
zKV3CN40tE,0,1.0
dAwKePZvcN,-1,0.0
0Zri6HSYaK,0,1.0
m0q8NfGWnv,-1,0.0
e0HQiao2F0,0,0.9685194794290596
xd7cXU2P4G,5,0.7965106234918861
BxRsXqjWft,0,0.978586262692808
utA0BT3BKF,-1,0.0
hwEhsFLPh1,2,1.0
ycnc9aLnQu,0,0.7447699263447413
Ap8OIosN8p,0,1.0
CABcYH1wKM,0,0.6116054257078287
Kz6eUL86XP,-1,0.0
heIh4lkBEd,-1,0.0
fNOCsycDG4,-1,0.0
DO5LtJc80w,0,0.8984087239800067
wHsFqmM1rp,18,1.0
XougXwZAHI,-1,0.0
axlGOT58e8,8,1.0
ub5QBBQ47S,-1,0.0
5RIop1E1ga,-1,0.0
bAJCfIywYl,-1,0.0
SOc0tHCewe,-1,0.0
foy0BWzOFL,0,0.873386039112777
feAzLLT9to,-1,0.0
16QYhVFvrO,-1,0.0
JoBCAKbCpC,-1,0.0
zlRvBwWFII,-1,0.0
9GHaLDORNL,-1,0.0
UkR2zO5uww,0,1.0
nTc0LSqtqE,0,1.0
Zj0L8xIZYP,-1,0.0
Ldni3xeyIa,1,0.8430256655240679
aTlVrJRrNg,-1,0.0
rgrpS4SFNF,7,1.0
aHAMUEsQLc,3,0.3309058797716197
9KIvyH3L7c,-1,0.0
F9jumRh9iu,0,0.97866438755702
WO7rfbEGRU,0,0.4564391475047876
KDKddNgeKo,-1,0.0
SF2POTDz2o,20,0.2848447224340334
w1b2Jqemj6,1,1.0
8PHOPPH35D,3,1.0
5aaQSJYX3D,-1,0.0
Ag2vRsIIQ7,7,0.7130679174205012
yPsJ1PKiAi,-1,0.0
UuHzyclzYR,-1,0.0
hFsCuVc1cB,15,0.8973775067009734
Ll29PmM3UH,6,1.0
KsmgnL6PUb,-1,0.0
bzjlMvUKDv,0,0.8576313555472171
tgwjgDoaQq,2,0.8095697584814557
IJryQAOy0p,0,0.7861138195065374
q06YjUj0FB,-1,0.0
xvxgG668th,-1,0.0
ou2TWBW4zm,-1,0.0
efDNv5XvVo,0,0.6009717402088782
1m177EsP3V,0,1.0
At8OUlyTOu,0,1.0
YwMHgqHYyT,11,0.716231231804686
STsjfx2cee,10,1.0
7Z3wQSu3mH,18,1.0
U88JlpY0vR,-1,0.0
B1s8d9pqx4,5,0.6738989468703959
OIH3T5ZPBW,8,1.0
M44RvNMZs4,2,0.7601031308764953
QH2xGLgObM,0,1.0
dR58v9Dd42,5,0.6367555653094913
O58KDUfB4x,0,0.8782997883912015
HWTdOSKK3n,0,1.0
MZoOpD9NHV,-1,0.0
IoSLbwZkal,1,1.0
qeivJh0G2j,-1,0.0
zVkbsGlKn9,12,0.7052197556119293
pcLsaspXSi,0,0.4750519928342141
9aElHWiZ72,0,1.0
9Ook5bXnPr,0,0.533136629791826
5XoqKCmkS7,20,0.0833148137350395
Dm3DMOcKIA,-1,0.0
021PIPyOU1,0,0.8412842160252847
qr5uMEs6iR,0,0.5738629924085892
p7WHZy8TCG,0,1.0
WCPAHpVAUp,1,1.0
SVHerutWxp,-1,0.0
xL5kQNdN6k,0,1.0
ZnsR3waLUo,0,1.0
6h7HLx1kbH,-1,0.0
sXpyn3lAb5,1,0.6814088962737397
PFsrhWknXP,0,1.0
RespmwOoCH,-1,0.0
KPlskOuZ46,12,0.3110875117312024
kVz9uvqUna,-1,0.0
YexxvBGwQM,-1,0.0
qYDBgSeAlU,-1,0.0
oVDAfLuRie,0,0.6592020732723309
ugBmWX3H1R,-1,0.0
z2SGaPIhLT,-1,0.0
Pe1ypX9gBO,-1,0.0
JwnAItQF9v,-1,0.0
hQhAPGCtPo,0,0.5696431695758716
D2XdJf1tXW,-1,0.0
x9ozsFz4yK,0,0.8204784175728543
um4aiicz3L,17,1.0
a8sJEH4Cjb,-1,0.0
lDh78hf5Vk,21,1.0
2YPypUwWIv,0,0.9351061988041952
l1DDTSqFq7,0,0.8576313555472171
K7s0lIjhWx,3,0.510720755408005
hVFtXE19Me,0,0.6207551866772437
SJPq1xBPHX,0,0.533136629791826
H26A7cl91u,0,1.0
lwOV2ACEK9,0,0.8317896642020707
87c2JwNJa0,-1,0.0
Dt5vRmUjAv,2,1.0
ZdmmOAN4h3,-1,0.0
skx3QgGKEF,1,1.0
RkHUDvy9QR,0,0.5498209662147933
BbWrp6O8Lm,0,1.0
wWSVjaVZBu,0,0.4976406361329388
idnW3BiZcV,0,0.94850183940707
paRLw86ONU,-1,0.0
rl2aAyJfQz,0,1.0
xgTxQe3CNl,-1,0.0
dgQRSJdo6a,0,0.3387029687959854
5iAtDpkSZQ,0,1.0
AXlquRUO0S,4,0.9590859127222834
SAGZBti9lj,-1,0.0
k1sAEsMeyV,-1,0.0
de3kwOXQ9e,0,0.7937159000376476
VBx4yMNtjt,-1,0.0
WJujF9An5L,0,0.2967657330166909
zWHKKspghT,0,1.0
UAc6RL9Tt4,2,0.723830447971254
lRkeVFL85X,24,0.5970106607213008
jvVQeSMeGM,-1,0.0
NwLOIEi9vX,0,0.8302197107736738
NfBrMDF0Xi,0,0.6099190922543125
NgLFQTBPRR,19,0.8659098873825423
4tRMm1JJhw,0,0.6578521792623914
vaosMuNvOt,0,0.7017991457195443
8Flpo0zaaO,6,0.9389801480079996
tYyzs6nFgM,1,1.0
LMKYd9JHgU,19,1.0
uIQX0IA8nq,1,1.0
4HZaFk9O4r,18,0.8350700223445509
yRxX01oRIi,0,0.8397277148355475
Lq4nneD2xX,1,1.0
kkhRTTmXFV,2,1.0
cdgVrsu7T5,-1,0.0
lC7q2cwpov,-1,0.0
x2BsIdJJJW,0,0.88707513472093
2xeYuWd7WZ,0,1.0
cIGfKdfy3N,0,0.7861138195065374
04ZLO7bIvu,0,0.9549335320609976
W1Cu6JsRsd,0,1.0
E7gH8L4yHi,0,0.9385637466389636
ssocZIfk94,-1,0.0
irYb8GGDyh,0,0.841243087131158
A2pmvkqOgp,0,0.5010305425834215
FIfjDqjV0B,0,1.0
sTR3xGGU6W,0,0.8996042343696407
vqoiuHbOsG,0,1.0
Q5bJZArYUZ,0,1.0
m7uj1vIZ62,-1,0.0
HThoCI90b4,0,0.6545160039883668
raZEmZ48h4,-1,0.0
B5mEYUJi85,0,1.0
bTclOYRfYJ,0,1.0
uBEiZd2P0K,-1,0.0
UKJkad8aUF,0,1.0
1KTnLdrBR2,-1,0.0
JyxsfFEiua,20,1.0
7dJfwHG3GN,12,0.2740497742146596
IXiCBWNTRr,0,0.4491068799651784
j42rziWq1n,0,1.0
0Yu0eNdHyV,-1,0.0
miCXNqXyVS,5,0.56193417346533
D3RUIzJxvL,0,0.4702378160617868
t22zHB6yQ0,-1,0.0
PZaxCfLGLA,10,0.9060562318232832
ILP0eZAor6,5,1.0
LmcTbBvgjP,0,0.4564820183571781
hAZ3d3tsDd,-1,0.0
3pORFyKzh1,0,1.0
ngBOb9wSYN,-1,0.0
5B3cyuEpOc,0,1.0
VSir0FzFnP,20,1.0
b8XmjZmsN0,-1,0.0
HPmDgKOlM3,0,0.3972186738878923
pzAeKALSfX,0,0.2108399636486556
PNU2mPauvd,-1,0.0
l6C6Pw30Gl,0,0.8748536480241372
z9xyREqxzq,-1,0.0
mcYO3DccbQ,0,1.0
DALpFQM3rE,-1,0.0
KqhMpsWiz2,0,0.6517386444121014
LtIk57nS8v,4,0.4749161883147275
fyp34w19N2,2,0.8262340190463698
OiC78C68sJ,5,0.3146925088415863
f0660KxvT2,-1,0.0
movsqor65f,-1,0.0
FZp6cheXt2,-1,0.0
imO353Gyrl,0,1.0
kOmJnJpfRW,0,0.8164621012455203
h3dbocj7po,1,1.0
LCFYj0R2rH,0,0.8888260512232348
8QJjRy8Jwl,5,0.4266069925271985
n6AfpsbD7n,-1,0.0
pdc0yEoOj6,0,0.86062178168476
NLf5qt6sUe,-1,0.0
3Cr6C2zNKw,-1,0.0
sLNz60fJFF,-1,0.0
rdp1dLxyMI,-1,0.0
aDTcN3yZGE,0,0.9322281040900116
kfB5Ciz2XZ,-1,0.0
LuKlBH8DAT,-1,0.0
jZs26lJ0pl,0,0.9502820773957756
uS4Wmg7PmE,-1,0.0
e40dYCosQd,8,0.7004820623693485
QsQGMijLhL,0,1.0
qR5B1Es9Ty,-1,0.0
Dr06Wjh45k,-1,0.0
csjryswwao,0,1.0
qILtlupwrR,0,1.0
BoYGLpNXZd,13,1.0
xgiMK8FtSI,1,0.2418016349101419
gwBqVheRiD,-1,0.0
pZIeK0Xvph,0,0.975770584239667
X4SCxcgb3O,-1,0.0
Xll01vw606,9,0.5406753986482862
nOZSYSdzOP,1,0.3755226871331951
uwL0vbeEVn,-1,0.0
9OyMsbuzL5,-1,0.0
O1abxStFcy,5,0.7984920177310423
YJxGJP8feU,-1,0.0
V4YAS7NLXi,0,0.9496234539924144
5TTUwJGqHT,0,0.683220806808899
s3Uk3lrfjy,0,0.6926314571581348
7GwcxPIkip,-1,0.0
po0eyoYFUa,1,1.0
Ynwl0V1YH0,0,1.0
vN3ZRS7L3I,0,0.1460258961050152
ThgoX1dMeM,0,0.562449648550689
tXnyVPNOfa,20,0.5449524508601681
FU62P5IXhK,0,0.8687282307594804
lNPo3FAMsl,-1,0.0
qMRFNxioPC,0,1.0
rH4aGTL4jY,0,1.0
1qKvZX4qnp,-1,0.0
fnkkY7UGRl,0,0.8969390173468231
NRvxzOdSPU,0,1.0
7YKbyBb0kF,0,0.5814879333358198
V75MK7uh67,0,1.0
N4OFsehhi7,-1,0.0
0NexR6LDiG,0,0.975770584239667
RvCzlqwBXU,0,0.8528512784159076
zjQLUiguRz,1,1.0
eXO6g7BmOA,0,0.5612936849136062
KxPBABa2pl,0,0.9037412126904312
TxedB8hI5O,0,1.0
eX5aXfJQZc,0,0.6542871530734183
t4irkwEXhr,0,1.0
daZ5x88IiE,0,0.6468651999823446
knPz7gtjPW,-1,0.0
OROkRBW6cu,0,0.5570586987398803
tcisuhGsQZ,27,1.0
k8WbT6f36p,-1,0.0
D4gOopmVT2,-1,0.0
4OsgYD7em5,0,1.0
q39uZC6RSo,0,0.7558676020936314
LyH2ISbOV8,0,0.8249042496636444
tqriGodQ79,-1,0.0
e85xf2d17F,0,1.0
fbTGCEfztk,0,1.0
fCCzufIJHu,0,0.7063362974459654
g2AAvmBwkS,0,0.2967657330166909
WPHpBnKvdq,-1,0.0
Tdl89SZItB,27,1.0
jM4ULVYF66,0,0.9645482594477516
S9E1nfYPwl,17,0.8600390680908107
FBfN5tYl6b,0,0.4399369763647633
gFFgCWiXWI,-1,0.0
Wk65okms3T,0,1.0
qXSFkP0ELS,0,1.0
COifgrjzXR,0,0.5569027208508758
jReV7xyjXy,9,1.0
9ccmoYhZue,-1,0.0
GuvQJGgbLm,0,1.0
8EWo0gX5TW,0,0.2070994781570493
hfOgywCQ8j,0,0.758050600520525
9F2Cmgo17M,-1,0.0
qR7zsUhjZv,0,0.4567754488897586
T3DF4yxcPz,-1,0.0
e7jNIna1eP,-1,0.0
EOgaGafwv5,0,0.1851675051967289
05f6PdEPs2,-1,0.0
0JSolJVzjd,1,1.0
FVtu7yC7fY,-1,0.0
cEd00CXWE5,0,1.0
p6Huickfj7,-1,0.0
ILZ7ZPEHD5,-1,0.0
e0Pq8EZx37,1,1.0
vRVfgcoeIl,-1,0.0
xYik0sKYVo,0,0.5799674697950753
eHRFb3DSZS,0,1.0
DcFoi71Fgf,0,0.5419555015821865
onhjdWCxZY,0,0.9814844128195942
3XuUnUEI7e,0,0.5669781352332443
95j8fCs9n2,0,0.672945398428642
QQS7TudonJ,0,0.6024623089368387
3Cpw7YftBm,-1,0.0
KrzTGSqnK9,0,1.0
hdT7UC7oG6,0,0.8302197107736738
ZHoryZEpvl,2,1.0
xMreCfgWok,0,0.3186929032778557
PspS5w3MC8,6,0.6909615141540199
KlzLtQV64O,-1,0.0
Ei6IsmxYrb,-1,0.0
JlVn0XRpy0,0,0.7607769285710664
D9jXj7nceM,-1,0.0
7M9JGaoAeC,-1,0.0
xUx2B2NHvj,0,0.664758148812544
lGUzCAdYoq,0,0.4726004337356334
ls5L4IMEwt,-1,0.0
Jzr9VOiJYd,0,0.1927736510778383
M9JmlA6Cgf,-1,0.0
4pUumnQxDG,0,1.0
rc3XO4RARL,1,0.919573721968326
CAz7UGRdLs,0,1.0
XVm8KOO3Ri,-1,0.0
lVV7F0piDK,21,0.6099226177767623
xFDKphWWnD,-1,0.0
MuxBO5f8mL,0,0.6438520212359662
9e2H9DhKPa,0,1.0
3JUhkxVlyF,0,0.2922965945937862
t8YRsWY6HM,-1,0.0
oGmROC4e4W,15,0.8499170054335534
Jz4PENUsRo,4,1.0
P63bBMXCIH,2,1.0
eMu3uKRRbZ,2,1.0
YFZOIra4OE,3,0.4486136198587686
Oq7Rgvfqvj,0,0.9685194794290596
VpRZIRjWrS,0,0.8888260512232348
ifneY2bnlQ,14,0.6325772339395109
E3bMQCKgiX,1,1.0
1XLjrmKZ4p,-1,0.0
H7e5RpeIi4,0,1.0
eafIjoZAHm,1,1.0
XO9fhSZkBh,0,0.554578817714756
4IIeoaNZ3a,0,0.8299856859254415
5GaDcRVgBw,0,0.8273221490210048
mUJU8LmhZY,1,0.4954716297738746
SNJhYhO3a9,-1,0.0
5b5wZg6Zeo,0,1.0
WCenI6RU9s,-1,0.0
cWEssTIwG5,16,1.0
iO2wfcFfHK,-1,0.0
77zz0JTNjn,-1,0.0
twSE0WA1vh,0,0.7871310398045591
tD9mebUimw,0,0.2734565580886202
PWdWmw9wh0,17,1.0
oLGtPYdRzU,8,0.7004820623693485
ipEqdzO2IT,-1,0.0
y60FhgO07j,0,1.0
VeZkY3JjWV,0,0.8482737987862465
Phrzarx9NG,0,1.0
bChA28jPpm,1,1.0
aE0bCvXXBt,5,0.4542535810531068
bd8kppxyB3,-1,0.0
l0kR6m9NDT,0,0.4982678777008419
Smy93p3NCT,5,0.9788491675041696
Vo2UHqMu8t,-1,0.0
0M2M2EVreG,0,0.2068412266479299
8Vy1x9IO0Z,0,1.0
oPRNsj8AMk,0,0.566689132759423
Ar62cqTduE,5,0.4522174195869525
rIudtwY0VM,-1,0.0
AhyjbXSmUN,19,0.6208306005110148
9wQNsSiLV0,-1,0.0
DIVHwy7wfh,-1,0.0
Qy5vFFeCZW,25,1.0
EgH5WYB6my,0,1.0
F74FXkicGK,-1,0.0
qGFvTIMS3W,-1,0.0
j38Cb5LlaY,0,0.9842959865812398
UXTR6ZYV1x,0,1.0
CGLoEvCllI,-1,0.0
AD8ksC9bw1,0,1.0
bjV8Y38aFF,27,1.0
aokiuaM7Lt,0,0.7970290761826104
rYeZkHV3Yi,6,1.0
qDJAqZ655g,-1,0.0
p6yplmeC6F,0,0.5149307222952686
4E3I17pNEl,-1,0.0
Hmepi1Fm2g,-1,0.0
oaWpRaZ4jj,-1,0.0
yJpBVE4vfo,-1,0.0
efuY2yYC1U,-1,0.0
pc6M9h3T9m,-1,0.0
g56WiaXKGF,0,1.0
0KnFWyzrbj,-1,0.0
aqtVpWl0gI,0,1.0
lMU2kaMANl,5,0.3693057065241998
UxzfzqgnpZ,1,1.0
nNurcq8RD4,-1,0.0
HOa6LTIjyn,3,0.4972897685919779
MGvhGFCFNK,1,1.0
lYOOHqfM46,-1,0.0
S9Y89poypx,2,1.0
0vJJdEiXOb,4,0.2590304639654873
neZSGqhxDa,0,1.0
aXAkNlbnGa,9,0.8511777372630343
juROy8NYRD,14,0.7414893893510105
XOIKLlSiDq,0,1.0
67xkPEM3bZ,0,1.0
tM5mjMfFmS,0,0.9745246817219928
5KuiDLT0rm,20,1.0
VJn4UKnEYS,-1,0.0
5UMRGlcatB,0,1.0
1rUj9ZN6Bz,-1,0.0
ZnrM5RGrgR,0,0.4777284493540559
H1NGlLNaVC,-1,0.0
n4V3MSqK77,0,0.8537264542121702
VmM8JVwVqV,7,0.9146207450218408
CA1xVSvn72,0,1.0
nUFGbRWl5W,6,0.5726150638546628
TtYJeYAhC4,0,0.2811349703010515
got7rMaVin,0,1.0
OGxalNUHbJ,0,0.8017540652722976
HMVQ00vabY,4,0.8152666905278272
22CqLfjiVl,-1,0.0
mpRWBiVVkS,13,0.0821924858187256
sCgYsBVIVG,14,0.6176041406218755
WF9AyBTIjw,6,1.0
SVGkn64X4m,-1,0.0
3q6lJTN45T,-1,0.0
REHjkmWdQL,-1,0.0
6iRZvJiC9Q,-1,0.0
z5FGi0vyCr,-1,0.0
piM21sPyVL,4,0.5505160656331273
VPPqfZWsuO,0,0.6468769066180012
zIbNGkaYij,0,1.0
EdKl4PulMX,-1,0.0
tjXtcZjIgQ,-1,0.0
BNWR4JOmdT,1,1.0
J5XXBS6wPz,0,0.8601153997471629
fLAoFt2pea,0,0.4956864630480079
5OnejG2SQH,0,1.0
vcB1OwtWUZ,0,1.0
OnViSNPqbT,-1,0.0
tiGFiCrmKm,0,0.4417006263002774
zwmq0MsIMG,0,1.0
2iNwD8EzOr,0,0.3653008277149679
ErEaq1UNaQ,-1,0.0
ujg9XKwqWT,26,1.0
tMBPJureSx,10,0.91348728975853
ccHq9OScXW,0,1.0
uBaFH7aQnC,27,1.0
4FUM2hlyYx,1,1.0
iZk78dZ1Ap,-1,0.0
HRBhNqkG03,0,1.0
CBsANtjBV4,14,0.7530278674948669
DP7kUjUltX,1,0.8262167006362958
A1Zte0ixms,-1,0.0
0kAfwgpeug,0,0.6242830363584546
nHkg4yc7SP,0,0.7587348344442326
TyW1V1KukG,6,1.0
sT1U2enBh0,0,1.0
MaJ3ASZ0NI,-1,0.0
H7vg3IgvHU,0,0.6570955262025625
u2GzxdWLFW,-1,0.0
cot6mZPkWo,-1,0.0
MddNT1GXbi,-1,0.0
mjhCFB3HLQ,0,0.4696057324600343
EXqp8sA37r,20,1.0
P23UMiw7iJ,0,0.8586086527926523
tKPqbamNb9,0,0.7293886485266948
5pHfYe10iX,5,0.7984920177310423
emM7U3WKMO,14,0.6325772339395109
CJ00kttEjh,0,0.8576313555472171
ioXn68lBjO,0,0.546533173654195
sJbA3xMx1B,0,0.3490912149127871
MDUt8t5b34,-1,0.0
LfncIaLHnI,1,1.0
Gz6dujD5j0,0,0.2081209016694014
ZL7RuWd6QK,0,1.0
8UMlKkCrNj,1,1.0
cNqMAmpZh4,-1,0.0
26kUrQm4zw,-1,0.0
JRFMzQnYXl,7,0.9350736434088648
bPNzBXl1n7,11,1.0
761hggw1Wx,0,1.0
gwxoQ8MtZD,-1,0.0
hzBqQZK2iV,0,0.8888260512232348
jWrDyknUZ8,-1,0.0
tjH0YvT5wv,-1,0.0
WjhS0EpJH7,0,0.7999565431691229
MoMXPzwVMb,0,1.0
X6djSzDKps,-1,0.0
O8Hu5u0v1A,14,0.8717131406490352
iCvueZ8KaN,-1,0.0
OcMpSh79aE,0,0.8535091702362759
jTaxGFy34h,1,1.0
WYSCCw7mCe,0,1.0
ax0y9DvLCp,0,0.5614893795742879
wszZlP1K14,-1,0.0
hw0hl4JmvA,10,0.8371037900093439
pilivzwU7n,11,1.0
shFhW4zqd6,-1,0.0
IVWHe60vfA,0,1.0
DLt2Ep1S3q,-1,0.0
l6hAqx4eoB,-1,0.0
ZrCQGVpQrl,0,0.8755733684536128
kCUDzyKQ7G,0,0.5504217647772327
oLJMsGMfqr,0,0.9891019311462576
hTOWYQNsrb,19,0.867987220839907
BmEH70Wjcu,-1,0.0
qVDEM93mCP,0,0.8400422140651326
dI4LrguKyz,3,0.3975815164965263
uodE9CAXaF,0,0.8979084653287571
jRXgRC6fu7,-1,0.0
qH70UC6SNy,6,0.7355757470519091
3hnqwOq7iT,0,0.1470867291005745
ZO8LyCizx9,0,1.0
c768Z1FwDL,-1,0.0
PK07eretkF,0,0.9127181910930112
Aj3wL41C7p,0,0.4724573118067602
xXVEsGWSs8,0,0.6290834196248603
ktNJgpmjjP,-1,0.0
A0aUS60Kvk,6,1.0
7rBeyE4nie,4,0.2734489506092851
57MeabE6QU,-1,0.0
7ZVRlBFuEv,-1,0.0
yGWLWjM4nq,0,0.2967657330166909
2kuuhLfStt,0,1.0
UOaLsgn5wb,-1,0.0
2Lq5LnWLa9,-1,0.0
bTgxLGMGdF,12,0.2247412198752312
1C4mXyh31p,-1,0.0
iwKT7MEZZw,-1,0.0
09BPzrMcKg,1,0.477522509493965
DvwKWKG1Ul,-1,0.0
3G0IWDIoRG,0,0.897041689159114
CGReBdzOdP,0,1.0
HKDyRDzy1E,-1,0.0
RKOgWtrWPe,-1,0.0
IMamKWkS1s,4,0.6002160413966691
JYB6wFcbky,1,1.0
pXoR0Sy4WQ,-1,0.0
QudbVyFaTu,0,0.4634505490590437
ft971e7HH5,-1,0.0
jDYuadVajk,19,0.5659503967076872
mN3CMpfWR6,-1,0.0
jRjvcqtdtA,-1,0.0
JkVQmaE5pK,-1,0.0
9dEU1gq3v9,0,1.0
O7311P8YgP,-1,0.0
ZlWxWlevZ0,2,0.7546249816178656
04p7u1gIsv,0,1.0
L2W4wQsNkY,-1,0.0
psfk761b6H,0,0.8117147154045177
QD06Qv7O0P,-1,0.0
RDw0GU1rmS,0,0.6993788695317974
2Gnp8sdwVe,-1,0.0
feLdTALuq3,-1,0.0
nGEq3D6FFX,-1,0.0
efwbxMJ5M6,0,0.5866030089283597
qMm7tC1zvj,0,0.5808933972521866
kNXTUCksnh,0,0.9318828125578216
L3UfIfNxb7,7,1.0
5SqbLPaBww,-1,0.0
5aIVAGHCa5,0,0.6407776537599407
nKuFQhKZtt,0,0.4271469294214655
dt940loCBT,-1,0.0
nCAdkkAeR9,0,0.819036049842625
qXgGX081j3,-1,0.0
JzEgfRTzPW,-1,0.0
c6RDAutyNE,-1,0.0
VMcClInij6,0,1.0
hVR3023UP2,8,1.0
JEqlA8N88d,0,0.6693421898559146
1aCYFQRvtz,17,0.5414219704134384
gOG9Zoyn4R,0,0.895577968727906
w1ihNiIBOc,-1,0.0
jSgCM0uZn3,-1,0.0
YGIbwfNWot,-1,0.0
MeOTBs8BQV,0,0.2673813147671151
CrwzbjO3aU,0,0.3908888872667067
FiZ7gadynD,-1,0.0
3d4wuHgeon,0,1.0
12z8KLMQJD,17,1.0
WbpzGpVWVx,-1,0.0
DpuquFb1J8,-1,0.0
0qRXETZZwv,-1,0.0
hEA2n6OUUK,11,0.901591343492848
MBDWO29Qq6,0,1.0
XLvHmzaHsx,0,0.5504217647772327
MI1uT5rReV,-1,0.0
S8XcHutp7Z,-1,0.0
1EnpXg8s4v,-1,0.0
ayzWTxb9ZD,-1,0.0
RDe4Ntw2oy,-1,0.0
unMwI4JLrP,0,0.5455171329721955
VYY5sG4EMm,-1,0.0
KR6tnkb6h4,0,0.8996392411998189
alrbY3gwNB,-1,0.0
fm14gUThwh,-1,0.0
aq3tgx5wcu,0,0.8074112614939007
BAscADMoQc,0,1.0
NMvMYtRjkg,12,0.2740497742146596
0GDlX9JFf2,3,0.4223957326575967
mlU9KqdZUS,8,1.0
v771lscnlS,0,1.0
qwwPhjDea0,8,0.7004820623693485
rPsUx09RJV,0,0.6458890912987465
lCsVtkMusN,0,0.5383641047631718
NM4emKloy6,0,1.0
nimTd1IJz1,11,0.8810635942809365
VUFQSuU9di,0,1.0
qNNjudaNhb,-1,0.0
j3pkYPmbot,-1,0.0
90qt3kVYaE,0,0.8938455302235921
1DmvJtwaDg,3,0.3807619313978028
zXlB9A5xya,-1,0.0
uhFx1RGD1g,0,0.6006840827140755
sMtiGB2YZT,8,0.7172729831584561
I4fBSpDOha,-1,0.0
QQUhGPST45,0,0.759625901983824
UzEaeDovxl,11,0.9387123800899516
CiOSjynX6b,0,0.868010360674298
oAgwvZay2U,0,1.0
mQlX8ZF6vW,-1,0.0
z5vZDI2r6J,-1,0.0
gJclyLFSdU,-1,0.0
kd6hcHUl9C,27,1.0
9V3crVSPH7,0,1.0
ATYKgiDqt5,1,1.0
JDKYmIh4rO,-1,0.0
bEYzeItoOH,0,0.4660114048779491
EKGJl7IHRw,-1,0.0
6KlIzfkTfi,0,0.559173329239643
Evz0xPema0,0,0.626362712879306
0lNwIIHWhZ,0,0.7049218615276551
htiPttfiZM,-1,0.0
WyQ20adbUb,-1,0.0
QRKg5GA9Zo,0,0.9685194794290596
7ieS4EYKnB,4,0.2239715364584976
EeyvDitalf,0,0.8927111298104958
RxWILaXuhb,0,1.0
x8lg9aihwl,14,0.6312921327795493
KUHrL5NYHe,-1,0.0
QEU047bE8p,-1,0.0
SsHCyEBMLz,0,0.4189888486531523
qu7swcInlt,-1,0.0
gH4BRa4ZP3,0,0.966334871224104
n0I0IvdfB3,0,1.0
fGBCRZQVse,0,0.7861138195065374
tle6DK5Tad,-1,0.0
LRYgQuz7kY,-1,0.0
zJdutIT6vT,16,0.1879266843473197
Sf5nxMRiG7,-1,0.0
047VzZEpnu,15,1.0
NcxmgX95ue,-1,0.0
KkOMqJQiWU,2,1.0
AumtzgHji1,0,0.5786065263943739
1GCbcBJt83,0,0.9528400163116048
1bO9wIdyKa,0,0.998660982855998
1t4hR9JCcS,-1,0.0
LCPoXt0pzm,-1,0.0
eOZFqyE9Ok,-1,0.0
Gdyw9m5juh,0,1.0
1A4Nlibwl5,-1,0.0
o3bftqj17e,0,0.8400422140651326
Wf3EbtqGdw,0,0.9905764744176048
K6ijewH34E,2,1.0
s0JVsx3bx1,0,0.9934702612907904
6xL4MRFeJo,10,1.0
nI7wKr4eop,0,1.0
3D88hCO0Gd,0,0.8744048701319279
T9qNDtvAJX,-1,0.0
4f6mEr1DQs,0,0.6599854537173897
cl4PCrKrc5,0,0.498368221218437
stpe7UeETz,-1,0.0
2sG4ebgqBd,9,1.0
eVhA17qoVJ,-1,0.0
yHi8Ao6GAe,-1,0.0
A2pmNL7L1E,1,1.0
ravS5h8MNg,1,1.0
pXoiIDdynI,-1,0.0
1cFDvuWujv,25,1.0
xoL5zo1O86,-1,0.0
Ogml5bxDH3,0,0.7652372181331584
BKLS9IMrNZ,0,0.9977036799819032
Oj5tVkjbHD,0,1.0
yNej0aGtAZ,1,1.0
tSpWkTFASC,0,0.4613563353903644
xgmMdTTzjj,2,0.861577950387248
Qo5N2wXrY7,2,1.0
mLVqiNH0aA,0,0.8553928480006685
6ICFqmixlS,-1,0.0
0LUu5rd0GQ,-1,0.0
dqBkZ9rmSF,16,0.7001135629464942
31CaYYw1Xz,1,0.4474972885350362
4frj038M6W,-1,0.0
zmCBCbr2Wj,14,1.0
TYGDG9zEML,0,1.0
wmuWMEoIL9,0,1.0
U87XyMPrZp,9,0.3570654607753754
Tt3XLyuDrE,2,1.0
cg2S1qqNSq,0,0.8913256793950922
t4aN2G7Ucc,-1,0.0
2n6fd8QlEC,2,1.0
on22Rx5A4F,0,0.8452829999578217
7PP2yyeDv6,0,0.6055265302949615
eumRwpgdMU,-1,0.0
0Nq1GvAGR0,0,1.0
tRvzEL64dY,-1,0.0
RPuTB28HsK,-1,0.0
FhJLFLPqH5,1,0.884664875354414
QnUNr9Xuoo,-1,0.0
UKt31LbRPI,-1,0.0
0dp90Bq8r8,-1,0.0
fLx3vQPmDu,0,1.0
HUJXOQkLex,24,1.0
w9xETx7HT1,0,0.6660687990246552
Jj4NdJtXwp,0,0.9427661380588568
g2f0UoasGs,0,1.0
WIiDiRqKaP,0,0.8169120267270052
7LTTzYXyJ1,-1,0.0
fyqqd1lHDb,1,1.0
ImpizBSKcu,0,0.7941129105783817
JRmIvBcnWc,-1,0.0
SoqzNbcBjy,0,1.0
VswQY0peMr,-1,0.0
zOCENGh1Jg,4,0.8992059760391753
RjkAnKu6Hi,0,1.0
Ch22ry5Axg,0,0.9037412126904312
isATAFP71B,-1,0.0
LKAp7Dknxf,0,0.971031993744595
BcKYVmh3yH,0,0.610295417152351
sLfMvrkn6T,0,0.8054730906783641
9o7oH6DAHB,0,0.8240872431846058
sfz8ueAT6E,0,1.0
gNiT81iag0,-1,0.0
8AtYSW3VdX,-1,0.0
ICgOzZc10r,-1,0.0
bdGsKis3Ew,21,0.3806025142938279
da1u6Cy7Mq,20,1.0
ewyR20zwqA,24,1.0
eqvg92dZfL,1,1.0
9yG7LGYfHS,-1,0.0
xGmS1i0pDq,7,0.4437560902602654
NKNryrCGYn,-1,0.0
swf3Hbc3Qe,9,1.0
g2XE40zTrj,10,0.793696471763602
i9RDDi2SZC,-1,0.0
FFEFRQGlsS,0,0.7230735187096485
b387eWFV3V,-1,0.0
3a18D8IeQ1,0,0.8748999527115114
hlPk6Hi43e,-1,0.0
XFzDI9CPUm,0,0.2672186826395141
aXnUn8vush,0,1.0
o3x3RV8XHd,0,0.3878174469039709
0XCZWAo7wN,0,0.4456617377726646
e0ltwNcoIp,0,0.4702378160617868
7G9YKty2UZ,6,1.0
gkG8JOOUF4,0,0.5908241324854074
lF6SHARvmG,0,1.0
SZdfUp9kZY,0,1.0
Zn2ajV1kTQ,-1,0.0
zzUXS4f91r,0,1.0
t77EZLjvd5,6,1.0
Dx1qQ9OAbb,0,0.819036049842625
RDbuSCWhad,-1,0.0
ir8u0crTcA,-1,0.0
gYbreatcV1,0,0.966893548657276
JTNvG0jTaJ,0,0.4618428605944548
zIzZxDsNNP,-1,0.0
7dBPm5c5ue,0,1.0
FnFf7Ru2ur,0,1.0
nG45z7lJ7D,15,0.9432358479565968
05cVmYJJnb,2,1.0
rSsc9uCVBl,-1,0.0
0biUwyjKkm,0,0.9496092247450546
uVjuiPP4aP,0,1.0
brV7U7svgS,-1,0.0
xpjWEgf8zi,-1,0.0
lbtOctHDQ3,0,0.6566912737151768
boNYskaXnO,0,1.0
1YCb07JMyl,-1,0.0
47iGNYmTQR,0,0.2673813147671151
LSS6JMvgha,0,1.0
liefJOFVfH,-1,0.0
2845H8Ua5D,0,0.9496092247450546
TkHcdBLsJJ,0,1.0
m3Sz3tFxIV,0,0.5269812629888229
oElWLpkOux,-1,0.0
1cjLvtFOmL,0,0.8888260512232348
BsQg0ciABH,0,0.7081588892142192
arXNS7T90z,0,0.9685194794290596
3JlBQRvod7,0,0.9628676767567564
uAeqQePu4c,-1,0.0
gGfWAC7sqg,3,0.510720755408005
hlpRj222RG,0,0.783279179652783
3901vVCfo3,-1,0.0
vpzXyUoN8J,6,1.0
GLhLU6y1uK,8,1.0
8ySOcf7UpM,-1,0.0
YyhRJXxbpi,1,1.0
r8U08iSppJ,7,1.0
2DAvXR77xh,12,0.7288601788470758
HFT821Q83J,-1,0.0
RPRqKhjrr6,-1,0.0
N2f6N4jopz,1,1.0
qaHrpITIvB,0,1.0
UBRFn7YKMe,-1,0.0
xZnjIkIzST,-1,0.0
2aotKzkOCm,0,0.5588031310983403
jt9iMeQQvM,0,0.5504569457454546
eGa9S2OSca,-1,0.0
dpmMg6aK1D,15,0.4231829088501814
nYg6Qzm5xS,5,1.0
Iic9I2nHdZ,0,0.9685194794290596
v34WBRPSon,13,1.0
yFerzf9v1b,0,1.0
RSSk1SHxrH,-1,0.0
q1acmWAO9r,0,0.7861138195065374
lh5sXuGfk8,20,1.0
qjee4tiBGZ,0,0.928389689526266
HiBoJLCyEo,0,0.5890451909223149
btJUnAPQ7j,-1,0.0
aJ7AdfOfij,0,1.0
Q8QMhJFSk4,0,0.3844335084285128
e9B2NPQanB,0,1.0
sfTtFZXINg,-1,0.0
kXJd4JxF34,0,1.0
Hhc5McwASX,0,0.6801328330444243
fYSPRGmS6l,2,0.8708073185812968
R8n2h7hzqS,-1,0.0
N5V3dlIck9,-1,0.0
tH8Q2TRSZf,0,1.0
cWlRC064GK,5,0.5393797137054743
UuhoYEaUhT,22,1.0
6MmOy2Ji8V,0,0.5803050113326819
MjOf5qnEX7,0,0.9467238626511464
P81Q9NBwxp,25,1.0
EMa1ih7Wdt,0,0.5261033041305444
xPcKmKSEis,0,0.8088638382443843
0Y7AxxNCYh,0,1.0
rsTWR7z4PB,0,1.0
0Az25lvdT2,0,0.7409501763665433
JzWtqd9CGJ,-1,0.0
SB1CsuJ11a,0,0.5645938660195385
rud3M6wlxH,0,0.8688335878764483
kxiw0Mnt1y,0,1.0
koG76YqOwo,0,0.5676884899129063
yONFNHGoeP,0,1.0
Y6tRVadmgo,0,0.5988566934574545
fmnxunacr4,0,0.7303720911244672
m6WmeOI1AW,0,1.0
72UR53jN7T,0,1.0
ocBuEUl6Yz,24,1.0
h2ttG6HkID,3,0.4314805446525227
oHbVboLXz6,0,0.950860773304796
avZ01E4aYt,0,1.0
uVarpp7fhU,0,1.0
ykDUVoelgj,-1,0.0
vzgkhVS5EC,2,1.0
OCxhcqUtDf,22,1.0
uX4dyc7Z5Z,-1,0.0
6QbbaEGkO7,-1,0.0
e46NRNunFp,0,1.0
Qvj8s2rRUs,-1,0.0
qtPe7altLq,-1,0.0
c0c943R6ZJ,0,1.0
MKEDsVWHd0,-1,0.0
qmBMPInbZC,0,0.9033599496215916
xWYL9Ki32T,0,1.0
nOsEyBGk1I,8,1.0
dVIx32Lq7J,-1,0.0
yT8v2QFv5w,0,0.8151566732984934
tIR9Naukr3,0,0.4406878697986824
rJ5ky9C3ue,0,0.6157414470582917
xMiKDqxEE8,0,0.3292861645737361
ud7VVZ693U,0,1.0
R5EBtNE2Y9,20,1.0
qcFTezC4x9,-1,0.0
0TD3eO46gk,-1,0.0
tGLZj8GWx3,-1,0.0
FEugj28qhC,0,0.8302197107736738
CDQ0MI4rLw,2,1.0
7WPi6VbtH0,2,1.0
vvD0Bre3Dk,21,1.0
VCTt5DXiBe,0,0.9117936498186644
fleQlZ2VTx,0,0.9673848035990212
MOAmJKj2Uc,-1,0.0
BiowiwzQaO,-1,0.0
H918WyPf0s,-1,0.0
OyX9cC9WaV,0,1.0
0bvc7Zslu3,-1,0.0
CqLWckpTbG,-1,0.0
DrBwhFUqCY,-1,0.0
sPafJfwI2I,-1,0.0
sYK4yPDuT1,-1,0.0
lBdhx5nKOL,14,0.6325772339395109
Sv1pbyc8ZT,-1,0.0
XzXGqoUNUa,-1,0.0
EyFrTjaYU3,-1,0.0
xNJenVNmzL,-1,0.0
YXSKYFZweV,0,0.999182734017263
jLC662Yo5h,-1,0.0
jquTBzt3Av,-1,0.0
dtH7hOwTeS,0,1.0
71e1UmCMQ9,0,0.9226707308337286
M6l3pyvUfr,10,1.0
V8sDJ1oMEy,-1,0.0
m5jmATYmsi,0,0.5974946415782573
i5rApSWC9E,0,1.0
fmCnNQjZrr,-1,0.0
IHX5V6zQpY,0,0.4777284493540559
2aIoEG2Hwz,0,0.9496092247450546
0398lUtZqs,0,0.8894062553655059
IjqTJELKU1,4,1.0
QP0mGwfv0G,0,1.0
PllZG6K37g,-1,0.0
XDTTwmjhAg,-1,0.0
KQLCim1NhT,-1,0.0
KEVjRT4haB,11,1.0
Tn1M71PDfF,0,0.8074112614939007
gKsG5qR3Bt,9,0.7390021522728374
PuljHhCYxX,-1,0.0
LqgWOxDlrI,0,0.294079380785105
Gq4Gay8rDB,-1,0.0
eG5oh8l1WZ,5,0.7984920177310423
iyu4sLQZvW,5,0.8033425939807611
CkAZ5sgDQX,0,0.9601501292758896
YJ7H3amL0k,0,0.9088354998077514
75LMvs1CjG,0,1.0
fqfYzp4GKi,0,0.2249661661719216
3uUmJzSSOW,0,1.0
9FAm023EmI,-1,0.0
aBUG2Phwdt,1,1.0
ghyYc7hgSU,0,1.0
AU2eaY2QEu,-1,0.0
ifGwVxiigF,7,0.6343890975469124
wOAasEVZ0L,-1,0.0
TOhpnECT10,3,0.3755760417787219
aywsq2Bkom,0,0.4560309587791058
nHNYDM6PVz,0,0.5676884899129063
UN4zB8oH9S,-1,0.0
2rgYVFiWPL,-1,0.0
r2ykUnzuGt,-1,0.0
hwKnBsXwXd,0,0.5693187140089033
LkA1yLshF8,17,0.8566737618253593
Hmd8CqMo3E,0,0.8911684469989427
2neULQUK3n,6,1.0
6jKed3sx4f,-1,0.0
ftZEltGArK,0,0.8639015094690592
HuSSR12Yot,-1,0.0
s4zitEu2R8,-1,0.0
PBvlBI6c30,0,1.0
rem4dgVrFg,4,0.4903046531698296
yyWeSAsOhs,0,0.978586262692808
iRQM8Ehgl9,-1,0.0
hYovE4nHTt,-1,0.0
peYBx7AiKw,-1,0.0
DpeJYRFRQY,-1,0.0
B0Gfxhr8V5,-1,0.0
8MHTtHZRFL,0,0.688804834302097
2sa13vyCn0,-1,0.0
cU4ow1odRe,-1,0.0
WydxWM2xNb,-1,0.0
IRtGJNgVYk,3,0.4812757827820639
q0g3CPS96G,-1,0.0
lni933mlvF,7,0.4438931089139964
jPaM3AiFLq,0,0.6974402774601005
GSAKL9tc7L,1,1.0
N9HLe9iPhj,0,1.0
tTwZhy8JqY,-1,0.0
2sZSxmswxn,5,0.6984110976182445
91GzT22Sef,0,1.0
CH72XyZs4y,0,0.5504217647772327
KhavyzO9kK,-1,0.0
heJ7NRInjs,8,1.0
jAJv3CaS4f,1,1.0
a7hHwWnZey,-1,0.0
SRDF3RV0KP,-1,0.0
NYcnZaA4vO,-1,0.0
dH6KDsG5GK,3,0.2755040338196982
nwqaILb1vf,19,0.6934115157076541
6VoDizmIoY,0,1.0
AxaWle44P5,8,0.7004820623693485
TMSNlEKKeM,0,0.8865973822447195
4GyTBGBVsB,-1,0.0
e8pm93koQU,0,0.6078811219949379
NsPilIfypy,0,0.7687539482614232
Y9AdTCCEgI,0,1.0
CI7ZQnZTKu,0,1.0
zNqDCSokDR,0,0.9819318107566992
Ecw0Cina9N,0,0.915920343472945
3FTVceZQrh,-1,0.0
wuMdBGMe3y,0,1.0
5BfO9i4kj1,0,0.8276205969065373
nfZmQgxyyN,0,0.2465736594361348
3CRt6uJ77o,1,1.0
XBD4OjCcIA,8,1.0
sFyTsO2qO3,14,1.0
KXMIIVUB9U,0,0.4663180754349496
2jQJ7aNdT1,13,0.0656993519596129
G10Y4vrhGF,0,0.8529787966063108
1v0ULVJOZ9,0,0.1152315693989137
JJ29N4MklH,20,0.209113678620317
0Y4gjqdvC6,0,1.0
TrHeq0yFhv,0,0.8732072014919469
G2uILEbcLF,0,0.4275526099486917
fy5InEg0OL,-1,0.0
1PVdiFbDz0,0,0.5866711020127405
R24ZqNwoDz,0,0.726497571447752
AHEKhff4Oa,-1,0.0
rgoSyTCTkn,0,0.8666781932522349
zswylB4Wnt,-1,0.0
LfcfwlLCHM,0,1.0
aixLLnS70r,23,0.9307074465046212
Iicv9iTPcU,12,0.2864004042812421
5Z8ckcrfq1,19,0.8179633356679396
GctsZXLCpl,-1,0.0
hT7Nj7SAQb,15,0.1280038453803593
tWhkNXPshv,1,0.5563986987879791
miYvfEKvEl,0,0.4271469294214655
ne3nYEcGsf,-1,0.0
ktk4mxNzFe,-1,0.0
u1lNQH5upa,-1,0.0
i7vgeipxNf,0,0.6547846401685782
iEgaS6wbLa,0,0.7333717774604139
JddJvNSiHk,-1,0.0
zj45hoQhjD,-1,0.0
FGMBxzpgis,-1,0.0
1BOiVpBtZy,0,1.0
u8aoIxG1A4,-1,0.0
fjBsE0kKk4,0,0.8047530290679088
OZljvntsto,-1,0.0
13xP0J2d6E,0,1.0
lHW93LKaUk,0,0.6301065466620778
bNTezDPlFH,-1,0.0
xLFYd1owiP,-1,0.0
9lMISUXB0F,-1,0.0
LVDRJE4xQ2,-1,0.0
3VvdoCcVPU,0,0.8563493214007127
t5ylXsc2Es,9,1.0
DYuPwwDy9n,0,0.8961600142556585
0M1gi4P4ka,0,1.0
pOLpyGGOq8,0,1.0
xfdnEKp7tt,0,0.9064174838913148
oTocSpfYvJ,0,1.0
DQMjemrVhe,-1,0.0
M2HxuxqNrb,-1,0.0
IGJHOcoQKp,0,0.4964433426024531
6vcgsrK6pN,-1,0.0
h3LlJ6Bh4S,-1,0.0
Wm5cizmdcm,0,0.2673813147671151
iooQFm2qHf,0,0.954197605011776
UG1723eoKq,16,0.709058412483662
oUghNi5XWc,-1,0.0
ccuvCkEhMJ,-1,0.0
W0sqoTL7rL,-1,0.0
YAycrn1Idm,14,1.0
b4X6cz1F9l,0,1.0
tYnJC5ba6j,15,0.1446639282220534
e5QEGDVsqn,-1,0.0
4xvN7uOKZt,-1,0.0
cx1KfZerNY,0,0.7261637087028232
kvI0QTVRQD,0,0.8132957674721625
jmLCBLeEC4,6,0.9496731420093062
xpkJiQNC0E,-1,0.0
2hzyfArJi6,2,1.0
w5uUvxp81b,0,1.0
Fg5WE2vxgM,7,0.6759325620300732
GQXeLGYMda,23,0.1078619990647836
n63KgrgVHG,-1,0.0
Ms6IXbfzzX,0,1.0
utvu4PJ0Ct,8,1.0
ERQRSnqLRb,9,1.0
phWwTrrJFv,-1,0.0
RwCaBZ4w5P,8,1.0
ghybX0Qlls,0,1.0
YES7VDXPV8,20,0.4684161677395938
eIojV2epgX,0,1.0
vrbUfvcNZ6,0,0.7664694090621553
00Bwl1woOJ,-1,0.0
KQuVaVUPL6,-1,0.0
R3C3RY25eS,-1,0.0
fmNQkLfsys,1,1.0
CVp0WCw4a1,1,1.0
P2yIMJP5b1,18,1.0
IDSTtDw4Cs,0,0.8645873144697958
9RelLjiaHw,-1,0.0
49QC2D8exO,-1,0.0
hCc6obJhlj,6,0.3743082340536225
eV2Y8Gt6JY,0,0.8284226432747532
EBONa3tT3K,-1,0.0
t6tObHgZSt,-1,0.0
g8zr9rxRHm,0,0.5271880463710761
Iytf59QZzl,-1,0.0
2Ybm2W1o9m,4,0.4386053889789928
cZMno8E3yp,0,0.4723341969144117
w1yccSuVtg,0,1.0
yJS1eZSNUv,0,1.0
wtcv48HImz,-1,0.0
pozsP0ZcZN,17,1.0
qI64pCXNXn,0,1.0
A4JiifkTzq,-1,0.0
qYkhCah8OZ,-1,0.0
8DCyv8x58O,0,1.0
42VDMzV7qm,0,1.0
NQ8YNyX2uy,-1,0.0
a95Vd41o1u,5,0.3140004900558292
wj4lM45xQR,-1,0.0
utXSSdD9mt,2,0.5702735178601857
7WfubT4dwK,0,0.3354946001648504
JScOknY0Su,-1,0.0
GKt3VRaCU1,-1,0.0
OEp1J4V2fN,0,0.7831152865386352
K6M7QmN1wQ,9,0.871170877715836
z0BgfL1FRV,0,0.7105500946400501
u1j6RqH8nM,8,0.7367423760323032
8JdPqAMpi4,21,1.0
u2c6YVg5rQ,-1,0.0
V8ImbOfpdh,0,0.4702232977884416
fgfftCWPrn,0,1.0
ORsrbGTXQB,9,1.0
PBy1Ew1ihV,14,0.8717131406490352
0qGtaRTsCo,0,1.0
zftxlb1AOo,1,1.0
zjMd3yfyWv,4,0.433928444183232
TCxzqnbyAF,8,0.7004820623693485
YPsJha5HXQ,0,1.0
IJmTOL4Raz,7,0.9055218100368057
vE98S8BmzP,-1,0.0
ghhKZ0NaQN,0,1.0
eKeQB9mpuT,11,1.0
QwY1vk67T3,0,0.9297625572454944
5eZ0iykpDU,-1,0.0
NRqGpUAjV9,15,1.0
tebG8q5EeK,-1,0.0
41mBrhy6U4,0,0.6590799740421343
OuklL6Q3sO,0,1.0
dGi2d5yDs4,-1,0.0
EZfDHprhZM,0,1.0
AwLRF1lZvI,0,1.0
UTGjik64IK,-1,0.0
kgzRy6nD6D,0,1.0
gd1Dm1gHhg,2,1.0
RboGoiTB6s,0,1.0
XgQVL1uP34,0,1.0
Q2fU0JDHuW,-1,0.0
XewZ4rJYKZ,0,1.0
yrNw1R8o2W,1,1.0
RSVdHXZN6D,-1,0.0
GV82iAD70j,0,0.949343630613554
hKKbtN4cp9,22,0.4137971364080963
at87L8EuzR,1,0.4630115505898436
OiqQGjNvyJ,2,1.0
8I1XNt70lj,-1,0.0
x2Rk0lSQra,-1,0.0
X2r9D46kvI,-1,0.0
4JnZvkVssS,-1,0.0
BpAx3OuNOr,-1,0.0
mSiN7i0BYH,0,1.0
Iv11TSweoJ,0,1.0
ZZ09oX2Xpo,-1,0.0
x1wZoyS0rC,0,0.4777284493540559
TgczQwE1Iu,-1,0.0
yoKpumjWXc,-1,0.0
IUYAqr7qDA,0,0.91616612354858
skunuOdavO,0,1.0
lMxuq0GNeC,27,1.0
h2kwURAFkJ,-1,0.0
LIGBnhb83e,-1,0.0
gJ05Gm5VxQ,0,1.0
88IP02bmrg,0,0.4348985780828821
ljJGBcpn7q,0,0.4777284493540559
A0M3apV5zI,0,0.5634850199859414
vWeyFCtYxx,0,0.4271469294214655
6j9xJ9pBjm,-1,0.0
nO8ShqG2ci,-1,0.0
uHGG3s0XyZ,0,1.0
IfD2MKTmWv,-1,0.0
SpSru9SRyp,0,1.0
vx6bPQWpmL,0,1.0
yqQVRNdmKJ,0,1.0
xWCfTMjQH5,24,1.0
JeP0lpusYw,0,1.0
VhGUS8kyaC,1,0.6677241474391501
aEAbRPXV37,-1,0.0
zhFEO67s5w,0,0.5058761105083721
o87dDXYLXC,-1,0.0
uXKgVqYTJ2,0,1.0
rYv42fDKQi,0,1.0
uUHNt5CoaL,-1,0.0
og2rmyjHwY,0,1.0
Fnq0M3KEUO,3,0.5040877315848087
cIYguQc97T,10,0.7580188073205139
S82Afyfbj3,0,0.1897282022323151
PR7VmMTsxC,0,0.9823244009157096
QuqsEIVWIG,-1,0.0
Izewdgcl8U,0,0.8470425315772993
m7MD0sa8Re,2,1.0
kz3w2A2y0e,0,1.0
iSvAAHGFSw,7,0.5064285133414292
hio3T2OwHB,-1,0.0
qRPIWtf3SE,11,0.6749173663170459
XvHQnCywxN,0,0.8362963302158127
U2egSkNzP4,-1,0.0
Xpuci4SV06,-1,0.0
wHx7UuRm7G,12,1.0
gOzcYNLKvr,-1,0.0
bTRH1O5Bp2,0,1.0
E0PaeSszLz,-1,0.0
u0YyIHljXO,18,1.0
kHDUCUqPEc,1,1.0
JjTLq7SXaB,1,1.0
84dnGT4ajt,8,0.7004820623693485
ACSOnSHiWe,-1,0.0
Ty9n72fZ1K,-1,0.0
fxERuSBpfQ,-1,0.0
2ClM0g9OFT,-1,0.0
drmIBh6v2U,3,0.3023609182890634
9yusqX9DpR,0,1.0
3qDFW07Lw7,-1,0.0
zJSZupQ889,27,1.0
35Rum4a6tC,-1,0.0
6qBK9ePmtM,1,1.0
Ul683x8lpK,-1,0.0
8M9T7Nl454,1,1.0
ZwDMrArTBg,-1,0.0
rMptAK0Xm8,0,0.585913419795662
tPJg65EB7D,2,1.0
Tp6ds3Dfqo,0,0.7259585578755302
pLDpenGIjl,2,0.5454133391450751
SYDmbsqHI0,-1,0.0
T1gVXvbkB1,0,0.9496092247450546
yFdNygEryH,-1,0.0
II0T40Q785,0,0.2070994781570493
Hxfjmc95rl,1,1.0
ywzGKDStrm,15,0.4813504422890392
rtG7n93Ru8,0,1.0
pebVFFVs2R,-1,0.0
62tISV7pM3,7,0.8915230562886062
obXGSmmG70,-1,0.0
AuBSUgFVgq,-1,0.0
eYVFs6TfQ0,-1,0.0
YJok3mWB0q,-1,0.0
T64Fa2hCZn,-1,0.0
uvTea5Rfek,2,1.0
FxCy8TvQHO,-1,0.0
1bb974Q4jJ,-1,0.0
uEFC25uUwU,0,0.7988743422796416
wORrUUmffG,1,1.0
kpdFjNitGW,0,1.0
zp7W2QmxHS,0,0.5693187140089033
49Rc51iCso,0,0.5886136221943372
gIGtOg4DNa,0,1.0
1UL4dxvfcJ,0,0.9753706668456654
vAxGuGmshO,0,0.9012367250714876
8hahZ1h9CG,0,0.2070994781570493
FBjTMq2Rby,0,1.0
U7gu9x1xzx,12,0.4308874554025172
pyDAihUMKV,3,0.771076111832914
aVWVx7cqIE,-1,0.0
cnrwqlr8dg,2,0.919782589311361
xk9GSBCfcn,-1,0.0
VwsXmcMyg5,8,1.0
gqfQfqDQhx,-1,0.0
x5lITYXmW2,0,1.0
Iqu63cYI3z,0,1.0
4449zuaaeL,1,1.0
CNxrp7u5gV,0,1.0
rVT1GK60Nt,7,0.8341437913838392
8ZdWmpYxT0,-1,0.0
RF3miSqdXa,0,0.4572960246175415
koEALFNBj1,-1,0.0
CmY6DzEG7Z,2,1.0
LVRGLn1Ejj,0,0.5676884899129063
dxK2QgEKvz,0,0.8349590017259991
4EkEL77k6O,0,0.8080814634497414
50vDcRUz5p,2,0.892145945480412
23UbkRKsZa,3,0.3171317399407323
LsmUgStXby,0,0.6797731340014763
jDxFD45kkc,-1,0.0
iDcPkDrlaW,1,1.0
dye9w8IOV0,0,0.8492734909185015
XUks1Y96NR,-1,0.0
d3FjdOwLEd,0,1.0
U2AF01VJyg,-1,0.0
Wc1VZ2bVJn,-1,0.0
hvykiwFiF8,-1,0.0
TjQP5hc3WC,11,0.6411967956480447
N4cyRMuLyl,1,1.0
Oupeovfx0L,-1,0.0
aY97JGello,0,1.0
yEq201U9AM,0,0.753931548961972
E1eVGJ5RYG,-1,0.0
xJ2lGfFOv7,1,1.0
H9BdN4f2vz,1,1.0
WkUzrUsqR9,-1,0.0
h6xQClTm4W,0,0.9496092247450546
Jom8tNYuQI,-1,0.0
1SCMFCGliM,-1,0.0
KuXnKedjAj,0,1.0
LNrAzsnJSE,1,0.8658747886307521
U806q3iILo,0,0.978586262692808
o0AASFieVc,-1,0.0
fwJ1rRHT91,-1,0.0
NuCtKoflsV,-1,0.0
mH9FJi3KTX,-1,0.0
bW9SJJ9cHN,0,1.0
igtjRQfght,0,0.8508317773245214
Lm4VIXVIuy,20,0.1236575227428646
WabVVQKTUF,0,0.9496092247450546
Iy4cAXotrf,-1,0.0
MgN8Px0NA5,-1,0.0
3IbKbmNci3,0,1.0
b3tygCf3T7,4,0.3070022147586136
MBJ46gd1CT,0,0.930224043167272
wk5B5W5OHo,-1,0.0
jpiSagi8aV,-1,0.0
STMB6q9pYZ,0,0.8639015094690592
Uipk3FzI09,1,1.0
jW8nBi6y9F,-1,0.0
k0wyi4cOGy,0,1.0
hMZnFo0FLF,7,0.4258561085727042
VaC4sa96EI,-1,0.0
j7L5AiVqJQ,0,0.809165177771321
6cB7DXAh1m,12,0.949064886280539
Qvvy0X63Fv,0,0.9685194794290596
ztgYn0Uk94,12,0.7378745956371143
FUBaZDMOFj,0,1.0
zhMl4Smau7,0,0.2967657330166909
uGjTP2kFcX,0,1.0
5Y8I2dKc91,0,0.2967657330166909
A9jXG3FUMT,2,0.7680560888306249
5QneXT1qoc,-1,0.0
tsEHIfv2lM,0,0.9690804143709674
igB289kbej,-1,0.0
QU1SArYwKB,12,0.3699623792601121
1YLpf8nUIq,-1,0.0
WcUo7Z2Jnh,0,1.0
2Y2m0DZBfL,0,1.0
BDZpNjIC1y,0,1.0
zmlhP8myaT,-1,0.0
YktFxpaEmR,0,1.0
KculbVVCly,0,1.0
5jneOToPou,0,0.7861138195065374
TXHc1gEEIk,4,1.0
vBtfIafffU,6,0.9901693836514422
SELYlDHZk2,-1,0.0
u3a2AX0icx,-1,0.0
eXckZbaYma,0,0.8263961026054386
geNdDlzKTG,0,0.8653377549933113
QINnsnppv8,-1,0.0
OfmEkL02ZR,0,0.5814879333358198
6JlzhISecd,-1,0.0
3Wrv6Zay74,0,1.0
t7NLyOtPEi,0,0.4017648642147798
IMmkDMqFMU,-1,0.0
Rdz6ESQYkK,1,1.0
cSomL3lHTa,0,0.7516927745775827
GgD01U3Y0H,-1,0.0
padrqCRyCP,0,0.4509307035324427
oCOOe8tt8v,19,0.4239289702862424
QoiFdfZUJv,0,0.5693187140089033
HkTOnCUQ1z,-1,0.0
YOv9CANvDv,6,1.0
3IXdXBpuLn,0,1.0
uaQWgFk2Pf,-1,0.0
xtHJ0eNEUv,3,0.1540965638818242
rRhp7LkBZV,0,0.4777284493540559
z1Cvcovlms,0,0.7026805476841248
TS128AgTRw,0,0.6040592332110345
ZR2mdBrhJX,-1,0.0
GhVQnjVjlI,-1,0.0
cOSXcSmmJL,0,0.4702378160617868
dIHSZTx9Lu,0,0.734432331141337
irni27kAeP,-1,0.0
BDkNRlGmP9,0,1.0
6Mah2bx7ZI,0,0.6777110363921224
XkgkMFn4Ja,-1,0.0
VYLdKb5dzO,0,0.8796543997255402
1ktdvp1EYI,-1,0.0
IDHbeHDBiS,0,1.0
kXieirlPjF,-1,0.0
QUN6uidabr,-1,0.0
Va1IHqY3jG,-1,0.0
G6K2NepP7S,-1,0.0
uUBQ96zs48,-1,0.0
WqZKdj4cnl,-1,0.0
yPDNQvuyYM,0,1.0
dK2BnCH68p,0,0.440944779225368
rOuRpOA6pm,0,0.2883884286874876
fe5Wc0fZUT,10,0.7726523119227642
I9gqXOSypB,4,0.2186592071486785
NNiwGUY50Y,-1,0.0
xAHozxfuUW,-1,0.0
iD3UTLZ6B9,0,0.7177239414936046
x46uZ1HarC,-1,0.0
867TaCMfCj,3,0.3975815164965263
3isHlkiykj,-1,0.0
jl0O0MYLyh,12,0.2647408445191762
6lCY5bLW8E,13,1.0
Em9QmNobh0,-1,0.0
kmv7yg6QXv,-1,0.0
1vSLxdJNq8,0,1.0
EGYwfs4XhI,0,1.0
BgwtOwFSvY,3,0.696841114510635
Vws7eXQXsa,1,1.0
wab4BEAUt6,-1,0.0
oIpRvQkrH9,-1,0.0
UGjWlxU6GY,0,0.1897282022323151
onyzhnhApp,1,1.0
DUlZTgLkeh,-1,0.0
MrRdupucYb,0,1.0
EoebmBe9fG,-1,0.0
MWikv8GJfY,-1,0.0
kE4XEY7Bbc,-1,0.0
T45dDL37V0,0,0.5344837869347693
pe8Dr5jtjV,-1,0.0
MlJyAvQaxp,-1,0.0
fgW3IZzxmE,-1,0.0
PkSDCXP6LP,0,0.8074112614939007
F8K6emqT6G,0,1.0
TU2MZHZLkP,11,0.5933451660464494
wufHTz3phF,0,0.7815804532930601
Ceb788Uigr,7,0.892172038363965
Ice2BHIumz,9,1.0
fi24ry0BX5,-1,0.0
iBFfb6bGOz,0,1.0
tejdm1EMXK,-1,0.0
YtwEVr2ONF,-1,0.0
vJtnJfS2mQ,-1,0.0
o8hWyJIgAV,-1,0.0
urDdBuhbLx,0,0.562356158654953
yAf2Akj1Wm,0,1.0
RnfyqrkOxD,-1,0.0
HgfMIHcNao,24,1.0
43v0RAyGrg,0,1.0
r9zzTQLnxw,0,1.0
V8dGVO5Xpg,0,0.9311413697757138
6Q5WG84uOD,2,1.0
3JoQTGhUzz,-1,0.0
VkXyaqhD0P,0,1.0
ONUZ08OAZL,-1,0.0
SBoxuusTUn,0,1.0
BXJWKpEfro,-1,0.0
N6ujq5Yfwa,0,1.0
ZtB34bQI54,-1,0.0
86enCXORIV,-1,0.0
70wK1HKZPp,0,0.7076134235571164
6Bu7naotbL,0,1.0
KTDAbnFsQj,0,1.0
yADOHvnzXr,0,0.4906418986429635
Qm6ah1hpFA,2,0.8507347213144306
KOwhczyFpg,-1,0.0
vTWNVYuvuF,-1,0.0
7fZNTLuStL,1,1.0
fGOZjuzvJb,-1,0.0
rAGWvnpcKe,0,0.5693187140089033
v13yQBxhut,1,0.9768793823478484
NQSWkmjODD,0,1.0
SvopaNxYWt,-1,0.0
S1Gxt8c8pC,26,1.0
QJSrgYcf4b,-1,0.0
wGeQr5cARm,0,1.0
GUPx2otaKL,24,0.6049987254909862
DTq0CLhN4A,0,0.9037412126904312
2xDdVkWrqq,14,0.6757472294282122
28qUA2bSe5,0,0.9930410491423756
KxhCJc8BOg,-1,0.0
8OGTkEJrmb,-1,0.0
XResNG9opT,-1,0.0
iYHaTWZORB,-1,0.0
9CzRx5MZct,-1,0.0
vzcVDwLtwA,0,0.9891729670102988
qXAABCxYQ2,0,0.8796543997255402
eGcpmWdPg5,24,0.7969851535075011
YFb7KFE39x,-1,0.0
Gt8iKyg12u,12,1.0
o4zN34ahEK,5,0.7179143842629365
GS9o7u5njS,0,0.93023939010569
HvklLrtyxK,0,1.0
m4sQcq5UK5,-1,0.0
knKAKV7URX,-1,0.0
73guIWG7fk,0,1.0
4zea5Bcemp,-1,0.0
1ajMY3nUKg,-1,0.0
EXIKFM1Q9R,-1,0.0
vm84b0Gksj,-1,0.0
kgjY80e1LF,10,1.0
lwIQC4MVJZ,-1,0.0
ypPxYsmZPx,2,0.9843165942513478
uXEv9pSM0U,7,0.7896239414890165
JQvx6rAqGr,-1,0.0
zssWxiiJZ1,10,0.7434292013684003
wRQmQ6UXYF,-1,0.0
pJWozQn9p4,0,1.0
siPeAstQLq,-1,0.0
Rz9ISbLxf0,-1,0.0
FAeU7516MR,-1,0.0
DghZGQDTaD,0,1.0
b6H64u6TqI,-1,0.0
3naHyE5klE,-1,0.0
uUWb5eawL9,-1,0.0
fcLVqvyiqV,-1,0.0
1ZuzFUMtx6,-1,0.0
hYjlAA6wXT,6,0.7691422647121368
M6zQNbCaLl,-1,0.0
vmYcNhs8Av,-1,0.0
pWzcPRIKp8,20,1.0
HXFvNkNt0n,0,1.0
WOXyOiVd4B,10,0.7434292013684003
T4qJuQCFAK,-1,0.0
GQHUET0V6f,0,1.0
OZUl49U6p6,0,1.0
BggfTUtZOM,-1,0.0
kKPP6q5vBs,0,0.9037412126904312
CGx4XU9rCA,-1,0.0
lYnNzmFt7r,-1,0.0
3nza35A6I4,0,1.0
Pdwae7T7rS,0,1.0
XQXjTfrtwc,0,0.972083054875874
YVOCwQF9k2,0,1.0
ZKYxfU8de7,5,0.9171058335143468
RblaNJGx8C,3,0.5344511095749451
13BJ5FYG8E,-1,0.0
uO0EHn4EmE,10,1.0
RbGUML7YK6,0,0.978586262692808
cLJfumTWLI,-1,0.0
yh4DPshiWZ,-1,0.0
kbwSqgVLYj,-1,0.0
eSZcf8LCxz,-1,0.0
w7hiWakSAq,9,0.7716690649184448
lTP1RxTFSX,0,0.8074112614939007
ofyy0Dzk6k,25,1.0
Pf3SVNhAQB,0,0.5171167673072542
YX5DHa9OfX,0,1.0
4YKlo58RcQ,2,0.9546861752691176
yrrU5YChQr,6,0.9880821873969926
Gvq2AfuVEA,-1,0.0
80L235oVBe,-1,0.0
aI3d897dgV,3,0.3511773539940851
RkdTtznSAL,0,0.595799596393812
C3sKfe8e1n,0,0.9639437904214904
8q2kReYRDn,-1,0.0
5aeD5UbiLv,1,0.5262016344186674
JnNJq81qDl,23,1.0
ayR2JfRYRS,-1,0.0
0XKZFK4hQt,-1,0.0
PhoyfQG9Vb,3,0.0667863108943671
BDKkFwskot,0,0.7367906460529923
Due3iZPa6u,-1,0.0
kuoD6G0Suq,0,1.0
VrYCLQ5inI,-1,0.0
REIo9ZLSYo,2,0.9029263905527884
PqAGmIg0az,0,0.6599854537173897
7lLnWh0otf,0,0.9888452107311932
AqHlcF0zK6,-1,0.0
Ggtc3xXff2,0,1.0
A0T3piHiis,-1,0.0
w1Y7RZC3QT,-1,0.0
qmvEe6nd2I,0,0.5523006722330673
TdmzrkdLG0,3,0.3755760417787219
cANLnJb1FX,0,1.0
wy2FwyNYro,-1,0.0
GA3NBpzQ1x,-1,0.0
hTxnm6H93P,0,1.0
YYz4fumVed,2,1.0
ufKaXYJt1F,-1,0.0
ZW2BADJKGU,6,0.8704252483541537
63ljkCGMhE,0,0.9328453323541148
tqoAQMk4AH,0,1.0
16kX08MCav,0,1.0
2yekKXLCLc,-1,0.0
stiJen3iNI,21,1.0
0wC6h6KGH8,0,0.4520645677139862
b2u1yrTwFK,-1,0.0
LNsGnfXS2V,7,0.5881440034699326
SLDYuNGwvU,0,1.0
apusEkBW3h,-1,0.0
5mpQO0YpTv,2,0.5784612187633157
nPYtkZu65y,0,0.786698267517301
tu3P6KSHGN,8,1.0
MiPIjE5onj,4,0.8779426977255476
zxfwVts5it,1,1.0
NKJzAFYYI4,1,1.0
xMcKyUGTt1,0,0.5277906031897446
C7LxkebvVW,0,0.7955671635740205
e5Evni5zZY,8,1.0
hzM0FYJXLN,0,0.70107442645313
Z6aBp0AJI1,-1,0.0
yTFJmGFsEy,-1,0.0
XTTbzC7O2T,0,1.0
hdwccZL6L3,4,0.5313028226470492
w15atmg0uX,-1,0.0
NR5QjnbWGD,0,1.0
xrAqVVk2qe,0,0.5808933972521866
TE63KPCXWt,0,0.4790324895137113
02qdHz1LU0,17,1.0
FrXHdcTEzE,-1,0.0
yThwhNCaZN,1,1.0
FAiIRMvIwy,-1,0.0
cCefuzQrjK,-1,0.0
YMPYLesItf,-1,0.0
OYciB30Z4n,0,1.0
ZbQ5Zq3zA3,-1,0.0
ECTxVRFhUa,0,0.4882852431422662
h3lyFa5e1W,-1,0.0
Wic0OgYsgy,0,0.2452514825819458
CMmKcHFDKL,20,1.0
lUtNvMiW3C,-1,0.0
fqpbXJ2QtC,-1,0.0
KGt0F2yjBz,-1,0.0
7tXGIbrIA5,1,1.0
VNTj7PGlrz,0,0.8047530290679088
3dnG7LcKxT,1,1.0
3molquhFpv,0,1.0
YghiOusmvw,0,0.7069644411729066
epZTfZF7JC,18,0.5955639556494373
Y5xuVoVz7g,24,1.0
NLLLkiF3xa,11,0.5538433605335104
awRfy4xAO5,18,0.1996541643722595
HW55AwGEC8,-1,0.0
kJqTkj2HhF,-1,0.0
eOLdGbXT6t,-1,0.0
5fAtzK3hBd,-1,0.0
JcEqp4aPmb,0,0.8670605117564828
l8QMnn6wfb,-1,0.0
HqsE29wxnS,13,1.0
zEj1FSYCRn,0,0.9169729324203442
gpCleSGCkV,8,1.0
jc1wIiBtNk,0,0.6642091498074187
Fg9HufTI0K,0,0.5239605829089917
jut5q3UYRz,0,1.0
XOiZ9ydssl,13,0.6086654231163593
l2YPV99mnB,1,1.0
56CgYnf9Dr,0,1.0
1i4wNFgHDd,2,0.6986830432421568
ZwCVFBFUFb,12,0.3102883259725852
sORaSF9Uxo,0,0.7292318869375769
kuzye4EPLR,0,0.673160116275895
SeC5Zb8Orf,21,0.4869620992949398
hFyIIqmcqf,0,1.0
Q3qAsZAEZw,-1,0.0
DRIRD9ELMb,-1,0.0
M96edY67nS,9,0.3967331013713773
Hh8ebJYQs3,0,0.8225707847880805
5d83SyLm0Z,0,0.7019076099795142
8dTBydCMSr,0,1.0
M83RPhdsX4,-1,0.0
7k7cubl1iL,10,0.8371037900093439
W8xcKoJcrl,-1,0.0
0rVD66dXqT,-1,0.0
5X6PL4906S,11,0.6749173663170459
8x5OmcFtJV,-1,0.0
vEFPm6gw2s,-1,0.0
fzyBjGrpp3,0,0.9041188683214784
9JX8XrTVEz,0,0.2673813147671151
QJtanJS4T9,-1,0.0
cD4whTwm6G,0,0.8796543997255402
cd2MWwIIHu,14,1.0
PymOnHw4Ty,0,0.742781539517756
RX5tYZAaeF,0,0.7227658871195694
i4qAfV04rZ,0,0.5237477164612913
j1QkrVjNVF,0,1.0
cLbGkINOLP,-1,0.0
rldWzb0E7G,-1,0.0
2Dwp12HmYI,0,0.9741282554564908
Qku7g56aWf,0,0.4777284493540559
n1NFpViAhp,0,0.4560309587791058
hdJXzKZjY9,-1,0.0
40M1uJl2GX,-1,0.0
BCpDJWshVV,0,0.4702378160617868
ZBSkyMwdEB,-1,0.0
QhKnVxk96T,-1,0.0
bFXbLQzRoZ,-1,0.0
9PL1DIIB7e,9,0.9870129326472248
FFA8ftmnjF,-1,0.0
7VMg7Jb7AL,0,1.0
2sMk2ShRdP,0,0.6145016126835555
wHm5J9uanV,-1,0.0
Kq08RIeXxI,0,0.8136829680287023
mGjmPnzGQo,0,1.0
E6SFbnPiVP,-1,0.0
2lNCktd2c3,0,1.0
T6d5IYr8PJ,-1,0.0
TecJ926Vgn,4,0.3250258690367768
ToNRHqX6xq,8,0.7935523977817412
Xeb2EYBKkr,5,0.6811911710474617
tmtUA2X57D,1,1.0
to1VYVar9W,0,0.7861138195065374
2T2zMiqcY6,0,0.5505007606226314
yQoHUijSHx,-1,0.0
7HVADbW8fh,1,1.0
IOO3nJtvbY,6,0.745927019700253
2ncMTlR9nC,0,0.5709435212571287
ruzMpz4rBC,-1,0.0
Zvo2HBlviF,0,1.0
ORrCEtiiVX,2,1.0
dEJ3ztpdbc,-1,0.0
RlqYCpTu1P,0,0.9602626128772724
7wEvjzkNXg,0,0.5767106148117084
56C0n6zSpC,0,0.6334960115394548
Gvh6sU0uUt,0,1.0
prGyR9id7X,-1,0.0
CAB0EjD9EK,0,0.6682610734617568
2VdsYVXLDl,-1,0.0
L84DdFuvwV,-1,0.0
rQCl1sf62w,0,1.0
XPLf9H27aO,-1,0.0
NjxW4m6KdH,-1,0.0
59n2g6RqjT,-1,0.0
ok3iIeuQV4,15,1.0
OrmLtoFF60,0,0.8103971074433881
790HoTFKUE,0,1.0
lTEjpeTXIo,-1,0.0
U0WEtpp6kO,0,0.7836793755668394
rbIlWjTFKj,-1,0.0
fyeSq3m8CY,0,0.9589214327490164
hncKzAnyKQ,-1,0.0
WXAjAelIpJ,-1,0.0
TgCkj4uEPl,0,1.0
7EjdHkOwc4,-1,0.0
E6gwPtWjb1,-1,0.0
auiURbhoYx,14,1.0
ibLGUkBWlz,-1,0.0
49ueGcxA8W,0,1.0
a8mYhA3Fz8,-1,0.0
w2xl15ZbD3,0,0.8888260512232348
IIjiNTR1cV,17,0.7423630621362288
c6O18DyBBx,0,1.0
4P6Mployhf,-1,0.0
bsjJ7c1mEV,-1,0.0
nq4hnk2NNV,0,0.2912312194193918
DG0F1cdjN7,0,1.0
yPXOfBoQL7,0,0.9950041034201068
wYBP37ujg3,-1,0.0
hzMkfIrdDT,-1,0.0
Y38oEwTLTQ,0,1.0
9QPlVgpiQ2,8,1.0
LNWyf2RR1V,-1,0.0
gQ8kIhu8JA,0,1.0
0U7D9AFiZ0,2,0.5059343129147937
BneVLr7iis,0,0.6847341956980414
FGliQVcrDZ,0,0.4461872567710329
TLxJAqucpL,0,0.8330934364280794
9eVXIN9Vij,0,0.4899886637357056
iXjVis9Cwn,0,0.562356158654953
IkvQqD7hk3,0,0.8084853210489906
i7LuLGc2mu,-1,0.0
ZfAwtFBR9K,0,0.9895266792601816
V5efEA8nIr,15,0.7554350413758789
VzSjSUE0BZ,-1,0.0
soYT1bfsPj,0,1.0
PInrbKWnbV,0,0.6598061109769723
I1hgynwxGZ,3,0.6189664015799935
0EcomthIKh,-1,0.0
ly5DnRIgCZ,0,0.7802178094717775
ycPVp0577R,-1,0.0
cGkfMGQdCy,-1,0.0
uyJcF4cwMc,0,1.0
ZacSviw4em,5,0.6600794554535725
JWmfbzw8ur,1,1.0
mhARf5VzCn,0,1.0
C7Ed8V44JY,0,0.4777284493540559
KlZUwDP0pR,16,1.0
klOr9y9nMU,-1,0.0
SR6ivhZCQK,4,0.1910943905252881
4lR9OhAisI,0,0.6547846401685782
jcvX8XFNqX,-1,0.0
6geRIdlFWJ,-1,0.0
9xXjWwAoUF,6,1.0
M6gpmbPFty,-1,0.0
4X2UwlYsXt,-1,0.0
D6PwC6Xogv,-1,0.0
QzE4SDwcCr,0,0.6580701471682563
8t89BYV781,0,0.8156396458337467
B2iPEX5A9c,0,1.0
o4lJrA0s3I,1,1.0
Hkvyosg7Yx,-1,0.0
kYYyEZ1LIX,13,1.0
nMUpDatZBh,-1,0.0
YB9VGCClv9,0,0.6524400021774683
PA47sKU8CU,-1,0.0
ZsySJqavh3,1,1.0
ZZMkEooail,11,0.8636008721681839
7cirmREfbc,0,1.0
sYVKHgZz2h,-1,0.0
JRkFZl0TJ2,0,1.0
ltPRj2nthL,0,0.7719899718417659
FWflRgqt8X,-1,0.0
vqaWAmuzRt,0,0.9267680387103476
UFAKqq77e3,-1,0.0
9r3OQhPiqT,7,0.8819650702135908
KrglRiOKYT,0,0.2826236153680197
yXitkQJmpj,-1,0.0
MyxVp2kogT,-1,0.0
VsZzTSyk5p,0,1.0
B1nCWzpnE4,-1,0.0
WRwr2YZ4zt,0,0.5597247343736524
w7Fe5rHLvJ,-1,0.0
weU95NZePs,23,0.1989364509186182
dsjxCoa0CO,-1,0.0
lOXirB5NeJ,-1,0.0
wTBhWbCRpN,-1,0.0
tdMWo3jB21,1,1.0
tD7MLq0dbZ,-1,0.0
tPI9Sw04sZ,0,1.0
2Yk4GnB3DY,0,1.0
3FsM6wWQL4,0,1.0
7bP1wHsJgR,0,1.0
C9653lXaFO,1,1.0
4kT9Jn7LSB,0,0.8796543997255402
shMjc5zvqL,-1,0.0
0IyP6PnlfG,3,0.783144048326108
pXXKKBx8G0,-1,0.0
1esFEjMUBS,-1,0.0
zOFxp98km2,0,0.4271469294214655
2jwAjomEDB,27,1.0
EY096v0Jmg,0,0.5612738771035084
DbzREoPwmM,-1,0.0
gzYuvZg28E,-1,0.0
aNpj43Uh35,0,1.0
WDdBhcwzGe,-1,0.0
Ex72DkOeNS,0,0.6514857008038756
YStO2i0oyK,16,0.1801052529284424
q5QaTQcUbS,-1,0.0
jSeWBdH0Xx,12,0.5914673179424076
fKerD2AQai,9,1.0
3p4272zl7q,10,0.5216284068850647
W3JnXa9mW2,-1,0.0
PQcSYOBZii,0,0.9146111474249704
lkmlNHuzY4,-1,0.0
um9kHMof0c,-1,0.0
Idmk7O4sWA,-1,0.0
v4e5Fb3mQL,0,0.3006545339558295
u0rNHqMpFD,-1,0.0
xoNrbfbekM,0,0.9662941028165012
lkw2WJLdbh,1,1.0
fDjDVE4qdj,0,1.0
F7y7JMaTvj,-1,0.0
idqBQnot0t,0,0.3828042607836148
jbLLxhnoty,-1,0.0
VNbvk5pMS7,6,1.0
8I5ENDN5ux,1,1.0
cT54nK58lH,-1,0.0
6BHDre6WQW,0,0.783234188665201
A1u6BFAEGx,0,0.877422853958939
JebheQvpIb,-1,0.0
IJLqUjtrls,0,0.7539854961099116
EATkC9iHE3,-1,0.0
IjMZfMVyLF,5,0.3694053772862999
lscdYmLJ5v,-1,0.0
X8x70g0SSw,16,0.2725613345961672
IKxKs3rF9V,-1,0.0
wIM0y07NGX,-1,0.0
4Q1vA6P9J9,-1,0.0
KI8qan2EA7,-1,0.0
GSE3oaiDL2,5,0.5840326087553738
LuGevcG5IB,0,0.4271469294214655
TEAASoJWsb,14,0.6428740101095854
MrUsZfQ9pC,0,0.7311981227783274
EeIb2ba8F4,3,0.69941580761416
k1fbdnwjCH,-1,0.0
huZzy5w2Js,0,0.7911554153066214
6LOgOsIcXe,0,1.0
sbPlIVIZN9,-1,0.0
9eIntNc69t,-1,0.0
iLYV4iIC0c,21,1.0
BAYTbpUSrF,0,0.4271469294214655
oeZZusZheP,0,1.0
hDDe38BNsT,-1,0.0
Owu54YW8HR,-1,0.0
5NkfjxMpWe,0,0.7265296148954907
2t5IfPAzbX,0,0.7243352066645766
gBgvuTd9Hx,8,0.7004820623693485
XPyAukgsFf,-1,0.0
nik6BjmLm2,0,0.9037412126904312
3xwsD68F2K,-1,0.0
9Lb78wXdFO,-1,0.0
vCTnwpAcma,0,1.0
yPnEvPq3kV,3,1.0
F2ILoE1eDj,0,1.0
akhhwQh6UV,20,1.0
xgvSwwlLah,0,1.0
3Sxby0hH1q,-1,0.0
W8TB5rmbk1,4,0.87637136512609
oIBwHvF930,-1,0.0
r4dzaP61QH,0,1.0
fsTj0BNxyH,0,0.9685194794290596
qspsIrurcR,0,0.6380696558295068
atY7t0Krp6,0,0.9517859636477588
8FN25PlktS,0,1.0
zefDc9oi5T,0,0.8888260512232348
3SUkvb8PRo,0,0.5061215817368838
7VN0iICXZj,0,1.0
eCElREEUsr,0,1.0
QclFsekj9B,-1,0.0
cJRggDnFg2,0,0.9741282554564908
Jd8UcXJDCz,22,1.0
roKj4IwaVT,-1,0.0
zJzu9evD5K,0,1.0
P9gY05BDkW,-1,0.0
V8FnYzDX35,21,0.6307403053309515
49EjZytlus,10,0.7716254724572748
9AMNN3U7Ug,-1,0.0
kWGJa9ZO3M,17,1.0
VwjHVS4zZN,0,0.8074112614939007
yHJRI6rzaA,-1,0.0
d6RH6W6cul,-1,0.0
5g9qls1V7Q,0,1.0
y8VWYf5cVI,0,1.0
J4w4RtwLyB,1,1.0
jmnt0F21K7,-1,0.0
IiPSP4OUYx,-1,0.0
TDFSKAspoQ,-1,0.0
P5yoTfwyyD,-1,0.0
z9oeQrcNh9,-1,0.0
kZstGANG8D,0,0.8517005948609286
z67on2D0j1,-1,0.0
o03aOm4Vci,-1,0.0
VRhVS59yhP,-1,0.0
Wxh5Xz7NpJ,-1,0.0
ByQdHPGKgU,0,0.7395835015495412
24tuzE5KZc,1,1.0
tkV3n52mQO,0,0.7386629536828695
bYVxDz3JAt,10,0.524882516100748
Rc489jcc30,-1,0.0
oB5GHrsfI4,-1,0.0
JFygzwx8SJ,27,1.0
oN5YVZ9JeF,-1,0.0
5Iw1nDtYmT,-1,0.0
mDjEKAwJOF,9,1.0
5JasBI1p8p,-1,0.0
oeMK0Js4lq,1,1.0
3CYXSMFv55,0,0.6409634638468877
tBhEHymG1m,12,1.0
1ULQvdbZ3X,26,1.0
4xvE6Iy77Y,-1,0.0
1b7whO4SfY,0,1.0
9twwDW60Bw,0,1.0
ycMpNwzUAA,8,1.0
BBZEcVu1nA,0,0.5002787222632245
SWsDJbIloF,11,0.7570639978079086
A4t17y2lXa,1,0.196572568723664
pdlepT2alu,0,1.0
9AHkbALT2t,-1,0.0
y1z7SAS8q8,0,1.0
Kdqzbx8YGU,0,0.575834870647854
rRHuBZdDfY,-1,0.0
3l7Invcjmn,0,0.5954868752196195
YLlpF71IZJ,18,0.930296080553052
91l4ZTMpO4,8,1.0
UFqqqJZwM7,-1,0.0
hPfICQIDOm,0,1.0
HhCl2BIHfk,0,0.803936812673841
PtGMadeONU,0,0.9496092247450546
VzWjHxE8PF,-1,0.0
rHBuLD2slP,0,1.0
EqlmpJYapx,-1,0.0
CKOyN2HShu,0,0.6277304722746773
R6m6bNnmWm,-1,0.0
YjZYMHvlRs,-1,0.0
RW3cHh3HgY,0,0.978586262692808
OFSAgrid1R,13,0.1443487779707457
rJiu7nvLxA,0,0.5546269939337973
wN7aPpCfSx,-1,0.0
BxoEDR2yQM,-1,0.0
aLGgz4SOyu,0,0.8501406781351809
uNqTxj5brQ,-1,0.0
pVaqdFlUAO,0,0.9192967966754492
2rupjsmVpp,0,0.2226101840138019
1Sb0363f2y,-1,0.0
K9PcELos78,-1,0.0
D5TSSVkTBA,-1,0.0
QjnKsujXVG,0,1.0
PTLIM88XYR,0,1.0
di43GKTaPz,5,0.6490498486694729
4e7jkPPzD4,18,1.0
UKFg5yeZeX,-1,0.0
LHsQSC89Pt,0,0.3342959618821539
cjjPn1EIwq,-1,0.0
Phi6C3kFy1,0,0.3844335084285128
NatwrOmOvM,0,1.0
e4IlBqhbTO,-1,0.0
vhPy3NMsO5,17,1.0
thJ6aFoKrh,0,0.9370392800388334
73EcEGo6LQ,-1,0.0
eSIRst0WVy,-1,0.0
wOSZVnYH5w,-1,0.0
ZdQhQOXVku,16,0.2521994108515527
jPduiyxyfw,5,0.7310343428177347
It69GYOep0,4,0.4391672627859236
pcG6NRJKu7,8,1.0
2Z0OFReqkT,5,0.4206934833272733
ZvUZvT8tgg,0,1.0
2jzGEudVdS,-1,0.0
Vejx32FeWt,-1,0.0
gzQYPO0d7b,-1,0.0
pQ0D0vdjJv,0,1.0
ffBF6hYuQv,0,1.0
MqGZIJxZ1z,0,1.0
CYh2VrTM8N,-1,0.0
7Nxq4RQApu,3,0.7681625407772965
ULblO61XZ0,0,0.5854391812891784
DGtHOkJAU2,-1,0.0
nR9S0Iet8O,9,1.0
W0DDiJeZo6,5,1.0
kWsptXXt2o,7,1.0
qDm3fpLYDW,0,0.7907295510589256
JrZY7ilKLs,-1,0.0
2ExVHRE6jd,1,1.0
sedMS4kPz2,7,0.797109520213604
zugMif2nm6,16,0.991439056567132
XBMjXb6f4w,8,0.9344149853100544
yPC9zmkQgG,2,0.919782589311361
wSDE3karoF,9,0.5778002500539033
QIv5aXEAcc,0,0.5504217647772327
bXPC81PuFP,0,0.6006840827140755
KWNabnuuct,0,0.8465620832721024
3Sk8CaQWdv,3,0.4038210038597392
59HMRbpQ25,1,1.0
qMWD6qYHdk,-1,0.0
IByOCSsDU5,0,0.877064724623216
yBWRrqPwyN,-1,0.0
fvho95EtPu,-1,0.0
z6d5MRMDNf,-1,0.0
MULUaaNZFx,0,0.6154267621157993
HUUQmnwUIx,-1,0.0
bh56ijtRb9,-1,0.0
qBPb7g1SEa,-1,0.0
rMqQdJJz5r,-1,0.0
4lH9MOuGfy,-1,0.0
9MLfWJZXTn,-1,0.0
458m5RSMgJ,-1,0.0
Eufm2Jmjod,2,0.7520942619239697
OF7OLxvY0t,-1,0.0
tIW29IpCwG,0,0.4951890990613317
rcX3qxO0z6,12,0.2740497742146596
jDKhljBQb8,0,0.1897282022323151
JxBA9OJExP,0,0.6917082428120545
GbRVlyVOqH,-1,0.0
2w7nx3U07Q,-1,0.0
UVDihUz0iT,-1,0.0
yDh9s1qPzB,0,0.3844335084285128
MtwsRjPZhf,0,0.1416656221851034
9iYKXx5ieE,21,1.0
9ednYuGHN1,12,1.0
k1nSnc6rhr,25,0.82171711149612
kYisDXzTk7,-1,0.0
gNwJTjxmBe,0,1.0
5GoxWETVvV,0,0.8052908040526565
M226WElHp5,0,0.6070049764699297
wxplnh8z01,-1,0.0
7WgYEIOLdv,-1,0.0
5bu1IOOvf0,19,0.5154804534563501
C2QMbkp7iq,0,0.5992932949974238
de07K7kreI,-1,0.0
JenfC3ovzU,10,0.5148446764774026
6hidr8PJ8F,-1,0.0
Bzlt5tPFT6,-1,0.0
dpvX74dPWl,-1,0.0
Xma2G1ak3H,2,1.0
QdfdwsboOE,-1,0.0
2exr4mlbx1,-1,0.0
QkX9obx6UR,-1,0.0
XF1OzY8mEI,0,1.0
4TUpqyDJbz,0,0.2402061387383451
theJ4Qiz55,-1,0.0
EJ34X5VWwu,-1,0.0
fEg31YjLct,6,0.4341921960332779
uwUkETPIJN,-1,0.0
CTsdZ3j6dR,-1,0.0
wlqoUpuQrv,12,1.0
sj5wiTCtu6,0,0.8246755194325492
uG9F00zKJF,0,0.5629069287108545
nqVLJTPoQC,-1,0.0
2FmTcj6WMB,-1,0.0
9XCyUFsm1H,-1,0.0
ZkGHzGIaMB,-1,0.0
8omLr8BtjL,0,0.7466525972703089
zwCb9cKHpd,17,0.9589297935254704
STLolzI6q1,0,0.6551252295560611
GkB1ZUNz83,0,0.6666657528419531
SgQAleMecy,-1,0.0
rZ2nSt1X58,-1,0.0
w97lDmoD0U,24,1.0
NXkUWAxSEH,-1,0.0
YRh4epoqIS,9,1.0
k2wzVFXZmC,0,0.6372260842232569
2g65iaYl69,0,0.913114989865876
68OW8tLSh2,-1,0.0
Rtd6GoJcoT,12,0.3289302323372878
2T6GWekWSm,-1,0.0
Lwn1rLB8t7,0,1.0
iBwW1DxQaa,0,1.0
uIIxKnFmeY,3,0.2583130727219261
jy4bBsr1Jc,0,0.928251292054931
6wbykApw7A,9,0.7918965704166346
yFasd68NyI,0,1.0
YDWRTYgR79,-1,0.0
U5w9l0yQdo,3,0.2521094083268955
ROfYsQ2KNV,1,1.0
mVNryhp1q0,0,0.4737197891336009
dsp8dUlZFq,1,1.0
K2Q4Jp4RbB,0,1.0
Ll5miDx8KB,-1,0.0
3kVM0m60Q5,0,0.5695891290157115
zL4ifL17bU,0,1.0
Wg9gAqjAHb,-1,0.0
baNBqpzvMT,-1,0.0
BGwZsFLJFU,1,1.0
mVRphqQKnb,18,0.2702502829319356
m51t6RKfGH,0,0.9871750210177052
lovTDtbsdZ,2,1.0
Hs3FrjwyVZ,0,1.0
EtqwyqJrJO,0,0.6117732677396395
hFaXVjRFHI,-1,0.0
9qCejdqPXa,-1,0.0
2w64oCNRFV,3,0.2360227906155391
nufqobhME7,3,0.3755760417787219
sT9nd1WQ76,0,0.4271469294214655
5ODlY0KYCx,0,0.6655394974709312
sH0ZwzDJZn,-1,0.0
ctJxU8v3bY,0,0.7367906460529923
3i53Z6g6j4,0,1.0
65llKR17s4,0,0.4529578422006181
kLAwT8G3Q1,1,1.0
aUAG1WS7J2,-1,0.0
os4QYDf3Ms,8,0.7004820623693485
9uqGAlhgBS,-1,0.0
zsUOQRUFOy,26,1.0
fPPfFMVTZo,0,0.9342283067148694
V5kzCSeaXF,19,1.0
7jg26Fd1ra,-1,0.0
VafdgT65jB,3,0.5761302924555507
yruGxKsZyH,-1,0.0
MfhFiU28hv,0,0.9136046322964412
4ULtNYHc5T,-1,0.0
ZyiBk1ZinG,-1,0.0
4exx1hUffq,-1,0.0
aqpHTPC63N,-1,0.0
iqBdAYwzmz,7,1.0
B9T5kKcKTy,-1,0.0
Ekw6gjs5Y5,12,0.4419627679172186
nFmq9z7Mdq,-1,0.0
prm9Y3jM0R,4,0.9740285515933976
oQbTbio99T,-1,0.0
Eyis2h3tba,-1,0.0
I822ZIRtms,2,1.0
YngHXbJM8g,0,1.0
OeXukLC6SK,14,1.0
L26J2etiCX,0,1.0
lrwntEIcYj,0,0.8364603618473704
zt3RKc6VBp,2,1.0
rOR5IZcwJx,6,1.0
rgajBQxbC7,-1,0.0
bmznY5wYXH,0,0.7574205680202125
pKQcmLHoGG,0,0.6271279335969339
Wlpf0Vg4yU,0,0.8704356557711933
OpAGOfAhT0,-1,0.0
T7KZbdzAXB,-1,0.0
jAlvha5M8v,12,0.2740497742146596
5iHDGJFf49,2,0.8264060091729573
R9xJSk5SQ2,-1,0.0
fS1ojmtVMf,0,1.0
QFjssnKdBI,0,0.723616934708031
oanhUGY6un,0,0.446774448114747
n4nmiIq3qj,-1,0.0
FYbe7r0mxu,0,0.8796543997255402
gZsmYwFHci,-1,0.0
KM2XzHq2Rm,-1,0.0
hsf4gi5iEN,-1,0.0
m7Aw57oI3U,-1,0.0
on6Hf0KP20,-1,0.0
2YAGKZVXQC,-1,0.0
3rRzYrpO70,-1,0.0
MJvwM5dBZM,-1,0.0
qj8y1MjzLk,20,0.8162193072014254
vritEZz28d,6,0.5443207548504309
o8r3gOFTQo,0,0.713847881464016
YvypxK4kut,0,0.5561272163572023
I9F53Qlwur,-1,0.0
ESB924uT5Y,-1,0.0
m5wrqqcWbN,-1,0.0
ZBlIh88GMA,-1,0.0
JZuDhckogK,0,0.4702378160617868
yiSoT2pHfk,-1,0.0
OQFfM96ZcD,0,0.9227091115549344
wKU3wPQYLW,8,0.7345032498803679
g9olLDlaqH,0,0.9700366046998616
ToEgGjClB9,-1,0.0
3FxMJEj6t9,0,0.7476065131002235
AHccBzULR7,0,1.0
M0U8wUow8c,-1,0.0
DTvviEnW2A,0,1.0
lG82mcrKJf,19,0.4169981821758049
vEFAR8KH1l,7,0.7896239414890165
9Sb7YIHK4e,0,1.0
2lgVQRB4dh,0,0.4825345101064556
NHz3BlszTR,0,0.978586262692808
NhE5IeWl30,-1,0.0
UogChes7e9,-1,0.0
IaOhbdu2Ov,6,0.9067783596626924
tT3EQdFHtX,-1,0.0
dFlqhts0jS,0,1.0
FvXI7DNQfz,1,1.0
nW6SMcfDq3,7,0.8481980109627535
FjNHmO39pp,2,1.0
jJweE513Am,-1,0.0
14irEkV01l,9,1.0
wiWNpjcYWH,-1,0.0
AHjspi4R22,-1,0.0
iFIjNXb0Y5,-1,0.0
9GzyCtlngK,-1,0.0
2xjcosH3yQ,5,1.0
OgLRVB78nM,0,0.7999154957544421
vMkJWaa02n,5,0.4306158289376652
9Hweh7Wx8R,0,1.0
ySFDPoiANu,0,1.0
A3vDXf4PUO,-1,0.0
9T6Pu6iWL6,16,1.0
g42mGfR6We,0,1.0
b4pEeU44AB,-1,0.0
Lz5BUjArK4,0,0.9037412126904312
EKJhU5ioSo,0,0.4213955477798083
yzv6kysYbw,-1,0.0
PrYDDxphym,0,0.2070994781570493
gyn4n8oC9B,-1,0.0
tBQEPRFT60,-1,0.0
AZLj6ObEDF,0,1.0
9jaQTx1O8T,13,0.3961100192181412
J0SbYYY0po,2,0.6524408142001014
X5Hk8aMs6w,-1,0.0
QzOBE4mi2N,-1,0.0
5WyqKH9nOS,0,1.0
Kvsa8ZXd0W,-1,0.0
1YzRtbaAzZ,-1,0.0
FUd016XD4d,0,0.6751479447981961
2uKVyGq5zK,9,0.875065654151791
7LKKHBAMzH,-1,0.0
EGK487IYAW,-1,0.0
FiM0M8gcct,-1,0.0
2xPoZhOO23,0,0.55238540602557
7RErGDbO6K,-1,0.0
XXCzRmQcJC,-1,0.0
NM8Apk61NA,-1,0.0
m3huAdsaGI,0,1.0
tQgFLIkvKH,22,1.0
n3armuTFit,0,1.0
dtYKDOBkc7,-1,0.0
CsXKGIqZtr,-1,0.0
h3gaIBwemp,5,0.6354816091949689
iWWPtwXfnO,-1,0.0
IT12Radlnq,-1,0.0
zY5J1vp7tZ,0,0.4566451903458035
t04casiy7F,1,1.0
BJ3z1hYuKx,-1,0.0
Xic1sPAmfC,0,0.2070994781570493
x7fCiuCCAu,0,0.783942838422126
QtnCPZMxYg,-1,0.0
Lf0W2gmNBg,-1,0.0
11fe8wKkmk,0,0.5808933972521866
XF4JM2MTSF,-1,0.0
V7m2oQ5OFW,0,0.4271469294214655
p324ryBKTc,0,0.2211124331235592
DV5z7VcaUA,0,0.6856083433311616
ZDbhQrgwoT,0,0.5844377513015128
SYcggdxX6W,-1,0.0
JZ1fVVS3uk,-1,0.0
xTWWKMxY1x,0,0.7916809147694682
qS3WgmGs9s,0,0.978586262692808
CkmLys7ipp,0,1.0
KwHsZJatB8,-1,0.0
LeJwcMLIlJ,-1,0.0
IF58Mgg63k,0,0.8519157629138344
EeIEvZlmVg,0,1.0
JHlBLb6Jpz,22,1.0
OzdAnGHEPx,-1,0.0
ybH0avRV4n,2,1.0
qQbvLU34F1,21,1.0
GBMzJLhsRj,-1,0.0
ZTfqehfcEJ,-1,0.0
jVwIfsJLvh,-1,0.0
kxuIIMBVTg,1,1.0
o6keqobP13,0,0.5739448053240799
fllsm01JWS,2,1.0
gMHLQASj11,0,0.7381337288416827
zyopvwZbSj,9,1.0
rbr2mMSBua,-1,0.0
xEauKyHVJj,2,0.5177623050832364
RxkCwOKVKa,-1,0.0
aZooxbW63m,-1,0.0
1LPPMAUlaT,-1,0.0
Hp78SvTU2N,0,1.0
KfZm1bkS8C,-1,0.0
gjjsDmlQRW,13,1.0
FDAI0PY9Qp,0,1.0
iUjGNJzrF1,0,0.8723476940833055
Fqsl9IfbfJ,0,0.4657114116781596
4QRoLzD11x,0,0.8555860431842328
FrQd4NoQ16,0,0.5693187140089033
n30sfYPrDD,-1,0.0
nMLvTru6Zo,-1,0.0
ENYvdnyhLl,5,0.3774263405947279
RALtozQipi,-1,0.0
BeSFxKX3Po,2,1.0
9env0BdcDV,1,1.0
v7UqniC9pF,0,0.3311242186240736
ZqwyrPXbV9,-1,0.0
Ak4tP0vvna,0,0.8987178164365617
V8Kbz7l2cr,-1,0.0
agcXjEHmyW,2,1.0
MMYTA3v66p,3,0.4769926486032616
8z3cOVER4z,27,1.0
ph1V6n7BSv,-1,0.0
cYO7k2fA8v,4,0.0759287061429338
2dpiR9fqUk,0,1.0
Ae9uoV8FCz,-1,0.0
2RoX59ldUP,0,0.5085240351239452
vWaMUMrBpF,-1,0.0
Rzqs4q9ooa,-1,0.0
9tYH4TrV1b,-1,0.0
y0wDflmpLk,2,1.0
UGaAXvav8S,0,1.0
bRAm7A02Qm,-1,0.0
4Hzsuzl76a,0,0.7868706341167124
a2JTVVvcEl,0,0.5272843663266565
JzCjNJlSxI,-1,0.0
3veDGO9KiK,26,1.0
I7y7MgsEgO,-1,0.0
MxYvh8zpbR,-1,0.0
SWDBajHBfn,11,0.7164757832714291
w1TjXJk846,-1,0.0
s9NkfkUuEr,-1,0.0
fuOEekc2t3,0,1.0
DxKP2E0xK2,25,1.0
YY1MPKBHp7,0,0.7897195691701283
bWZSy9ARPD,0,1.0
oY1Xnt83oJ,8,0.7004820623693485
lQYNmlTwtc,-1,0.0
0THi1tG1HY,0,0.7009243340852384
thHhKPlt8q,0,0.295140933243613
AZ1iyo58F8,0,1.0
t7LKc0MMW6,0,0.813418423900244
TJhHb6CscW,-1,0.0
gXoMU9YYdY,1,1.0
NJoDGAnhWB,0,0.6239539834983803
cRxzKxsKow,0,1.0
wEk10M4CPD,0,0.6743673514035152
y4AXO2pFAh,4,0.6603047763662632
bkZrAIWK0N,0,0.8995163092236416
zPgPDHupcE,-1,0.0
GtImvTta8x,-1,0.0
Bi1udlTjMb,-1,0.0
ogZu06NgQs,-1,0.0
5l8GydIsby,0,0.8576313555472171
721bDIvjen,1,0.9796176721634512
5ZDT1dxojA,-1,0.0
SYgoqXyoaQ,0,1.0
TYroQXu6X0,0,0.7875862964962359
v6vBK4t8vB,-1,0.0
wZzC5rpDY1,0,1.0
D6aCr4RRdt,-1,0.0
KR2zKdlEJ2,0,0.9729331851645678
kn4QjJFZaN,2,1.0
hHn8xGTRKO,4,0.7444233829756289
uGDNHlslgO,0,1.0
T1V8BJO0iG,-1,0.0
r9YDEErKXU,-1,0.0
F9AaBpPtfb,0,0.9297625572454944
jvq8nzOUp8,8,1.0
x0q4EXkbc2,1,1.0
aGB48BEN6N,1,0.2208191563965641
Pm50n1szgP,20,0.9217020462592184
ur295YVtmt,0,1.0
NoC9HT7Kf7,0,1.0
3UaItHVjyE,0,0.7728864265381028
zPj3SUiz3y,21,1.0
dEi1S731lk,-1,0.0
xEzQCFSfPG,-1,0.0
X9SNL203cV,-1,0.0
IBrRNLr6JA,0,1.0
SkhF3cuyev,15,1.0
MBJJ9Wcpg9,0,0.8235941664764709
zQmXDUbZ5D,0,1.0
Oir5nKRKVP,0,0.2070994781570493
0J0y9vSCWf,3,0.6063160386971236
GyOrgWZZKO,2,0.7460492652538974
XOw7Yf8qN3,-1,0.0
dbioYc7qav,-1,0.0
rH0aOLyjYQ,-1,0.0
KQoVgPOM1S,0,0.6670789060571357
Z6b7xavA3Y,-1,0.0
30iBKSQMXn,-1,0.0
wrFaF1gA6R,-1,0.0
fbDHv2LQZJ,-1,0.0
hqULlozHuH,0,0.860648921879132
dOGXKBL7IE,0,0.6281195064671303
RjZUldI6Qk,-1,0.0
uQmUjgR8Er,1,0.5124495815056724
FjByDpDVIO,17,1.0
z1wIUZtBmK,11,0.590596110000367
voHNTOO5CG,0,0.5492269300390864
tiEsJtw3FH,-1,0.0
rasMAgd72Q,-1,0.0
DfeHiyTz2W,0,0.6681433261106998
i9zoexiRFA,13,1.0
UfFTBEsLgI,0,1.0
p8lKcNkJRi,-1,0.0
X13jOIhnog,-1,0.0
3GPB0zbcSi,0,0.4228425498885239
qhYp0kHjUS,4,0.8016149349273141
LrBWGwVfCA,-1,0.0
UXc87Orcri,0,1.0
7N6pJb16sh,-1,0.0
F3DrgOZYc6,1,1.0
3AdTRYA2uJ,-1,0.0
NUaIywqBtK,-1,0.0
kqHzgTV9AU,-1,0.0
1KylG7l2oQ,-1,0.0
nzwjvpCO4F,-1,0.0
HnJ1UkuJXS,-1,0.0
GMvRmyunw4,-1,0.0
EBwfFrw5VA,-1,0.0
wczmXLuLGd,-1,0.0
vu7C8peYqo,0,1.0
UoKt9B1aY8,-1,0.0
Oul46PkP7Z,17,0.8039869796635576
XLa5Puhqzg,21,1.0
wmweEDugTZ,-1,0.0
JGkZgEEjiM,0,1.0
TYoYJStuN9,-1,0.0
sVSVgWIkb0,-1,0.0
gXZlZAeqay,-1,0.0
idjZKbf78s,0,1.0
QFOhUboCvp,-1,0.0
SAlCQdk5lx,0,1.0
y5IUGnpDJ8,0,1.0
NligLHO7yG,5,0.8548229356581961
qUmULptJuY,0,1.0
PMSNd8xTHp,0,1.0
RnOKrKVMfC,-1,0.0
N6ZzwaYSxQ,-1,0.0
2zZzdAMyYi,15,1.0
95plu1Mo20,-1,0.0
8RMs5San6e,-1,0.0
B9P4mozXYO,2,1.0
QfKpJ00t2L,-1,0.0
NKPud1Jnyt,0,1.0
NC7FPrUpKi,1,0.9234534384546677
yvql9WAJrx,-1,0.0
WwzurufeFN,18,0.9856457814561104
Yhfx12Azz1,1,1.0
RsZv37DGka,6,1.0
GDbyUZiARK,0,1.0
Z4eFqgYbha,1,1.0
7VLxvVEtHh,-1,0.0
Kf9eNbp4wy,0,0.7764244781470794
mVh0lIsdUl,-1,0.0
fDl6RolijS,0,1.0
HgLaVgCpCl,26,1.0
UBsYf2lyNE,0,0.1897282022323151
MBQZwQ6vFd,-1,0.0
5pQFE4yIZ5,0,0.5256432933023174
F54u4NkFvS,-1,0.0
8rKSfL3GsK,-1,0.0
Iguyg0LULD,22,0.4742239486105075
4xl00JWQ1z,0,0.6599854537173897
ANl9HuwIMs,0,0.6599854537173897
YTwRZP8mNO,-1,0.0
X3RVQNOIXZ,-1,0.0
fV46JjrrOm,-1,0.0
VKJTyhAtoA,0,1.0
1nSynwHvu2,1,1.0
jb4EvgxOXD,0,0.1897282022323151
SXr3Dynctm,0,1.0
4nDqyCS3h2,0,0.5687863249096916
J8JCF64aEn,0,1.0
AQsko3PPUe,-1,0.0
dAAz7afWJR,-1,0.0
mHfpziOtTW,19,1.0
RSppi0Z8k2,0,0.4717759767904079
V0lnRCH73U,-1,0.0
RBiyFxwGJm,1,1.0
QlDyoo8qLY,-1,0.0
fb7maZToPl,1,0.681323934084418
IIiRwgkZcm,0,0.4535496291301627
g9XLUU3TaG,1,1.0
xpwFuMmzeq,0,0.7468590868216058
bIt1x6SgHX,-1,0.0
h5NsMrUK4g,26,1.0
be6u40gq0Y,-1,0.0
bK3s3n0vPA,0,1.0
Ct60KFYMIf,-1,0.0
BrmR69AhUg,15,0.689483441244233
jTCiQpV0Lx,0,1.0
ONebBepE9l,0,0.5397030236294245
k71nsscO9b,-1,0.0
EYC29OdxgA,10,0.5706976295555845
cPO8dUCJOc,0,1.0
UCV21BsuqA,-1,0.0
19MEprgUub,-1,0.0
2ym6uVbgMN,-1,0.0
zPKeJAEo27,-1,0.0
jOHgjZaGqd,2,0.8203495476320849
vO8LLoNWWk,-1,0.0
ENp2kCdYE8,-1,0.0
BRklmFlCsD,0,1.0
w4qJ056WhI,0,0.8107182235380467
0rGJzKTqMs,0,0.5693187140089033
7qrhHzZpTA,7,0.4310415369745572
oCXyxhgCiZ,2,1.0
wKG45sR1Jq,11,0.9295733989496168
XDtwXau0BX,0,0.3045812249907174
S1zkFSby8G,16,0.346481060237644
oGc1qHAUBJ,0,1.0
tA0l08qS5N,-1,0.0
sl4KqWBkDq,-1,0.0
3QjESmXftM,0,1.0
32JgYdTfT9,0,0.2967657330166909
PoIhCjqzn0,1,1.0
R0B1z8dQcV,8,1.0
xp7B8rkh7L,0,0.8888260512232348
BtPg90UEbw,-1,0.0
cx50h8q0pG,1,1.0
tPXtIMagQX,-1,0.0
BJBje1IHI9,0,1.0
RWkLsoLeuj,2,0.5661683569960334
NHw8muIAcL,0,1.0
rAuRLePL2R,0,1.0
3qeTs05bRL,-1,0.0
wW2qRfhT9d,-1,0.0
XoFJjBH1Oq,-1,0.0
rccgEdFTlH,-1,0.0
P69X3V4WwH,0,0.5380658031503354
96I8PGPALv,-1,0.0
r7FR4UN7uk,8,0.7004820623693485
4jWuS5hye1,0,0.6344038166687744
JeXkIy0JyM,9,1.0
qTXlFwlggv,-1,0.0
7n2Kv5BUz2,0,0.5871211662775674
tv2McpEdyH,10,1.0
2LfZDy2Ldo,0,1.0
0wW6Ml0qku,-1,0.0
WtMuGdHvh6,15,0.131400408170862
4FUdUFvvmp,-1,0.0
IQ513IX1G5,0,0.4940153584471502
sPbsnUCyNt,1,0.5166994844213708
H55l4vLQV8,0,0.3137232981685811
wCbOKbZ7kf,-1,0.0
R0LqbSgZjP,2,1.0
owNPAl7LNK,15,1.0
QPJjiNCRq1,0,1.0
I1C0a01BZu,-1,0.0
7JjS2cdBYN,-1,0.0
LUvu0H3uIG,0,1.0
CYG3kmFsgM,0,0.4915485182308016
83HlJrZigZ,17,0.685443054747959
wVxIBvUAlj,-1,0.0
7aDKD8RBUw,-1,0.0
heY0zzGvYm,-1,0.0
plrg87MP0F,0,0.6115336306242722
xB1ZNgq0Xp,0,0.5372501234886763
eyH8QLn2Qx,-1,0.0
hJRklWq4Ah,7,1.0
klmc4fwPLd,27,1.0
mBgGg30LZu,0,0.2952658463940561
NNHgm6VJkC,0,1.0
284GWLFtjU,-1,0.0
fVhWrnA8sN,-1,0.0
vKyiv67VWa,19,0.3821633536442766
yv7zKaptjo,-1,0.0
y0SRR9XGlZ,0,0.8096493136490838
nZ4mFzCZIx,0,1.0
ib0aV2hphN,0,1.0
64lk7JQAU1,0,1.0
tOwP9z1Zde,11,0.6749173663170459
2a36EMSSTp,0,1.0
BFW1fkB8ck,-1,0.0
3YguS2rxdk,0,0.4651758237796803
noiiyIk3hh,0,1.0
ZtzWvNKOCr,-1,0.0
o2y6BS6mm0,-1,0.0
2Qn6skg175,-1,0.0
1DgSkx8L63,-1,0.0
XWbIHOW6u1,-1,0.0
Gr9VtbcsPy,-1,0.0
w3dMbY6rFe,14,1.0
rmL109fdAJ,0,0.5006656073622435
G1nzvhZbQJ,0,0.7367906460529923
iXy0ncNepZ,7,1.0
DqRbfiTdKK,0,0.8888260512232348
6Had86RHix,0,0.566689132759423
cHi8QxGrZH,0,0.7885595539640778
wgeN1eD54P,8,0.7004820623693485
MtdC1XS6RN,-1,0.0
EYxLmZRSK1,0,0.9422816286050448
Wbc3PutCyQ,-1,0.0
ZF93vyH9He,-1,0.0
vOAtjgCAAO,8,1.0
RyYDCQ2ilV,0,0.8720154048701761
gHeMLGEVJz,0,0.930473675980846
XxR70zr9Sf,5,1.0
GqzMEkVp2i,4,1.0
1CqEAuRzHc,0,1.0
jDJUjqUies,-1,0.0
aaRYsPAcuE,3,0.510720755408005
rbYPITgH4Z,0,0.3871402087515422
te2RsWcyQp,0,0.5693187140089033
iD2OqoCs4D,24,0.6244910983064272
iEtCCt6FjP,-1,0.0
Cldpn7H3NN,-1,0.0
x9vcgXmRD0,-1,0.0
zhCv5uZ8bh,6,0.7760895923126558
zLkpt30ngy,8,1.0
Ro1a0MTRq5,0,1.0
kRZVz1qEqa,0,0.7000553322417111
kAuckbcMvi,-1,0.0
I3Ep3gQUaw,-1,0.0
5szmKUMhB7,10,0.9162645434517752
mPOQZMBKaN,14,0.7794340637782352
B9Aj2aWLKi,-1,0.0
hJKDwf32Xu,0,0.8074112614939007
LP4Q7tPMbs,-1,0.0
CdkFnJSG4G,-1,0.0
goNuX2kQzd,0,1.0
1qKUVyymXs,0,0.948294293173516
jTUIo4Kl6u,-1,0.0
L73CiyZvNy,-1,0.0
wztnOaiNz7,11,0.6149212729289197
2hgHyoyVWj,0,0.8888260512232348
CHN4HG9R5e,18,0.7863059467608405
zho5kN8jTn,3,0.510720755408005
y9LHDCKeeN,0,1.0
20JDhbJqn3,27,1.0
45bQUVXmwl,0,0.6371798237227025
RTjr4DnS79,18,1.0
UPxyTg7dTL,-1,0.0
XsQNqRdcdh,-1,0.0
xvsPQuUHef,0,1.0
JsNUE84Hxi,0,0.9423162682737208
LwPjJHVWSn,-1,0.0
7AGXSlXcK6,0,0.2085167023489483
ppKDXf55lY,0,0.7188786826269813
SoPSI570Ap,-1,0.0
Z5pd8iHP2q,0,0.4702378160617868
me2vIZfgQf,20,0.2944901213748723
vHTkg57tPW,0,0.6709842433212375
MdqirFiD38,-1,0.0
fru52tkjHf,0,0.4935381601464281
QrARiRYatf,0,1.0
gUPGGCM4WH,-1,0.0
mQOaC3uH2r,-1,0.0
YtsX7irxbq,5,0.6249775151396024
xud9JYzgSp,25,1.0
418UYQKGqB,6,1.0
RjN1LYymST,-1,0.0
1GIQOV3NAj,-1,0.0
BND9CutZf6,1,1.0
VV1HfpDCF1,0,1.0
r1Bx58M6It,0,0.4702378160617868
snWG3KVTQJ,0,1.0
QjmRIgTcU8,-1,0.0
58Vr1KOWG9,-1,0.0
Ew8bJkSt3g,0,0.4777284493540559
yl9LxRL5tj,1,1.0
PAYYkls0WD,0,1.0
aPLc1nWWIU,6,1.0
bk1IlSAwxR,0,0.6784310440341628
bYRSuZteeK,0,1.0
FXTg2P8OQz,-1,0.0
zjOXZEXQKZ,15,0.3895006483802893
2zjH76SmiF,-1,0.0
G8wWeZVmla,0,0.3696903095228894
V0gQ8o3wsF,-1,0.0
UJSaY7p53L,-1,0.0
dopfjQFr65,-1,0.0
px1OlCcqkj,-1,0.0
2hiNrfMmQ7,-1,0.0
NFxA2Von7y,27,1.0
RRBve5GwjS,15,1.0
l1L0Yhh6x6,-1,0.0
mor7s1NGBV,-1,0.0
VlvtStQN34,-1,0.0
tmbx9zGVWb,10,0.9162645434517752
yFfWVr2TmZ,-1,0.0
O1yi3lqp97,12,1.0
5YMZfufpfY,0,0.5814879333358198
FthMPOhgfp,0,1.0
GMiC4ccyHn,0,0.6216059625300234
iE0oCRx81h,0,1.0
jzPQRbGkAq,-1,0.0
LWmfHjJnrx,-1,0.0
e0Dn7dg395,-1,0.0
SAbQLqf8XL,-1,0.0
rGMaZkn1ve,-1,0.0
QBjuYL4gAX,0,1.0
MKLcSmSTQI,-1,0.0
6MUgQXkxIC,16,0.8142346862077469
2bgwni6Ber,26,0.3829998916065087
kUzBGEuu7w,0,0.6724642657619017
oXSkzIXgbk,-1,0.0
yg1yfaKolw,8,1.0
jR1lvwexLt,21,0.348137190700417
KzU33wR875,0,0.421468626103916
GcjpjIHDZn,-1,0.0
Orpf8yDjdj,-1,0.0
iehVIoSDzu,22,1.0
i9BjNoVjub,0,0.2967657330166909
s6k9l5yX8e,0,0.4822699135282196
X2xLfqX24x,0,1.0
o8F5lNOTG6,-1,0.0
b6SWqFEOSF,4,0.3424543441885645
QVheAhJefR,-1,0.0
cZVYswQQMt,-1,0.0
CwVQGaF5A6,16,1.0
x0i7wvRLHK,-1,0.0
lbjKWBzK9k,0,0.9719436484281178
gAddPMjmUc,0,0.6853432313587319
iufaoO4OLH,3,1.0
JPogehP8By,0,1.0
NzPwDutzz8,0,0.763336356146478
RbdLnwEEjk,20,0.9527733231338834
SptbUlfhJg,20,0.1024857392568651
tRXt10xKc5,-1,0.0
3fDypdR4VN,0,1.0
yfcpdY4gMP,0,1.0
N3UNXzWRRG,-1,0.0
X3zarVyJ5B,9,1.0
GStPx9lQEL,0,0.2967657330166909
AIlaBrwwJO,1,1.0
bt2vhIphJ0,0,0.2673813147671151
4qE0rnS93Z,-1,0.0
dC5TWysDsZ,14,1.0
RoVS9vmpd2,-1,0.0
kzdLY8C8oa,0,0.3435479829224329
v8InI8hobW,-1,0.0
Qkhfgo5gw1,0,1.0
pe92NSPLE8,-1,0.0
CrdrVdXCui,-1,0.0
mOWpnUPLQy,-1,0.0
FeUGQ6AiKR,0,0.8625334960347415
kZahfVKYbl,-1,0.0
5cgm5dV5hr,9,1.0
hyolWgWWyg,-1,0.0
nLWhcCs9Dp,0,0.4839456125165732
dY3u3SSLzo,11,1.0
17O8DqToyr,17,0.8414960262160762
vsLS698sBi,-1,0.0
p2EycV4XOa,-1,0.0
yK4Xu7DDd6,0,0.4271469294214655
RhRLbCt7MS,-1,0.0
PlcH6HJku4,16,1.0
BL5r7hu9GD,9,1.0
qYSgnmT3dp,0,0.7861138195065374
IupCqXiiOE,-1,0.0
9odue1eopm,0,1.0
7DY7kB8wyZ,-1,0.0
DBybUx7ARy,0,1.0
rEUbDhWaXh,-1,0.0
6r2acwubHf,1,1.0
zl4FR39Ibh,0,0.6724490800566599
0BVrpXMr5Y,27,1.0
8GjSf9Rh7Z,-1,0.0
QQqDBRRslp,-1,0.0
9GN5Jsa3lv,-1,0.0
X7ak8ohJPg,-1,0.0
hg5UGeAr1Q,25,1.0
BirE0jYKt0,0,1.0
DorAT49sxj,-1,0.0
dsUK4Xql8Z,0,0.9789915321927384
zo4zYTR8vn,-1,0.0
waHF2ekuf2,-1,0.0
SkZUo6Xg61,0,0.9037412126904312
iErudB83TM,-1,0.0
yf8O4xEB4T,-1,0.0
8an1xVyKxS,0,0.9799008597874954
oh2MpJHGHW,-1,0.0
3aFwsZxM5H,0,0.2051080023422265
sYfIpZzojf,0,0.9253896463951512
QSK8VqiijI,1,0.9738492354702604
tJk7czcEIK,-1,0.0
BpSGN4pErp,0,0.2967657330166909
zlMupLoKRf,3,0.3755760417787219
RBWnyDEBKf,5,0.7984920177310423
vAT2xlaWJY,0,1.0
XR30K9zxFm,0,1.0
KoVKLxn3Nb,-1,0.0
P4xaLYXBRe,-1,0.0
GjkuXI7hX7,8,0.6094740232743817
4FyNdd2b5S,-1,0.0
yslRXs9gcJ,-1,0.0
MpJkAzwUtl,9,1.0
QL3J1fyAFv,-1,0.0
7AwFJzgIUW,6,1.0
jusQeCotOF,12,0.2740497742146596
sGY0TisiMB,13,0.6110157225406658
gfX1nqBKtu,0,0.978586262692808
55Lv1unlUL,-1,0.0
qfP6IDxOrA,-1,0.0
1Qo6DzdPOG,1,1.0
wQfO6aEgbE,0,0.7848292022226258
yvGnOqy0Zf,1,1.0
guZBnsKPsw,0,1.0
NCslwlWjqB,0,0.7576400755797886
se37NUHCd4,0,0.8400422140651326
M1b7IuY6Co,-1,0.0
NCzNOKjKnD,6,1.0
37b23mxKH8,17,1.0
d6UV0UNgn9,7,1.0
wEVqNPwG1i,1,1.0
lcUpF96w7Z,-1,0.0
Lq1qoP4Kwt,0,0.8632285163550036
lSLSzYuyfX,-1,0.0
vFLrQgI6MW,-1,0.0
PceO8Cvvlj,4,0.4087085188020322
kWZRLR7w52,17,0.6792218450261374
8e5SJJ1cjY,-1,0.0
2M5dTDdGxl,-1,0.0
5Yy2E8VWMY,13,0.0566624523413868
cmN8Wbvanr,-1,0.0
MfBw0dlBfi,-1,0.0
xs5aoDH3HX,9,0.7897294681594283
F7BpMMN01x,0,1.0
3pF7rt9fQM,0,1.0
sbvLts2HqR,0,1.0
ixOpURt7wC,-1,0.0
kMIhNcIZGb,0,0.4166305877222422
MykdD1wZDV,0,0.5534666285428641
obwRcksFZw,0,0.8490197464247179
W5Ht05jF4c,0,0.7861138195065374
Gppo2JImHs,27,1.0
PJrvX7Jz2c,1,1.0
8OvST1bejm,0,1.0
O8g0PpUoa1,-1,0.0
Km8P3gtJzO,0,0.1182274023467162
Dk2qprCnu8,0,0.5471333491350863
VZQ04Ojhu5,-1,0.0
oDA6t2RaFC,0,1.0
x0KcjteNds,-1,0.0
pKg5zKIEuV,19,1.0
IyMoawG676,-1,0.0
N5vXT7AGuo,-1,0.0
MY4KpJt3LM,-1,0.0
KN2UMEvUOb,-1,0.0
GPTI9GNAYH,-1,0.0
o0JSYq1TQ4,0,1.0
dH8mKmvADv,5,0.4705398837251315
iZy3ZgoHrD,0,1.0
Yw9TdHy18N,0,0.9501702844856988
To7Rs2wsTd,0,1.0
4oYxzssbVg,0,0.7099427754898413
9CMUyo2xpO,0,0.4860700716845366
SPrb3ZH7hZ,-1,0.0
IAGbhDARZd,1,1.0
E9EwDc45f8,-1,0.0
b7waOsMnq8,4,0.2434690685488126
YqzAsStE6n,0,0.5998250072152237
rew03VaNUJ,17,1.0
vATe64ktAo,1,1.0
d6lIOnvOX2,0,0.6380696558295068
qGYim5iYYG,-1,0.0
vMfJM9oBYL,-1,0.0
ENkss6GiKG,-1,0.0
KvWGmvuuKR,-1,0.0
d1dL1ymD6N,0,0.8888260512232348
eiLzaZqXas,0,0.475008526384172
zQK6IluJi3,-1,0.0
xmYT1JqVpj,-1,0.0
dtsYpcJr1R,-1,0.0
i3sWs5614Y,1,1.0
Z01gNsO9SW,-1,0.0
qAggjeV2JO,-1,0.0
e2hlcfECdu,0,0.6037226390813443
Wlw8jkGscY,0,1.0
GoFYIRUVAz,0,0.5693187140089033
ceTeM2Xl1n,0,0.473753535039595
BEYzDKMEhX,-1,0.0
7Eh2SK6Mo7,0,1.0
nJq5z21eUk,20,1.0
q7hoTSbV1t,5,0.7207706689716169
MHGViOjZ27,-1,0.0
i8IqEzpHaJ,-1,0.0
TkEdQv0bXB,-1,0.0
ygNaCTGUwJ,16,1.0
aSfBbhUJAa,-1,0.0
Sct4sajCi6,0,0.597960342227822
pGRjDetCDM,-1,0.0
VkSd42HWil,12,1.0
Ey0mro4vJ6,0,0.9731706917391574
DcpUkPHRJw,-1,0.0
y9zhXirhCa,0,0.8668460476564274
ltOnam1gY7,0,0.916420818490885
OixkI1jSZD,0,0.94764095241527
8fECf5YbJY,-1,0.0
CH76rSKWZr,0,1.0
zSrb8rtH9M,-1,0.0
T85ADT8a2y,13,0.1227739873604295
eJkkWbe18D,0,0.6599854537173897
kjWB8iaO3l,-1,0.0
UpzRoxVbQD,-1,0.0
iBLAYaEKdL,-1,0.0
X5B2yTT97A,-1,0.0
gxgPjFjGmd,0,1.0
ZtXT584LrT,-1,0.0
M8zmlixh9y,14,0.6325772339395109
TtHvmhjNui,2,1.0
tmLsEYtg1K,0,0.8047530290679088
MO4U4mg0oT,0,0.8284226432747532
D1PeGJtVEu,-1,0.0
XQ87Vo9GIz,0,0.4843915519756992
IFQBrEAuQ6,11,1.0
fhuqIxoPcr,0,1.0
IPxOoU8aqt,12,0.8532539635104741
gioV0q55AJ,0,0.2921668594720221
wdyOwMISSR,0,0.978586262692808
BZSTC2RMEd,-1,0.0
cuhQZdh2Oq,-1,0.0
fxxMReBRhi,1,1.0
PPcM4cWgbp,-1,0.0
WQb0YrFl3H,-1,0.0
zNLlglSOwD,-1,0.0
Tk5nQnTGmP,-1,0.0
e8R0ytPhLv,0,0.4626717247638933
QWHArest6b,0,0.552159732713261
5sgK63Zshg,-1,0.0
LZrRvYBqsJ,0,1.0
WWa5x1WnEw,-1,0.0
Xx0cJGXU7n,0,0.9234094223968128
L5VPvuPMKs,1,0.5523150012766951
TIbQixHEFD,0,1.0
TFidSatsOC,-1,0.0
K3xaVpSHkV,0,1.0
7cPDOBWTbM,0,0.8713839876419048
baBhSzaSHI,-1,0.0
EBHZNmygTT,9,1.0
fz1mm2EsQ9,-1,0.0
xNUNxRj2vJ,-1,0.0
gb2wOj7V74,5,1.0
oG1CIBWQ77,0,1.0
D4j2K5lknb,0,0.5808933972521866
Gxw10T7uOm,0,0.4921507933835418
UORjUcFmrn,0,1.0
Ep4mYI7OLF,4,0.5882638546397388
aYd4wSCle4,0,1.0
BuYtcTUMyA,0,1.0
9vKJyCUfMH,-1,0.0
kxv0M6I7Ud,-1,0.0
mmAVwmJgCP,0,0.4763664420229529
SbGtQpm2vP,0,1.0
d4eAHgIttM,-1,0.0
TeocEZCWnr,0,0.9311413697757138
ZeFMtRBy4Z,2,1.0
xwqTt26NJf,0,0.7861138195065374
y7ahj9RoXQ,-1,0.0
sdK5Ufoo2d,3,0.3755760417787219
kW2u5szHb6,-1,0.0
mJEBhuCim2,-1,0.0
NBNwoHfMyf,0,0.9998359889089908
4Qe2Hga43N,-1,0.0
cRKLbmU4dT,0,0.3847421058099273
vS1M06Px6u,-1,0.0
D8nHwexHNv,0,0.978586262692808
wPdBe9zxNr,0,0.9581735304092576
ccPts3Df2q,8,1.0
RmqWt1btxQ,-1,0.0
7VkFMKBVVp,-1,0.0
gggvYyiYam,-1,0.0
T98sh6P0Vm,0,1.0
R42O6v84cX,9,0.4717209941566215
YTk1kATzOd,-1,0.0
CF6qEI6rH0,0,0.6557381136832747
S2fswKCN9T,0,1.0
btm5Z5Vu8G,-1,0.0
jIQycAt6aU,-1,0.0
p58mKXaeWC,-1,0.0
QCB4wfDqQ9,0,0.9707945765688982
1PvMSoKvZG,-1,0.0
Ve693NkzcU,0,0.8299006239064277
McPNQEDEZE,0,0.5145966954091161
3dsOpH1xHK,-1,0.0
im3FJ6quii,-1,0.0
BiEwLgytGu,-1,0.0
MhOhzdjK0e,-1,0.0
kN0YHWGDPH,0,1.0
lu4cGylISh,10,0.7397270960582963
PAIVwOaAnq,8,1.0
v6Oo0zO2oA,0,1.0
vf2GHcxzMV,0,0.5969326872684045
3p06mDUV5O,0,0.9227091115549344
G8WnkCYEZ6,4,0.666617497629887
oo9IrVWcFL,-1,0.0
FgjcLXIUjr,-1,0.0
vLYpKbZBkD,0,0.8674046889304291
zhOUfuOIzA,-1,0.0
wbZCBBrq3W,0,0.932812669320886
5J4IpiMKkq,0,1.0
XQrGTggLvT,-1,0.0
Pa5pKAeAO7,0,1.0
XdwPWKbxd9,-1,0.0
ZbLeNBiCiQ,3,0.4447987662758837
pOJBw1YQgL,-1,0.0
uvyr9bYwL6,0,1.0
QSLlPljXxz,-1,0.0
IKVkpjSJzJ,0,0.9224361481239064
ExVMnClnrM,0,0.9837477716751528
14B5d6NEaH,-1,0.0
quY3zRPalR,0,0.8167453565301176
eGfi5k7RP6,-1,0.0
f6AYwCvynr,0,1.0
4jgsUhWWaF,2,0.9742770790394216
fohuurA03P,0,0.94175634272569
AUs0rScwK0,4,1.0
kdHz4y1ADc,-1,0.0
V1FlwrsseI,-1,0.0
YTbLri0siT,0,0.425121815491244
hTZ0SJCGQX,-1,0.0
chYXaetMmz,-1,0.0
5UtsjOGsDx,0,1.0
Xpi0LpWbvF,-1,0.0
V8HhrBSsEn,1,1.0
DwZD97uHgm,0,1.0
mmIAp3cVS0,0,0.9323093187361
36cKp4tsHF,0,1.0
4qPAOYjSlx,1,1.0
n8AvXKcCeR,0,0.4702378160617868
hMlUGoMsEK,0,1.0
AiZxn84Wdo,-1,0.0
Qq9okO8fbB,-1,0.0
Sv1b20eCnL,6,1.0
xlDmm4r98R,-1,0.0
ugaepulZyA,-1,0.0
AJJ5fBB7JY,-1,0.0
nwlX15Wnr9,0,0.2912392067870237
AAXMcAyNF6,8,1.0
yRxXTdElLv,0,0.7447699263447413
FxyG5xHjxb,0,0.8634263355077902
pydeKTMrJr,4,0.1618855272543707
dfcQFL89OM,3,0.4061893995114599
afZ1JeJjYj,0,0.6748578609690199
DCc4OyNX8A,0,1.0
krF62hkrfR,-1,0.0
c6CAVKlKmU,-1,0.0
mt5knCQyq0,0,0.5634850199859414
JPjMXgQQxk,10,0.7408084076429595
Z7eXOBcxE9,6,0.4662427020686977
Y0LHrY3x1S,8,1.0
aYRNINhNGV,0,1.0
G7CiAs8xyw,-1,0.0
epIGnGgcKD,0,0.2227891134230817
b2IU6QOOfo,7,0.9687930662392414
JvHif4fyeP,-1,0.0
N3E1cU8Cv3,0,0.5808933972521866
TPMsCus3r0,-1,0.0
fBNaGVMDD9,-1,0.0
XmV7KRABBl,2,0.8314076698061375
1nWqhiulqD,-1,0.0
i9Vn8vV99g,5,1.0
pDWwz9F7Zh,18,1.0
zKoeRtye8o,-1,0.0
kurEZdWU9G,-1,0.0
Ox3U97Svtl,0,0.6617406826096786
eTmvwxohRx,0,1.0
nn51ewu5k2,0,0.7143512410643373
RpE4HeuX69,20,0.2731426883931567
gCvByDI4FN,-1,0.0
qzbeuaAXBu,-1,0.0
cWn3RXJQ7G,2,1.0
YufSVJxDgt,2,1.0
IBhxvINfxv,0,0.446730899050657
JgtCg08aZk,-1,0.0
pRYGjhirkY,0,0.4501262016187933
0enwkxV3sx,-1,0.0
WXo0DLSaIf,0,1.0
Xuvdo6oMkE,-1,0.0
6zfILEmD3u,-1,0.0
lGyXq0LOeQ,-1,0.0
mHHrnCWwrD,0,1.0
FS3FzdrFZ7,0,1.0
j9kTHUzEDX,0,0.7715186707395776
Hn8z3Ee4Xa,0,1.0
C35FCYZBXp,0,0.9889162915077704
Zb3QO7HLIj,0,1.0
Yyb1Gi8e36,-1,0.0
I8S4ASqO5H,-1,0.0
XQIa0vGIum,1,1.0
NnRQOPzL9P,-1,0.0
4uy6GI3vzo,0,0.9977774584771296
wTxh9bKSXh,25,1.0
aI3Oacoyi6,0,0.3043503068437916
JML6Zi5J0s,10,0.6397637595774361
Nk9QDWOFt8,-1,0.0
wyv81ezGgv,-1,0.0
qF5IrJfJDS,1,0.4571963489588545
VewW9QYUA6,0,0.8284226432747532
hJJnwcvE2M,19,1.0
p4jKtPCcUh,-1,0.0
yzl5tL0Z2M,-1,0.0
krG6UHAvYr,-1,0.0
M5GLj4Fgvp,5,1.0
9z6ZzeKqPC,0,0.9247380063421972
cQxLCVa9u7,-1,0.0
16BGOheRzm,0,0.2673813147671151
rXFzVRZsbt,0,1.0
Gsi42ohBoM,8,1.0
Fndac67aQH,-1,0.0
gA3fFAEXNT,0,0.95744773273979
cCYUFaR6En,-1,0.0
AlSHcopwHi,21,0.5452669089147494
sJd4DpYOis,-1,0.0
86IvZmY26S,-1,0.0
8W8SRZIpJP,15,1.0
YEYOkWtkMm,7,0.9383131487929378
Fj2kyLs6G5,2,1.0
J76cCYTJub,0,1.0
cf4etwjY7n,-1,0.0
HdY8CCHife,0,0.4287842760130372
T52hZeT7rn,0,0.906448924521132
7F61opnmRi,1,0.9210697622384884
nG0URHBvFW,-1,0.0
6FEpFCqH7o,4,0.2805424958798861
MR7Fn23hSE,5,0.3485780335354113
r8zHRmM4uE,0,0.6382308299433218
tyERwC5520,1,1.0
Qq19n9LZ97,-1,0.0
My72tmxg6t,-1,0.0
BpwIPxSSdb,0,0.5460151953839522
7Ck1qqojSL,0,0.6599854537173897
KxoPiQ03BT,0,0.9244444421913014
RwfrdKSgCE,-1,0.0
CCbXvvcdF9,-1,0.0
jHdZKRiOp8,-1,0.0
B5fFInNlhZ,0,0.2850451627416452
8owMKkQIy0,3,0.4595445638455838
VIP5mV8x0b,-1,0.0
R0dC7Xzwbk,-1,0.0
9xto7V7oqi,1,1.0
fSPRy5uw0R,9,0.8613604861838442
UX143QGvb8,3,0.3518089290370358
H2m4chAfig,2,0.9999066633562936
EdP45Yxdc3,-1,0.0
4JLZsmWBJf,-1,0.0
b7bOWd3kUL,0,0.7210014871230673
VcJTTVoysQ,0,1.0
jTBxyQempF,0,0.8132240795931533
DfHcKzmHpp,-1,0.0
s4LnWgjacg,-1,0.0
SYKwGnik3w,-1,0.0
JSSvYZKvL8,-1,0.0
oeWgBOowL6,0,1.0
lg51XnHt2H,-1,0.0
JV6ZOUb7BD,0,1.0
jkCH6iwFZm,0,1.0
WBcBhT1NKO,0,0.9227091115549344
2YxtR50mho,-1,0.0
phC2nmJywQ,0,0.73882922753378
eK61hWzAAl,0,0.9995640709522352
pY65QWWFlm,0,1.0
hVdD72iom4,20,1.0
LBo4e6Y7Zg,-1,0.0
gOwqPdBlRB,0,1.0
LDkyhsiCZQ,15,0.1062947620942627
jYAdfwVGZw,16,0.4986933259335463
w1gMJMbRxG,-1,0.0
XdCglv7Um7,5,0.3494054797742452
Uu7UGn5i2A,1,1.0
6QjgmXRItM,0,1.0
0r4yzkvt9j,0,1.0
YHU7ZGomO1,-1,0.0
8P3QNSckMp,0,1.0
6LIbPoVFWS,-1,0.0
TfCXLp0Jgo,0,0.5798777424168966
IHZngJNasX,-1,0.0
2Xn8h68mP3,0,0.6191892891801501
2Ke2B4zps8,-1,0.0
1ix6MGV2fz,0,0.2673813147671151
3pix9mTbTI,1,1.0
3P3PL7aCXM,8,0.7004820623693485
FWWZgavvBe,3,0.3975815164965263
3jjeQNeCsl,-1,0.0
PRCizVyL1K,-1,0.0
nsE0QN904q,6,1.0
MVlKSYR7HX,18,0.3685243773210714
QynKUq9X3L,19,1.0
fYjF9KIJd5,-1,0.0
XyCDB1Uiqa,0,0.6154267621157993
ODgWBaErst,-1,0.0
tM4cHBD7kD,-1,0.0
D7zMB5uEHw,-1,0.0
8ZiElzQxf1,27,1.0
pEUBqS8nTk,-1,0.0
nzu03J5hW5,-1,0.0
F9SSJLg55j,-1,0.0
bAZilxOZEp,-1,0.0
2VX79YLT9s,-1,0.0
QNXWTA7PZS,-1,0.0
GCwJd0JH5k,-1,0.0
2zHrRV4J1O,1,1.0
aq9Nc5NvNc,-1,0.0
1Imp4KZyjA,0,0.7367906460529923
BOEZYnC8nR,0,0.8302197107736738
ayjmOqf79t,2,1.0
d2EouMhAAq,0,0.6761261132053306
xpY3C8HxNh,-1,0.0
DWf4vroKWJ,-1,0.0
G34xkRFiUn,0,1.0
5xPvWat3IX,0,1.0
RVkuARTXet,0,0.8844246871609344
0pbUfmwNTy,-1,0.0
JMtVNZ8Np7,-1,0.0
ztVk8XNffY,0,1.0
LSCAG7LPz4,0,0.7367906460529923
YdggdEL41C,-1,0.0
FDruZlKWUb,-1,0.0
eg4AmZVVPO,0,1.0
2nIAtsUC27,0,1.0
ToMjBgXwhw,0,0.7848292022226258
3kmbucBZPA,8,1.0
BpufPXvSdb,-1,0.0
oYIXUwmNig,0,0.3844335084285128
jMhRbV47pS,0,1.0
elfvik1mkg,-1,0.0
9FvWYqcNLa,23,1.0
VZQSrNfNHd,0,0.9496092247450546
oVLNtTT2l4,7,1.0
kGlrPZuHPq,0,1.0
zvYxXhlQHM,-1,0.0
95z3psF9zJ,3,1.0
TaURJrZcjJ,-1,0.0
M3zxsDL2Rk,-1,0.0
B6bE2GC71a,-1,0.0
GrDEV4InKZ,0,1.0
tXxsCbKdQv,-1,0.0
4MvqmXnCEr,5,0.4958069481515404
XPe55Uffd7,0,1.0
f6aOPkGE8L,-1,0.0
DIjRvEKOeG,-1,0.0
dbq6NZfi3c,-1,0.0
TRHT8ksdUQ,-1,0.0
CmKar1zptJ,-1,0.0
9jONuWKoLj,0,0.5542698198617656
SXCjvhEQZO,13,1.0
un1TRwNgiv,0,1.0
3BTqvtwZYY,12,0.3944802438546868
qmbG6u7DK0,1,0.9210697622384884
yh1t1yFtXG,10,0.7726523119227642
mE74JKHTCE,0,1.0
AlcMfjenRb,7,0.7546712306532226
Bqui2s3xFi,-1,0.0
wI6oHXeTR8,-1,0.0
3cYcUmcDhU,-1,0.0
8Z3KnaYtw9,10,0.5623163308787582
LbNL8xGai2,0,0.8888260512232348
FQbkBcpcvA,-1,0.0
6gJ2ZykQ5W,-1,0.0
xRb0taq0pD,13,1.0
8ftsTxZOLQ,0,1.0
crPlJvwHhS,0,0.566689132759423
OFz4VDn0SO,0,0.9650999732250448
VN5bMTfSZS,-1,0.0
pH3daDPj4c,-1,0.0
supy1n4Tev,-1,0.0
WI8rrwYJdT,0,1.0
LamTzqRHvL,-1,0.0
0ZnXGzLcOg,4,0.9117156843737588
PboL38rBrR,0,1.0
BlLAmMFEzJ,10,0.8371037900093439
zbucdbZ0fU,0,1.0
C2fJE8t0lH,0,0.5867251051922985
vqXWCC0aUG,-1,0.0
53q9BObBnk,0,0.8037698060659165
mImUMLEpdf,4,0.7135235615622465
5h9mS87Pyt,-1,0.0
Xpi6YxNSiI,14,1.0
wpkmEV57YT,-1,0.0
TiE8aTc3Zg,19,0.4121008951748017
vbn7VvloTd,-1,0.0
EpgMSwJY8t,0,1.0
JbvSQm5h1l,-1,0.0
t3NzYXXICp,-1,0.0
Oo9KXaM6Mu,-1,0.0
QWQB1ReBkJ,0,0.5676884899129063
smdbra3VEi,-1,0.0
YS0a4YpQ1C,1,1.0
XxRKqFsvoK,0,0.5814879333358198
5P5YgohyBZ,8,1.0
rVyBrD8h2b,0,0.4799694471302718
S43003uMGq,0,0.978586262692808
wZPAnkQ5q5,0,0.9181342485540216
EkoAKNikAj,-1,0.0
MZ25Rt5DiP,4,0.2309632960910687
9lASMulFUj,1,1.0
sEjp1MGMDZ,-1,0.0
aqgLyQOECN,2,0.6541172071277697
kgmyjyDFrx,-1,0.0
w22e5MrS4X,7,0.5122650844047504
gPPPfwU4jj,1,1.0
bFlE9AyEJY,0,0.7939448664303708
xtKNbPTnMA,0,0.819036049842625
24wDPGiDzA,0,0.6327996600108391
Z3OtNSwuXX,1,0.943568262583081
yGOytgjurF,-1,0.0
GdrBPyUNPL,-1,0.0
p8HwGym5EH,-1,0.0
9osvTOYbT4,-1,0.0
IUhOGH0WiL,8,1.0
Qr0YbuilFb,0,1.0
Gvex75bPMI,0,0.8905899399843751
3MiADMHY62,0,0.8071829050213605
ckq032sarb,1,1.0
7AMriz7I3K,0,0.5808933972521866
D0YNbanYfB,-1,0.0
bEP87LNTfX,0,0.7367906460529923
mG9xItYI0D,0,1.0
t94tALZvZE,-1,0.0
MLprqOvAAK,-1,0.0
2TKEGTfQBd,-1,0.0
qbVbZWxUib,0,0.4777284493540559
uRJ8WAJxHC,-1,0.0
ARJpQtLXfe,-1,0.0
FT6VHWYdvd,0,0.9035461201268512
xj0DXLQZCS,-1,0.0
YeZnsJzjii,-1,0.0
GEzd5K5s5u,0,0.6835769309649303
vM4PIjsJDG,19,1.0
tdwRIP6NG2,-1,0.0
FmUa6bKscB,-1,0.0
p3z75I8lVq,0,0.6375916519905943
fYW1PKawwJ,-1,0.0
QaZxGWlbgO,0,0.6455777512306463
2D4TuZyNnr,0,1.0
pQ8DeHXKMh,-1,0.0
BCWQ5w9aGd,0,0.697446652228278
x7EjzpW5XC,0,0.1897282022323151
ymmY3rrD1t,0,0.5363676718416903
DZnBoIAy4V,0,0.4560309587791058
A7WfzMiffv,0,0.2673813147671151
AzOUIMzDxC,25,1.0
HK96GI5s7G,-1,0.0
48L3BEtH8w,1,1.0
lDh9wSb9nP,-1,0.0
uAegI6Hh6G,0,0.461876711507617
1iSnpztjbD,0,0.5294793340817925
Z4hi1a9FsB,0,0.602236160333624
7cqKVDgFZQ,-1,0.0
OaNbl9b56B,3,0.9411291783725654
LSrpJkynU2,-1,0.0
nWO8SkQYqJ,-1,0.0
004uTlSufe,4,0.7227827481897957
B4NT8TexNS,4,0.2953509764643268
DOb47fj0cl,0,1.0
gwT1GOKiaO,0,1.0
szBFUtBzWP,-1,0.0
rMhQBlhh4c,0,0.6473740763702195
VymXLPX6Ps,22,1.0
ecqTSIMR2o,-1,0.0
wh3p37VYm2,5,0.5568999526558446
nfhmjdZUbQ,0,0.8400422140651326
9QyNYxKeKr,0,1.0
FXWwYz1p8a,0,0.5339445175863069
mOYGK7Hw9Y,3,1.0
VUbwLjLkws,-1,0.0
82r0lqYIWg,0,0.8865388718032666
1amnhVRQ3l,0,0.9486924307538224
DrUR87D4Hj,-1,0.0
5LJoDO9qYt,0,0.2967657330166909
uc1js1lBlB,0,0.5361274519934967
kITPSoTBUo,6,0.3930156114665331
GDdGGXF4Kg,-1,0.0
To2fQWv0zP,25,1.0
sw0bT4z9FN,0,1.0
6h9Q6MMqen,-1,0.0
Mat9FTfiYD,-1,0.0
7DDmAHXWmi,0,0.2936141962107109
kND7h1kD53,-1,0.0
Vqj65VeDOu,-1,0.0
HF5A73jmxq,0,0.9015074616287496
cNMYAzhdn5,1,1.0
ftVlLG9cks,0,1.0
MnWWHumqMc,5,0.7409147325584394
bHCB8H90aZ,-1,0.0
Pi1ON44YFP,-1,0.0
s3TvewYDKk,-1,0.0
ACagRwCCqu,0,0.5766983889329822
0GvEaa9prl,-1,0.0
Qh458ZamHm,0,1.0
A2DJCgmWI5,0,1.0
nK5WovvHk2,-1,0.0
7Spt8cAJq0,0,0.8523769193367848
N2bLuwofZ0,0,1.0
hvaEMv4MVD,1,1.0
q3CU6ltlqE,0,1.0
oedSIxYWql,0,0.8087055853211309
SGnZhRp3al,-1,0.0
tAq9Gxdhr0,0,0.2335971919509771
X8C20fJXtx,0,1.0
kHLEYGI9x9,-1,0.0
CQBiYvXLgz,1,1.0
9StiSCqeRw,-1,0.0
mGEPbyJ8OT,0,1.0
hguaupzLCU,0,1.0
QKo4c3LAz3,0,1.0
MyCKtV9CpR,-1,0.0
XX7XpzSMHd,7,0.6116033702207919
VYdzGigCBC,16,1.0
sa6icF1Mnd,13,0.9650622002886128
eIf9GNcA5n,0,1.0
LrIRYbn3Rn,-1,0.0
nGQLYn13Xf,-1,0.0
k5ekIwvmYA,0,0.765936587883607
q8oLLyA34Q,0,0.5041141063614253
BOiQ7Kd5Lx,-1,0.0
V7RRnsAlbY,-1,0.0
F0JzotXYgC,11,1.0
R9MUFuXG2o,-1,0.0
wtYcS4kxpF,0,0.7220282388847744
aTBM5j3oyA,26,1.0
hFxOZjHyTg,0,0.6468601183098777
0KAdFd5zku,0,0.1686257062561708
5xdbWUdM87,0,0.9005695755473964
4n7IifN7yr,0,1.0
L1m5124sNQ,-1,0.0
KQTp6ljvlo,-1,0.0
a49F7EAm6l,0,0.8715296842901483
t49olghJ3w,-1,0.0
43C31u7nxV,0,0.7838171674398031
Di5apl8HSH,0,0.533200478474558
yZy6f3icew,-1,0.0
c9EAmyYPOv,0,0.8000542244335406
fTkBZLxBzV,-1,0.0
cZzA2Z0ehX,2,0.6759679189215082
oYR9qQIR3f,-1,0.0
14ZMESMh5V,0,0.7433831049259978
8JLpE8YnjD,6,0.420563934825254
BNpIO5iYGc,0,0.843056213738316
gnRgO4ZHrN,13,1.0
qO7j8ymv5I,0,0.4465463098626661
ysgt21bQAM,0,1.0
6tOKqqiyWE,-1,0.0
TSd6GrXTFW,-1,0.0
6QJZDAIhfk,0,0.6093593314053766
Nbj1GFCKB3,0,0.9496092247450546
t0cpjJxj1s,5,0.4293463411916419
3Swbyx5E7U,16,0.9913556694295752
cGks3s79hW,2,0.9589187485467908
cJlgdpEFx9,-1,0.0
aPPnmuuNhx,0,0.9496092247450546
8wWHCzsTxS,1,0.2418016349101419
dRjt4vlYVQ,-1,0.0
BSZqpqgqM0,0,0.7861138195065374
hZt0daVIZi,-1,0.0
ewP2Gx85wb,26,1.0
B5UvFCiisp,0,1.0
2oRz0NNOQQ,0,1.0
xIH95kXNR2,0,0.6957794238756587
Y0hymKkn2a,0,1.0
j0D69KmUYQ,23,1.0
Zd6VyjmN1S,-1,0.0
6ZkcC9NmGU,0,1.0
RZp2YKtg4q,2,1.0
I4PJYZvfW5,-1,0.0
a1fWrvr72O,0,0.9412932882565076
2K9QsDaqkM,0,1.0
EPDLFWyNnF,0,0.562356158654953
wvcYIEaD5X,0,1.0
SkAY3KHKn2,0,0.2070994781570493
sce9lLS3Gn,0,0.9998374172782872
qTUZJUXt0J,0,0.7176066533755973
zprMrpiLgT,-1,0.0
vbFZlM7nRK,-1,0.0
o9iTaY21mq,0,0.7620972327367331
4NaW9mbTqq,-1,0.0
VoFXUNc9Zh,0,0.9843295581351194
UE0cxjNnIw,0,1.0
ny6YPsXCOY,0,0.94939931909453
lMhNrt0Bnm,0,1.0
xpVkYQofw9,-1,0.0
TcVCu2PKb9,0,1.0
7NEP4jGKwA,0,1.0
OJMLzo8rEX,1,1.0
lB8YNp1YWv,0,0.4560309587791058
eD0lYGQKn0,-1,0.0
a64D9Vl7wK,-1,0.0
tNvvSzS829,0,0.9995917496339304
OtOcVbOT7r,4,0.2181329376687044
QvsDTpf4yF,-1,0.0
ugOn7Pohxv,0,0.5624258623704285
EakfENFVPT,0,1.0
efrFbKYobs,-1,0.0
Dkgx2pS4Ww,-1,0.0
Igq7Dyc3OL,0,0.777282370312306
F1wDPNLvTb,-1,0.0
hNh3V1DXs5,0,0.9188858388344672
E6ZdfjtoiX,-1,0.0
VGB2TV0QUE,0,1.0
gxfusMqPIs,-1,0.0
F11iEhKoYp,-1,0.0
Quo3XadYcZ,-1,0.0
PSaDYAOfvx,0,1.0
L8pbQy0SsG,12,0.3486855819426338
49TFMeqNKd,-1,0.0
fJRuMulPkc,0,1.0
MeawZGFIcT,-1,0.0
FVCxY4dxvs,7,0.4080499603226462
OACw1Fqy6Y,0,1.0
7DyKKOU6HR,10,0.8371037900093439
7mTECPRtll,0,1.0
cuUsD5FJbe,-1,0.0
jSc7HD7mPj,0,0.9959233377710855
4PZMjjElQz,-1,0.0
SbJAGSdLhY,-1,0.0
BG0Hbee5si,-1,0.0
oysfr9yqUI,1,0.2418016349101419
gcrDTxZTl0,-1,0.0
r2GebY4MnU,-1,0.0
b8j0Gbg4N3,-1,0.0
sNTqqdPVSv,26,1.0
W6WC6047X2,-1,0.0
Vzi96rTe4w,9,1.0
HTLa6Ao0jG,0,1.0
Jw5TFF3HkH,-1,0.0
TmU3yfLTsS,0,1.0
0KOfAUiHua,0,1.0
qUnjCEcN6S,1,0.2418016349101419
bTssV4Cnjn,0,0.9961201544626064
cFVQJepi4e,0,0.6599854537173897
OR5WyyTESh,-1,0.0
GaL0ja9ygG,0,0.7202180882640196
VrCdsZBbIg,-1,0.0
DlkM0q4Cvk,-1,0.0
hTGqC1h8Ig,-1,0.0
b6ASJBXtgP,-1,0.0
DOaqwuhEjc,-1,0.0
R1CximX3Cw,0,0.8074112614939007
gcWJyQlFlz,4,0.3518056924774464
CrBRKsP3yT,-1,0.0
tuA2R6gZEA,-1,0.0
xeFZUrJSH7,0,0.4168735392271379
rvRaxhcjc6,-1,0.0
TLCMyeihR9,-1,0.0
mPuOMcN9E7,0,0.9871750210177052
IV6JqdW0BE,-1,0.0
xKmlBQhgI4,1,0.9432857186518266
bmH6UgE1z7,0,0.8528253279006643
w5euaFgNWm,-1,0.0
3FBByWp6GL,-1,0.0
aCPFvEg22L,7,0.6130081290676334
rMQvbxxmLe,0,0.6053748699733703
YIGUv0BZCy,4,0.5248256147769741
jaMPaFDAaZ,18,1.0
2uS2RBE0hv,0,0.9064467758621196
e96KCdEfRu,0,0.5409510012729113
0sUihPtncP,0,1.0
x5KUOlYKQr,16,0.5399144765813225
pjfMwXm61w,-1,0.0
NWP8KYKC0c,-1,0.0
89ZIautowR,0,1.0
lg2rP98oTf,-1,0.0
n6SrVj7I0g,18,1.0
BUkXhMb7ml,-1,0.0
ZUb4JpNoJe,-1,0.0
9tCJHfF6M4,0,1.0
NQIxuYM9TR,0,0.8400422140651326
PWRORdXJN1,0,0.5633888352260386
ZfNeovqQkn,-1,0.0
NXPaQRErIT,-1,0.0
QLQqMndNoL,-1,0.0
Yg5QkFNHnT,0,0.7516470511627522
36uy2GgAy6,4,0.726589641115202
853SwC2dMZ,-1,0.0
dCcWKeO4y4,7,0.5666278280505026
v6kyF3S7dM,-1,0.0
OfMCET0hqJ,-1,0.0
0T8i3uXq3O,0,0.4461872567710329
xOqCKB8XIl,0,0.6659716693416349
WDAKFpWftI,0,0.7270737746078052
w0xm9oG8im,0,0.5808933972521866
71jdC8ti5h,-1,0.0
CIeWaq0JDl,1,0.7505394991309052
vpp3FGNLi6,-1,0.0
hq2CkcEY7h,0,1.0
pdE9onSn2h,-1,0.0
7aYBgYDFhh,-1,0.0
qgi5TfBXBw,0,1.0
SBYCu5uJJf,-1,0.0
cSuPEKNyAo,-1,0.0
z3PMVmzoya,-1,0.0
4KengZ1RNX,0,0.7885595539640778
2h8vXbEufN,0,1.0
7aSBAw7tJf,-1,0.0
pKqLOmF3Lf,-1,0.0
Ib4ZXPXpss,-1,0.0
LSoVMbITbp,-1,0.0
n1hYQmpCSW,-1,0.0
l1n22nHG4A,-1,0.0
GiqeRe1NsY,0,1.0
dRLWcpBQxS,0,0.4518140815476725
eLHIERUitQ,0,1.0
duVF6odtBO,0,1.0
zytITzY4IW,4,0.7445612527636633
86b23oNkg9,-1,0.0
it0kkaFFpK,0,1.0
VS9N6q6b0k,0,1.0
EdpkLRZZvu,-1,0.0
bomqTo3pin,-1,0.0
t6EPMcudln,0,0.8186656181333021
vyxhmosU6E,4,1.0
kXdW2KySK5,0,0.6572719425025951
3k1z56W015,0,0.52227998099258
bLXfEMe1Dk,-1,0.0
rRPyI2h0yN,0,1.0
4KRERpdVDC,2,1.0
wsmP79iuyT,13,0.081066932910296
AWU93F6Bup,0,1.0
zn4F6os6cq,2,1.0
Zapn9l2LMY,0,0.568021164966609
kQWyOYUAC4,-1,0.0
1frqf6iY4v,9,0.3826030802614701
muWdWcMvpW,0,1.0
ezOfR26pGQ,0,1.0
vhzqdxuSB3,0,1.0
AA0qGRIfPn,-1,0.0
uVYqwEgIpE,0,1.0
8s0qknrCVK,-1,0.0
Bitk7yCRXB,-1,0.0
yZzhaHygWW,-1,0.0
6l3llg5ZeO,0,0.2673813147671151
8gr3laSo3P,0,0.6434266763804112
nSAa6BaJtK,-1,0.0
YFQ0Xx5YlW,1,1.0
10s01YrlKp,-1,0.0
0KnZasL9nA,0,1.0
dv6X6sv18b,19,1.0
sYk6ZMmrOz,0,1.0
E16vULI6AF,-1,0.0
Pvoy6fWaRJ,0,0.6718265818279925
Emwu0jyOBg,0,1.0
wmkd9qYty4,25,1.0
aUXiqhLh0S,0,1.0
LqgRi1avf5,-1,0.0
ypVW5jvguX,0,0.5808933972521866
AOe1aUhEQQ,0,1.0
yvGL2HP7pU,9,0.4583453780056359
UQxUhFGUyk,-1,0.0
VMqxRPqdPw,-1,0.0
txmJldjJUw,-1,0.0
1KXST1ksJ2,2,0.5819643035606774
HL1j92hb6z,-1,0.0
OhUu5PlRkF,-1,0.0
27xTIAFbc6,-1,0.0
0owHzJrnB6,-1,0.0
iHXCz8c204,-1,0.0
A0AaeWG5NE,0,0.6827622228400311
cpgCK7LdgU,0,0.5693187140089033
3ln8F2nOuA,0,0.7885595539640778
4OLbpaTKJe,0,1.0
uG8kRtNGEI,-1,0.0
B7lygdSDii,-1,0.0
u4j0LtCYid,-1,0.0
I0hRN2HMeH,17,1.0
oINSSze5gI,1,1.0
YbKdduMtyN,0,0.9557209812692784
hwRVeHkLvO,0,1.0
E8adS5srds,0,0.9616871476251646
PNgG4H3q9D,0,1.0
KfRfTAJpjh,21,1.0
y2eWc6jrlu,0,0.8492160210413643
29LwAgLFpj,5,0.7501992013340396
jlJaRXDzCE,-1,0.0
qJLPlZSdkb,2,0.8632977705793233
QRlVickNdN,21,0.9128179288593296
CVekdZDzLG,0,0.8074112614939007
LOVuux2kvs,-1,0.0
SbhBIkiRLT,0,1.0
KXmDTGKwhy,0,0.9356000308631393
WdL3O58gde,0,1.0
KjKfzItQrt,1,0.2418016349101419
24UJqxw1kv,0,0.8112994760107214
Toy96yYopR,0,0.9496092247450546
ckW70ls93V,-1,0.0
o2agVeHrW4,0,0.8441261404544794
ntOPGmlrkV,0,0.8926342357538247
tQZK5frjVU,-1,0.0
2KKqp7MWJM,8,1.0
nIFFMrDQ5w,0,0.666634736750551
0mOBdNsI3L,-1,0.0
77eEDRhPkQ,0,1.0
pjTbFuv9ET,0,0.7011423728244259
tXqLxHlb8Z,-1,0.0
7wdi1LaocD,9,0.9414392104191736
sJl73HJGNj,23,0.6931655741098789
STKDn1LBam,1,1.0
LjmXrUsSrg,-1,0.0
fGuTN7huo5,-1,0.0
k4wAXbEPD6,0,0.3124668410354025
NhAi1w3s8Z,0,0.7447699263447413
r5tbCL9vAZ,-1,0.0
Grpqzwpwv8,25,1.0
G2kMroO9UV,-1,0.0
TLlFnoPUdB,0,0.9342212169969584
dkXDyM66ce,0,0.7511409296629136
6rpy7X1Of8,19,1.0
3fpYXmBiTY,3,0.7593009610709512
gMi6LHMzDP,-1,0.0
